['Delete', {'use_global': False, 'confirm': False, 'editMode': False}, None, {'tolerance': 10}]
['Add Cylinder', {'radius': 1, 'depth': 2, 'editMode': False}, 'Cylinder', {'tolerance': 10}]
['Add Cylinder', {'action': 'DESELECT', 'editMode': False}, 'Cylinder', {'tolerance': 10}]
['Toggle Edit Mode', {'vertices': {0: [0.0, 1.0, -1.0], 1: [0.0, 1.0, 1.0], 2: [0.19509032368659973, 0.9807852506637573, -1.0], 3: [0.19509032368659973, 0.9807852506637573, 1.0], 4: [0.3826834559440613, 0.9238795042037964, -1.0], 5: [0.3826834559440613, 0.9238795042037964, 1.0], 6: [0.5555702447891235, 0.8314695954322815, -1.0], 7: [0.5555702447891235, 0.8314695954322815, 1.0], 8: [0.7071067690849304, 0.7071067690849304, -1.0], 9: [0.7071067690849304, 0.7071067690849304, 1.0], 10: [0.8314695954322815, 0.5555702447891235, -1.0], 11: [0.8314695954322815, 0.5555702447891235, 1.0], 12: [0.9238795042037964, 0.3826834559440613, -1.0], 13: [0.9238795042037964, 0.3826834559440613, 1.0], 14: [0.9807852506637573, 0.19509032368659973, -1.0], 15: [0.9807852506637573, 0.19509032368659973, 1.0], 16: [1.0, 0.0, -1.0], 17: [1.0, 0.0, 1.0], 18: [0.9807852506637573, -0.19509032368659973, -1.0], 19: [0.9807852506637573, -0.19509032368659973, 1.0], 20: [0.9238795042037964, -0.3826834559440613, -1.0], 21: [0.9238795042037964, -0.3826834559440613, 1.0], 22: [0.8314695954322815, -0.5555702447891235, -1.0], 23: [0.8314695954322815, -0.5555702447891235, 1.0], 24: [0.7071067690849304, -0.7071067690849304, -1.0], 25: [0.7071067690849304, -0.7071067690849304, 1.0], 26: [0.5555702447891235, -0.8314695954322815, -1.0], 27: [0.5555702447891235, -0.8314695954322815, 1.0], 28: [0.3826834559440613, -0.9238795042037964, -1.0], 29: [0.3826834559440613, -0.9238795042037964, 1.0], 30: [0.19509032368659973, -0.9807852506637573, -1.0], 31: [0.19509032368659973, -0.9807852506637573, 1.0], 32: [0.0, -1.0, -1.0], 33: [0.0, -1.0, 1.0], 34: [-0.19509032368659973, -0.9807852506637573, -1.0], 35: [-0.19509032368659973, -0.9807852506637573, 1.0], 36: [-0.3826834559440613, -0.9238795042037964, -1.0], 37: [-0.3826834559440613, -0.9238795042037964, 1.0], 38: [-0.5555702447891235, -0.8314695954322815, -1.0], 39: [-0.5555702447891235, -0.8314695954322815, 1.0], 40: [-0.7071067690849304, -0.7071067690849304, -1.0], 41: [-0.7071067690849304, -0.7071067690849304, 1.0], 42: [-0.8314695954322815, -0.5555702447891235, -1.0], 43: [-0.8314695954322815, -0.5555702447891235, 1.0], 44: [-0.9238795042037964, -0.3826834559440613, -1.0], 45: [-0.9238795042037964, -0.3826834559440613, 1.0], 46: [-0.9807852506637573, -0.19509032368659973, -1.0], 47: [-0.9807852506637573, -0.19509032368659973, 1.0], 48: [-1.0, 0.0, -1.0], 49: [-1.0, 0.0, 1.0], 50: [-0.9807852506637573, 0.19509032368659973, -1.0], 51: [-0.9807852506637573, 0.19509032368659973, 1.0], 52: [-0.9238795042037964, 0.3826834559440613, -1.0], 53: [-0.9238795042037964, 0.3826834559440613, 1.0], 54: [-0.8314695954322815, 0.5555702447891235, -1.0], 55: [-0.8314695954322815, 0.5555702447891235, 1.0], 56: [-0.7071067690849304, 0.7071067690849304, -1.0], 57: [-0.7071067690849304, 0.7071067690849304, 1.0], 58: [-0.5555702447891235, 0.8314695954322815, -1.0], 59: [-0.5555702447891235, 0.8314695954322815, 1.0], 60: [-0.3826834559440613, 0.9238795042037964, -1.0], 61: [-0.3826834559440613, 0.9238795042037964, 1.0], 62: [-0.19509032368659973, 0.9807852506637573, -1.0], 63: [-0.19509032368659973, 0.9807852506637573, 1.0]}, 'faces': {0: [0.09754516184329987, 0.9903926849365234, 0.0], 1: [0.2888869047164917, 0.9523323774337769, 0.0], 2: [0.4691268503665924, 0.8776745200157166, 0.0], 3: [0.6313385367393494, 0.769288182258606, 0.0], 4: [0.769288182258606, 0.6313384771347046, 0.0], 5: [0.8776745796203613, 0.4691268801689148, 0.0], 6: [0.9523323774337769, 0.2888868749141693, 0.0], 7: [0.9903926253318787, 0.09754516184329987, 0.0], 8: [0.9903926849365234, -0.09754516184329987, 0.0], 9: [0.9523323774337769, -0.2888869047164917, 0.0], 10: [0.8776745200157166, -0.4691268503665924, 0.0], 11: [0.769288182258606, -0.6313385367393494, 0.0], 12: [0.6313384771347046, -0.769288182258606, 0.0], 13: [0.4691268801689148, -0.8776745796203613, 0.0], 14: [0.2888868749141693, -0.9523323774337769, 0.0], 15: [0.09754516184329987, -0.9903926253318787, 0.0], 16: [-0.09754516184329987, -0.9903926849365234, 0.0], 17: [-0.2888869047164917, -0.9523323774337769, 0.0], 18: [-0.4691268503665924, -0.8776745200157166, 0.0], 19: [-0.6313385367393494, -0.769288182258606, 0.0], 20: [-0.769288182258606, -0.6313384771347046, 0.0], 21: [-0.8776745796203613, -0.4691268801689148, 0.0], 22: [-0.9523323774337769, -0.2888868749141693, 0.0], 23: [-0.9903926253318787, -0.09754516184329987, 0.0], 24: [-0.9903926849365234, 0.09754516184329987, 0.0], 25: [-0.9523323774337769, 0.2888869047164917, 0.0], 26: [-0.8776745200157166, 0.4691268503665924, 0.0], 27: [-0.769288182258606, 0.6313385367393494, 0.0], 28: [-0.6313384771347046, 0.769288182258606, 0.0], 29: [-0.4691268801689148, 0.8776745796203613, 0.0], 30: [-1.4901161193847656e-08, -9.313225746154785e-09, 1.0], 31: [-0.2888868749141693, 0.9523323774337769, 0.0], 32: [-0.09754516184329987, 0.9903926253318787, 0.0], 33: [1.210719347000122e-08, 1.4901161193847656e-08, -1.0]}, 'editMode': True}, 'Cylinder', {'tolerance': 10}]
['Move', {'value': (0, 0, 1), 'orient_axis_ortho': 'X', 'selectedVertices': [0, 1, 2, 3, 4, 5, 6, 7, 8, 9, 10, 11, 12, 13, 14, 15, 16, 17, 18, 19, 20, 21, 22, 23, 24, 25, 26, 27, 28, 29, 30, 31, 32, 33, 34, 35, 36, 37, 38, 39, 40, 41, 42, 43, 44, 45, 46, 47, 48, 49, 50, 51, 52, 53, 54, 55, 56, 57, 58, 59, 60, 61, 62, 63], 'vertices': {0: [0.0, 1.0, 0.0], 1: [0.0, 1.0, 2.0], 2: [0.19509032368659973, 0.9807852506637573, 0.0], 3: [0.19509032368659973, 0.9807852506637573, 2.0], 4: [0.3826834559440613, 0.9238795042037964, 0.0], 5: [0.3826834559440613, 0.9238795042037964, 2.0], 6: [0.5555702447891235, 0.8314695954322815, 0.0], 7: [0.5555702447891235, 0.8314695954322815, 2.0], 8: [0.7071067690849304, 0.7071067690849304, 0.0], 9: [0.7071067690849304, 0.7071067690849304, 2.0], 10: [0.8314695954322815, 0.5555702447891235, 0.0], 11: [0.8314695954322815, 0.5555702447891235, 2.0], 12: [0.9238795042037964, 0.3826834559440613, 0.0], 13: [0.9238795042037964, 0.3826834559440613, 2.0], 14: [0.9807852506637573, 0.19509032368659973, 0.0], 15: [0.9807852506637573, 0.19509032368659973, 2.0], 16: [1.0, 0.0, 0.0], 17: [1.0, 0.0, 2.0], 18: [0.9807852506637573, -0.19509032368659973, 0.0], 19: [0.9807852506637573, -0.19509032368659973, 2.0], 20: [0.9238795042037964, -0.3826834559440613, 0.0], 21: [0.9238795042037964, -0.3826834559440613, 2.0], 22: [0.8314695954322815, -0.5555702447891235, 0.0], 23: [0.8314695954322815, -0.5555702447891235, 2.0], 24: [0.7071067690849304, -0.7071067690849304, 0.0], 25: [0.7071067690849304, -0.7071067690849304, 2.0], 26: [0.5555702447891235, -0.8314695954322815, 0.0], 27: [0.5555702447891235, -0.8314695954322815, 2.0], 28: [0.3826834559440613, -0.9238795042037964, 0.0], 29: [0.3826834559440613, -0.9238795042037964, 2.0], 30: [0.19509032368659973, -0.9807852506637573, 0.0], 31: [0.19509032368659973, -0.9807852506637573, 2.0], 32: [0.0, -1.0, 0.0], 33: [0.0, -1.0, 2.0], 34: [-0.19509032368659973, -0.9807852506637573, 0.0], 35: [-0.19509032368659973, -0.9807852506637573, 2.0], 36: [-0.3826834559440613, -0.9238795042037964, 0.0], 37: [-0.3826834559440613, -0.9238795042037964, 2.0], 38: [-0.5555702447891235, -0.8314695954322815, 0.0], 39: [-0.5555702447891235, -0.8314695954322815, 2.0], 40: [-0.7071067690849304, -0.7071067690849304, 0.0], 41: [-0.7071067690849304, -0.7071067690849304, 2.0], 42: [-0.8314695954322815, -0.5555702447891235, 0.0], 43: [-0.8314695954322815, -0.5555702447891235, 2.0], 44: [-0.9238795042037964, -0.3826834559440613, 0.0], 45: [-0.9238795042037964, -0.3826834559440613, 2.0], 46: [-0.9807852506637573, -0.19509032368659973, 0.0], 47: [-0.9807852506637573, -0.19509032368659973, 2.0], 48: [-1.0, 0.0, 0.0], 49: [-1.0, 0.0, 2.0], 50: [-0.9807852506637573, 0.19509032368659973, 0.0], 51: [-0.9807852506637573, 0.19509032368659973, 2.0], 52: [-0.9238795042037964, 0.3826834559440613, 0.0], 53: [-0.9238795042037964, 0.3826834559440613, 2.0], 54: [-0.8314695954322815, 0.5555702447891235, 0.0], 55: [-0.8314695954322815, 0.5555702447891235, 2.0], 56: [-0.7071067690849304, 0.7071067690849304, 0.0], 57: [-0.7071067690849304, 0.7071067690849304, 2.0], 58: [-0.5555702447891235, 0.8314695954322815, 0.0], 59: [-0.5555702447891235, 0.8314695954322815, 2.0], 60: [-0.3826834559440613, 0.9238795042037964, 0.0], 61: [-0.3826834559440613, 0.9238795042037964, 2.0], 62: [-0.19509032368659973, 0.9807852506637573, 0.0], 63: [-0.19509032368659973, 0.9807852506637573, 2.0]}, 'faces': {0: [0.09754516184329987, 0.9903926849365234, 1.0], 1: [0.2888869047164917, 0.9523323774337769, 1.0], 2: [0.4691268503665924, 0.8776745200157166, 1.0], 3: [0.6313385367393494, 0.769288182258606, 1.0], 4: [0.769288182258606, 0.6313384771347046, 1.0], 5: [0.8776745796203613, 0.4691268801689148, 1.0], 6: [0.9523323774337769, 0.2888868749141693, 1.0], 7: [0.9903926253318787, 0.09754516184329987, 1.0], 8: [0.9903926849365234, -0.09754516184329987, 1.0], 9: [0.9523323774337769, -0.2888869047164917, 1.0], 10: [0.8776745200157166, -0.4691268503665924, 1.0], 11: [0.769288182258606, -0.6313385367393494, 1.0], 12: [0.6313384771347046, -0.769288182258606, 1.0], 13: [0.4691268801689148, -0.8776745796203613, 1.0], 14: [0.2888868749141693, -0.9523323774337769, 1.0], 15: [0.09754516184329987, -0.9903926253318787, 1.0], 16: [-0.09754516184329987, -0.9903926849365234, 1.0], 17: [-0.2888869047164917, -0.9523323774337769, 1.0], 18: [-0.4691268503665924, -0.8776745200157166, 1.0], 19: [-0.6313385367393494, -0.769288182258606, 1.0], 20: [-0.769288182258606, -0.6313384771347046, 1.0], 21: [-0.8776745796203613, -0.4691268801689148, 1.0], 22: [-0.9523323774337769, -0.2888868749141693, 1.0], 23: [-0.9903926253318787, -0.09754516184329987, 1.0], 24: [-0.9903926849365234, 0.09754516184329987, 1.0], 25: [-0.9523323774337769, 0.2888869047164917, 1.0], 26: [-0.8776745200157166, 0.4691268503665924, 1.0], 27: [-0.769288182258606, 0.6313385367393494, 1.0], 28: [-0.6313384771347046, 0.769288182258606, 1.0], 29: [-0.4691268801689148, 0.8776745796203613, 1.0], 30: [-1.4901161193847656e-08, -9.313225746154785e-09, 2.0], 31: [-0.2888868749141693, 0.9523323774337769, 1.0], 32: [-0.09754516184329987, 0.9903926253318787, 1.0], 33: [1.210719347000122e-08, 1.4901161193847656e-08, 0.0]}, 'editMode': True}, 'Cylinder', {'tolerance': 10}]
['Knife Topology Tool', {'use_occlude_geometry': True, 'only_selected': False, 'newVertices': [], 'newFaces': [34, 35], 'vertices': {0: [0.0, 1.0, 0.0], 1: [0.0, 1.0, 2.0], 2: [0.19509032368659973, 0.9807852506637573, 0.0], 3: [0.19509032368659973, 0.9807852506637573, 2.0], 4: [0.3826834559440613, 0.9238795042037964, 0.0], 5: [0.3826834559440613, 0.9238795042037964, 2.0], 6: [0.5555702447891235, 0.8314695954322815, 0.0], 7: [0.5555702447891235, 0.8314695954322815, 2.0], 8: [0.7071067690849304, 0.7071067690849304, 0.0], 9: [0.7071067690849304, 0.7071067690849304, 2.0], 10: [0.8314695954322815, 0.5555702447891235, 0.0], 11: [0.8314695954322815, 0.5555702447891235, 2.0], 12: [0.9238795042037964, 0.3826834559440613, 0.0], 13: [0.9238795042037964, 0.3826834559440613, 2.0], 14: [0.9807852506637573, 0.19509032368659973, 0.0], 15: [0.9807852506637573, 0.19509032368659973, 2.0], 16: [1.0, 0.0, 0.0], 17: [1.0, 0.0, 2.0], 18: [0.9807852506637573, -0.19509032368659973, 0.0], 19: [0.9807852506637573, -0.19509032368659973, 2.0], 20: [0.9238795042037964, -0.3826834559440613, 0.0], 21: [0.9238795042037964, -0.3826834559440613, 2.0], 22: [0.8314695954322815, -0.5555702447891235, 0.0], 23: [0.8314695954322815, -0.5555702447891235, 2.0], 24: [0.7071067690849304, -0.7071067690849304, 0.0], 25: [0.7071067690849304, -0.7071067690849304, 2.0], 26: [0.5555702447891235, -0.8314695954322815, 0.0], 27: [0.5555702447891235, -0.8314695954322815, 2.0], 28: [0.3826834559440613, -0.9238795042037964, 0.0], 29: [0.3826834559440613, -0.9238795042037964, 2.0], 30: [0.19509032368659973, -0.9807852506637573, 0.0], 31: [0.19509032368659973, -0.9807852506637573, 2.0], 32: [0.0, -1.0, 0.0], 33: [0.0, -1.0, 2.0], 34: [-0.19509032368659973, -0.9807852506637573, 0.0], 35: [-0.19509032368659973, -0.9807852506637573, 2.0], 36: [-0.3826834559440613, -0.9238795042037964, 0.0], 37: [-0.3826834559440613, -0.9238795042037964, 2.0], 38: [-0.5555702447891235, -0.8314695954322815, 0.0], 39: [-0.5555702447891235, -0.8314695954322815, 2.0], 40: [-0.7071067690849304, -0.7071067690849304, 0.0], 41: [-0.7071067690849304, -0.7071067690849304, 2.0], 42: [-0.8314695954322815, -0.5555702447891235, 0.0], 43: [-0.8314695954322815, -0.5555702447891235, 2.0], 44: [-0.9238795042037964, -0.3826834559440613, 0.0], 45: [-0.9238795042037964, -0.3826834559440613, 2.0], 46: [-0.9807852506637573, -0.19509032368659973, 0.0], 47: [-0.9807852506637573, -0.19509032368659973, 2.0], 48: [-1.0, 0.0, 0.0], 49: [-1.0, 0.0, 2.0], 50: [-0.9807852506637573, 0.19509032368659973, 0.0], 51: [-0.9807852506637573, 0.19509032368659973, 2.0], 52: [-0.9238795042037964, 0.3826834559440613, 0.0], 53: [-0.9238795042037964, 0.3826834559440613, 2.0], 54: [-0.8314695954322815, 0.5555702447891235, 0.0], 55: [-0.8314695954322815, 0.5555702447891235, 2.0], 56: [-0.7071067690849304, 0.7071067690849304, 0.0], 57: [-0.7071067690849304, 0.7071067690849304, 2.0], 58: [-0.5555702447891235, 0.8314695954322815, 0.0], 59: [-0.5555702447891235, 0.8314695954322815, 2.0], 60: [-0.3826834559440613, 0.9238795042037964, 0.0], 61: [-0.3826834559440613, 0.9238795042037964, 2.0], 62: [-0.19509032368659973, 0.9807852506637573, 0.0], 63: [-0.19509032368659973, 0.9807852506637573, 2.0]}, 'faces': {0: [0.09754516184329987, 0.9903926849365234, 1.0], 1: [0.2888869047164917, 0.9523323774337769, 1.0], 2: [0.4691268503665924, 0.8776745200157166, 1.0], 3: [0.6313385367393494, 0.769288182258606, 1.0], 4: [0.769288182258606, 0.6313384771347046, 1.0], 5: [0.8776745796203613, 0.4691268801689148, 1.0], 6: [0.9523323774337769, 0.2888868749141693, 1.0], 7: [0.9903926253318787, 0.09754516184329987, 1.0], 8: [0.9903926849365234, -0.09754516184329987, 1.0], 9: [0.9523323774337769, -0.2888869047164917, 1.0], 10: [0.8776745200157166, -0.4691268503665924, 1.0], 11: [0.769288182258606, -0.6313385367393494, 1.0], 12: [0.6313384771347046, -0.769288182258606, 1.0], 13: [0.4691268801689148, -0.8776745796203613, 1.0], 14: [0.2888868749141693, -0.9523323774337769, 1.0], 15: [0.09754516184329987, -0.9903926253318787, 1.0], 16: [-0.09754516184329987, -0.9903926849365234, 1.0], 17: [-0.2888869047164917, -0.9523323774337769, 1.0], 18: [-0.4691268503665924, -0.8776745200157166, 1.0], 19: [-0.6313385367393494, -0.769288182258606, 1.0], 20: [-0.769288182258606, -0.6313384771347046, 1.0], 21: [-0.8776745796203613, -0.4691268801689148, 1.0], 22: [-0.9523323774337769, -0.2888868749141693, 1.0], 23: [-0.9903926253318787, -0.09754516184329987, 1.0], 24: [-0.9903926849365234, 0.09754516184329987, 1.0], 25: [-0.9523323774337769, 0.2888869047164917, 1.0], 26: [-0.8776745200157166, 0.4691268503665924, 1.0], 27: [-0.769288182258606, 0.6313385367393494, 1.0], 28: [-0.6313384771347046, 0.769288182258606, 1.0], 29: [-0.4691268801689148, 0.8776745796203613, 1.0], 30: [0.5972453951835632, -1.753077860655594e-08, 2.0], 31: [-0.2888868749141693, 0.9523323774337769, 1.0], 32: [-0.09754516184329987, 0.9903926253318787, 1.0], 33: [-0.5972453951835632, 2.8049244704675402e-08, 0.0], 34: [0.5972453951835632, -2.8049244704675402e-08, 0.0], 35: [-0.5972453951835632, -2.8049244704675402e-08, 2.0]}, 'editMode': True}, 'Cylinder', {'tolerance': 10}]
[' bpy context space_data shading', {'type': "'WIREFRAME'", 'editMode': True}, 'Cylinder', {'tolerance': 10}]
['Select Mode', {'use_extend': False, 'use_expand': False, 'vertices': {0: [0.0, 1.0, 0.0], 1: [0.0, 1.0, 2.0], 2: [0.19509032368659973, 0.9807852506637573, 0.0], 3: [0.19509032368659973, 0.9807852506637573, 2.0], 4: [0.3826834559440613, 0.9238795042037964, 0.0], 5: [0.3826834559440613, 0.9238795042037964, 2.0], 6: [0.5555702447891235, 0.8314695954322815, 0.0], 7: [0.5555702447891235, 0.8314695954322815, 2.0], 8: [0.7071067690849304, 0.7071067690849304, 0.0], 9: [0.7071067690849304, 0.7071067690849304, 2.0], 10: [0.8314695954322815, 0.5555702447891235, 0.0], 11: [0.8314695954322815, 0.5555702447891235, 2.0], 12: [0.9238795042037964, 0.3826834559440613, 0.0], 13: [0.9238795042037964, 0.3826834559440613, 2.0], 14: [0.9807852506637573, 0.19509032368659973, 0.0], 15: [0.9807852506637573, 0.19509032368659973, 2.0], 16: [1.0, 0.0, 0.0], 17: [1.0, 0.0, 2.0], 18: [0.9807852506637573, -0.19509032368659973, 0.0], 19: [0.9807852506637573, -0.19509032368659973, 2.0], 20: [0.9238795042037964, -0.3826834559440613, 0.0], 21: [0.9238795042037964, -0.3826834559440613, 2.0], 22: [0.8314695954322815, -0.5555702447891235, 0.0], 23: [0.8314695954322815, -0.5555702447891235, 2.0], 24: [0.7071067690849304, -0.7071067690849304, 0.0], 25: [0.7071067690849304, -0.7071067690849304, 2.0], 26: [0.5555702447891235, -0.8314695954322815, 0.0], 27: [0.5555702447891235, -0.8314695954322815, 2.0], 28: [0.3826834559440613, -0.9238795042037964, 0.0], 29: [0.3826834559440613, -0.9238795042037964, 2.0], 30: [0.19509032368659973, -0.9807852506637573, 0.0], 31: [0.19509032368659973, -0.9807852506637573, 2.0], 32: [0.0, -1.0, 0.0], 33: [0.0, -1.0, 2.0], 34: [-0.19509032368659973, -0.9807852506637573, 0.0], 35: [-0.19509032368659973, -0.9807852506637573, 2.0], 36: [-0.3826834559440613, -0.9238795042037964, 0.0], 37: [-0.3826834559440613, -0.9238795042037964, 2.0], 38: [-0.5555702447891235, -0.8314695954322815, 0.0], 39: [-0.5555702447891235, -0.8314695954322815, 2.0], 40: [-0.7071067690849304, -0.7071067690849304, 0.0], 41: [-0.7071067690849304, -0.7071067690849304, 2.0], 42: [-0.8314695954322815, -0.5555702447891235, 0.0], 43: [-0.8314695954322815, -0.5555702447891235, 2.0], 44: [-0.9238795042037964, -0.3826834559440613, 0.0], 45: [-0.9238795042037964, -0.3826834559440613, 2.0], 46: [-0.9807852506637573, -0.19509032368659973, 0.0], 47: [-0.9807852506637573, -0.19509032368659973, 2.0], 48: [-1.0, 0.0, 0.0], 49: [-1.0, 0.0, 2.0], 50: [-0.9807852506637573, 0.19509032368659973, 0.0], 51: [-0.9807852506637573, 0.19509032368659973, 2.0], 52: [-0.9238795042037964, 0.3826834559440613, 0.0], 53: [-0.9238795042037964, 0.3826834559440613, 2.0], 54: [-0.8314695954322815, 0.5555702447891235, 0.0], 55: [-0.8314695954322815, 0.5555702447891235, 2.0], 56: [-0.7071067690849304, 0.7071067690849304, 0.0], 57: [-0.7071067690849304, 0.7071067690849304, 2.0], 58: [-0.5555702447891235, 0.8314695954322815, 0.0], 59: [-0.5555702447891235, 0.8314695954322815, 2.0], 60: [-0.3826834559440613, 0.9238795042037964, 0.0], 61: [-0.3826834559440613, 0.9238795042037964, 2.0], 62: [-0.19509032368659973, 0.9807852506637573, 0.0], 63: [-0.19509032368659973, 0.9807852506637573, 2.0]}, 'faces': {0: [0.09754516184329987, 0.9903926849365234, 1.0], 1: [0.2888869047164917, 0.9523323774337769, 1.0], 2: [0.4691268503665924, 0.8776745200157166, 1.0], 3: [0.6313385367393494, 0.769288182258606, 1.0], 4: [0.769288182258606, 0.6313384771347046, 1.0], 5: [0.8776745796203613, 0.4691268801689148, 1.0], 6: [0.9523323774337769, 0.2888868749141693, 1.0], 7: [0.9903926253318787, 0.09754516184329987, 1.0], 8: [0.9903926849365234, -0.09754516184329987, 1.0], 9: [0.9523323774337769, -0.2888869047164917, 1.0], 10: [0.8776745200157166, -0.4691268503665924, 1.0], 11: [0.769288182258606, -0.6313385367393494, 1.0], 12: [0.6313384771347046, -0.769288182258606, 1.0], 13: [0.4691268801689148, -0.8776745796203613, 1.0], 14: [0.2888868749141693, -0.9523323774337769, 1.0], 15: [0.09754516184329987, -0.9903926253318787, 1.0], 16: [-0.09754516184329987, -0.9903926849365234, 1.0], 17: [-0.2888869047164917, -0.9523323774337769, 1.0], 18: [-0.4691268503665924, -0.8776745200157166, 1.0], 19: [-0.6313385367393494, -0.769288182258606, 1.0], 20: [-0.769288182258606, -0.6313384771347046, 1.0], 21: [-0.8776745796203613, -0.4691268801689148, 1.0], 22: [-0.9523323774337769, -0.2888868749141693, 1.0], 23: [-0.9903926253318787, -0.09754516184329987, 1.0], 24: [-0.9903926849365234, 0.09754516184329987, 1.0], 25: [-0.9523323774337769, 0.2888869047164917, 1.0], 26: [-0.8776745200157166, 0.4691268503665924, 1.0], 27: [-0.769288182258606, 0.6313385367393494, 1.0], 28: [-0.6313384771347046, 0.769288182258606, 1.0], 29: [-0.4691268801689148, 0.8776745796203613, 1.0], 30: [0.5972453951835632, -1.753077860655594e-08, 2.0], 31: [-0.2888868749141693, 0.9523323774337769, 1.0], 32: [-0.09754516184329987, 0.9903926253318787, 1.0], 33: [-0.5972453951835632, 2.8049244704675402e-08, 0.0], 34: [0.5972453951835632, -2.8049244704675402e-08, 0.0], 35: [-0.5972453951835632, -2.8049244704675402e-08, 2.0]}, 'editMode': True}, 'Cylinder', {'tolerance': 10}]
['Delete', {'type': 'FACE', 'deletedVertices': [34, 35, 36, 37, 38, 39, 40, 41, 42, 43, 44, 45, 46, 47, 48, 49, 50, 51, 52, 53, 54, 55, 56, 57, 58, 59, 60, 61, 62, 63], 'deletedFaces': [18, 19, 20, 21, 22, 23, 24, 25, 26, 27, 28, 29, 30, 31, 32, 33, 34, 35], 'vertices': {0: [0.0, 1.0, 0.0], 1: [0.0, 1.0, 2.0], 2: [0.19509032368659973, 0.9807852506637573, 0.0], 3: [0.19509032368659973, 0.9807852506637573, 2.0], 4: [0.3826834559440613, 0.9238795042037964, 0.0], 5: [0.3826834559440613, 0.9238795042037964, 2.0], 6: [0.5555702447891235, 0.8314695954322815, 0.0], 7: [0.5555702447891235, 0.8314695954322815, 2.0], 8: [0.7071067690849304, 0.7071067690849304, 0.0], 9: [0.7071067690849304, 0.7071067690849304, 2.0], 10: [0.8314695954322815, 0.5555702447891235, 0.0], 11: [0.8314695954322815, 0.5555702447891235, 2.0], 12: [0.9238795042037964, 0.3826834559440613, 0.0], 13: [0.9238795042037964, 0.3826834559440613, 2.0], 14: [0.9807852506637573, 0.19509032368659973, 0.0], 15: [0.9807852506637573, 0.19509032368659973, 2.0], 16: [1.0, 0.0, 0.0], 17: [1.0, 0.0, 2.0], 18: [0.9807852506637573, -0.19509032368659973, 0.0], 19: [0.9807852506637573, -0.19509032368659973, 2.0], 20: [0.9238795042037964, -0.3826834559440613, 0.0], 21: [0.9238795042037964, -0.3826834559440613, 2.0], 22: [0.8314695954322815, -0.5555702447891235, 0.0], 23: [0.8314695954322815, -0.5555702447891235, 2.0], 24: [0.7071067690849304, -0.7071067690849304, 0.0], 25: [0.7071067690849304, -0.7071067690849304, 2.0], 26: [0.5555702447891235, -0.8314695954322815, 0.0], 27: [0.5555702447891235, -0.8314695954322815, 2.0], 28: [0.3826834559440613, -0.9238795042037964, 0.0], 29: [0.3826834559440613, -0.9238795042037964, 2.0], 30: [0.19509032368659973, -0.9807852506637573, 0.0], 31: [0.19509032368659973, -0.9807852506637573, 2.0], 32: [0.0, -1.0, 0.0], 33: [0.0, -1.0, 2.0]}, 'faces': {0: [0.09754516184329987, 0.9903926849365234, 1.0], 1: [0.2888869047164917, 0.9523323774337769, 1.0], 2: [0.4691268503665924, 0.8776745200157166, 1.0], 3: [0.6313385367393494, 0.769288182258606, 1.0], 4: [0.769288182258606, 0.6313384771347046, 1.0], 5: [0.8776745796203613, 0.4691268801689148, 1.0], 6: [0.9523323774337769, 0.2888868749141693, 1.0], 7: [0.9903926253318787, 0.09754516184329987, 1.0], 8: [0.9903926849365234, -0.09754516184329987, 1.0], 9: [0.9523323774337769, -0.2888869047164917, 1.0], 10: [0.8776745200157166, -0.4691268503665924, 1.0], 11: [0.769288182258606, -0.6313385367393494, 1.0], 12: [0.6313384771347046, -0.769288182258606, 1.0], 13: [0.4691268801689148, -0.8776745796203613, 1.0], 14: [0.2888868749141693, -0.9523323774337769, 1.0], 15: [0.09754516184329987, -0.9903926253318787, 1.0], 16: [0.5972453951835632, -1.753077860655594e-08, 2.0], 17: [0.5972453951835632, -2.8049244704675402e-08, 0.0]}, 'editMode': True}, 'Cylinder', {'tolerance': 10}]
['Toggle Edit Mode', {'editMode': False}, 'Cylinder', {'tolerance': 10}]
[' bpy context space_data', {'context': "'MODIFIER'", 'editMode': False}, 'Cylinder', {'tolerance': 10}]
['Add Modifier', {'type': 'MIRROR', 'editMode': False}, 'Cylinder', {'tolerance': 10}]
[' bpy context space_data shading', {'type': "'SOLID'", 'editMode': False}, 'Cylinder', {'tolerance': 10}]
['Toggle Edit Mode', {'vertices': {0: [0.0, 1.0, 0.0], 1: [0.0, 1.0, 2.0], 2: [0.19509032368659973, 0.9807852506637573, 0.0], 3: [0.19509032368659973, 0.9807852506637573, 2.0], 4: [0.3826834559440613, 0.9238795042037964, 0.0], 5: [0.3826834559440613, 0.9238795042037964, 2.0], 6: [0.5555702447891235, 0.8314695954322815, 0.0], 7: [0.5555702447891235, 0.8314695954322815, 2.0], 8: [0.7071067690849304, 0.7071067690849304, 0.0], 9: [0.7071067690849304, 0.7071067690849304, 2.0], 10: [0.8314695954322815, 0.5555702447891235, 0.0], 11: [0.8314695954322815, 0.5555702447891235, 2.0], 12: [0.9238795042037964, 0.3826834559440613, 0.0], 13: [0.9238795042037964, 0.3826834559440613, 2.0], 14: [0.9807852506637573, 0.19509032368659973, 0.0], 15: [0.9807852506637573, 0.19509032368659973, 2.0], 16: [1.0, 0.0, 0.0], 17: [1.0, 0.0, 2.0], 18: [0.9807852506637573, -0.19509032368659973, 0.0], 19: [0.9807852506637573, -0.19509032368659973, 2.0], 20: [0.9238795042037964, -0.3826834559440613, 0.0], 21: [0.9238795042037964, -0.3826834559440613, 2.0], 22: [0.8314695954322815, -0.5555702447891235, 0.0], 23: [0.8314695954322815, -0.5555702447891235, 2.0], 24: [0.7071067690849304, -0.7071067690849304, 0.0], 25: [0.7071067690849304, -0.7071067690849304, 2.0], 26: [0.5555702447891235, -0.8314695954322815, 0.0], 27: [0.5555702447891235, -0.8314695954322815, 2.0], 28: [0.3826834559440613, -0.9238795042037964, 0.0], 29: [0.3826834559440613, -0.9238795042037964, 2.0], 30: [0.19509032368659973, -0.9807852506637573, 0.0], 31: [0.19509032368659973, -0.9807852506637573, 2.0], 32: [0.0, -1.0, 0.0], 33: [0.0, -1.0, 2.0]}, 'faces': {0: [0.09754516184329987, 0.9903926849365234, 1.0], 1: [0.2888869047164917, 0.9523323774337769, 1.0], 2: [0.4691268503665924, 0.8776745200157166, 1.0], 3: [0.6313385367393494, 0.769288182258606, 1.0], 4: [0.769288182258606, 0.6313384771347046, 1.0], 5: [0.8776745796203613, 0.4691268801689148, 1.0], 6: [0.9523323774337769, 0.2888868749141693, 1.0], 7: [0.9903926253318787, 0.09754516184329987, 1.0], 8: [0.9903926849365234, -0.09754516184329987, 1.0], 9: [0.9523323774337769, -0.2888869047164917, 1.0], 10: [0.8776745200157166, -0.4691268503665924, 1.0], 11: [0.769288182258606, -0.6313385367393494, 1.0], 12: [0.6313384771347046, -0.769288182258606, 1.0], 13: [0.4691268801689148, -0.8776745796203613, 1.0], 14: [0.2888868749141693, -0.9523323774337769, 1.0], 15: [0.09754516184329987, -0.9903926253318787, 1.0], 16: [0.5972453951835632, -1.753077860655594e-08, 2.0], 17: [0.5972453951835632, -2.8049244704675402e-08, 0.0]}, 'editMode': True}, 'Cylinder', {'tolerance': 10}]
['Extrude Region and Move', {'use_normal_flip': False, 'use_dissolve_ortho_edges': False, 'value': (0, 0, 2), 'orient_axis_ortho': 'X', 'newVertices': [34, 35, 36, 37, 38, 39], 'newFaces': [18, 19, 20, 21, 22, 23], 'vertices': {0: [0.0, 1.0, 0.0], 1: [0.0, 1.0, 2.0], 2: [0.19509032368659973, 0.9807852506637573, 0.0], 3: [0.19509032368659973, 0.9807852506637573, 2.0], 4: [0.3826834559440613, 0.9238795042037964, 0.0], 5: [0.3826834559440613, 0.9238795042037964, 2.0], 6: [0.5555702447891235, 0.8314695954322815, 0.0], 7: [0.5555702447891235, 0.8314695954322815, 2.0], 8: [0.7071067690849304, 0.7071067690849304, 0.0], 9: [0.7071067690849304, 0.7071067690849304, 2.0], 10: [0.8314695954322815, 0.5555702447891235, 0.0], 11: [0.8314695954322815, 0.5555702447891235, 2.0], 12: [0.9238795042037964, 0.3826834559440613, 0.0], 13: [0.9238795042037964, 0.3826834559440613, 2.0], 14: [0.9807852506637573, 0.19509032368659973, 0.0], 15: [0.9807852506637573, 0.19509032368659973, 2.0], 16: [1.0, 0.0, 0.0], 17: [1.0, 0.0, 2.0], 18: [0.9807852506637573, -0.19509032368659973, 0.0], 19: [0.9807852506637573, -0.19509032368659973, 2.0], 20: [0.9238795042037964, -0.3826834559440613, 0.0], 21: [0.9238795042037964, -0.3826834559440613, 2.0], 22: [0.8314695954322815, -0.5555702447891235, 0.0], 23: [0.8314695954322815, -0.5555702447891235, 2.0], 24: [0.7071067690849304, -0.7071067690849304, 0.0], 25: [0.7071067690849304, -0.7071067690849304, 2.0], 26: [0.5555702447891235, -0.8314695954322815, 0.0], 27: [0.5555702447891235, -0.8314695954322815, 2.0], 28: [0.3826834559440613, -0.9238795042037964, 0.0], 29: [0.3826834559440613, -0.9238795042037964, 2.0], 30: [0.19509032368659973, -0.9807852506637573, 0.0], 31: [0.19509032368659973, -0.9807852506637573, 2.0], 32: [0.0, -1.0, 0.0], 33: [0.0, -1.0, 2.0], 34: [1.8182473182678223, -2.3700459003448486, 2.0], 35: [1.8182473182678223, -2.3700459003448486, 0.0], 36: [1.6667107343673706, -2.4944088459014893, 0.0], 37: [1.6667107343673706, -2.4944088459014893, 2.0], 38: [1.4938240051269531, -2.5868186950683594, 0.0], 39: [1.4938240051269531, -2.5868186950683594, 2.0]}, 'faces': {0: [0.09754516184329987, 0.9903926849365234, 1.0], 1: [0.2888869047164917, 0.9523323774337769, 1.0], 2: [0.4691268503665924, 0.8776745200157166, 1.0], 3: [0.6313385367393494, 0.769288182258606, 1.0], 4: [0.769288182258606, 0.6313384771347046, 1.0], 5: [0.8776745796203613, 0.4691268801689148, 1.0], 6: [0.9523323774337769, 0.2888868749141693, 1.0], 7: [0.9903926253318787, 0.09754516184329987, 1.0], 8: [0.9903926849365234, -0.09754516184329987, 1.0], 9: [0.9523323774337769, -0.2888869047164917, 1.0], 10: [0.8776745200157166, -0.4691268503665924, 1.0], 11: [0.769288182258606, -0.6313385367393494, 1.0], 12: [1.2626770734786987, -1.538576364517212, 1.0], 13: [1.1869087219238281, -1.6007578372955322, 2.0], 14: [0.2888868749141693, -0.9523323774337769, 1.0], 15: [0.09754516184329987, -0.9903926253318787, 1.0], 16: [0.5972453951835632, -1.753077860655594e-08, 2.0], 17: [0.5972453951835632, -2.8049244704675402e-08, 0.0], 18: [1.7424790859222412, -2.432227373123169, 1.0], 19: [1.5802674293518066, -2.5406136512756348, 1.0], 20: [1.0246970653533936, -1.709144115447998, 2.0], 21: [1.1869087219238281, -1.6007578372955322, 0.0], 22: [0.9382537603378296, -1.7553491592407227, 1.0], 23: [1.0246970653533936, -1.709144115447998, 0.0]}, 'editMode': True}, 'Cylinder', {'tolerance': 10}]
['Extrude Region and Move', {'use_normal_flip': False, 'use_dissolve_ortho_edges': False, 'value': (0, -3, 0), 'orient_axis_ortho': 'X', 'newVertices': [40, 41, 42, 43, 44, 45], 'newFaces': [24, 25, 26, 27, 28, 29], 'vertices': {0: [0.0, 1.0, 0.0], 1: [0.0, 1.0, 2.0], 2: [0.19509032368659973, 0.9807852506637573, 0.0], 3: [0.19509032368659973, 0.9807852506637573, 2.0], 4: [0.3826834559440613, 0.9238795042037964, 0.0], 5: [0.3826834559440613, 0.9238795042037964, 2.0], 6: [0.5555702447891235, 0.8314695954322815, 0.0], 7: [0.5555702447891235, 0.8314695954322815, 2.0], 8: [0.7071067690849304, 0.7071067690849304, 0.0], 9: [0.7071067690849304, 0.7071067690849304, 2.0], 10: [0.8314695954322815, 0.5555702447891235, 0.0], 11: [0.8314695954322815, 0.5555702447891235, 2.0], 12: [0.9238795042037964, 0.3826834559440613, 0.0], 13: [0.9238795042037964, 0.3826834559440613, 2.0], 14: [0.9807852506637573, 0.19509032368659973, 0.0], 15: [0.9807852506637573, 0.19509032368659973, 2.0], 16: [1.0, 0.0, 0.0], 17: [1.0, 0.0, 2.0], 18: [0.9807852506637573, -0.19509032368659973, 0.0], 19: [0.9807852506637573, -0.19509032368659973, 2.0], 20: [0.9238795042037964, -0.3826834559440613, 0.0], 21: [0.9238795042037964, -0.3826834559440613, 2.0], 22: [0.8314695954322815, -0.5555702447891235, 0.0], 23: [0.8314695954322815, -0.5555702447891235, 2.0], 24: [0.7071067690849304, -0.7071067690849304, 0.0], 25: [0.7071067690849304, -0.7071067690849304, 2.0], 26: [0.5555702447891235, -0.8314695954322815, 0.0], 27: [0.5555702447891235, -0.8314695954322815, 2.0], 28: [0.3826834559440613, -0.9238795042037964, 0.0], 29: [0.3826834559440613, -0.9238795042037964, 2.0], 30: [0.19509032368659973, -0.9807852506637573, 0.0], 31: [0.19509032368659973, -0.9807852506637573, 2.0], 32: [0.0, -1.0, 0.0], 33: [0.0, -1.0, 2.0], 34: [1.8182473182678223, -2.3700459003448486, 2.0], 35: [1.8182473182678223, -2.3700459003448486, 0.0], 36: [1.6667107343673706, -2.4944088459014893, 0.0], 37: [1.6667107343673706, -2.4944088459014893, 2.0], 38: [1.4938240051269531, -2.5868186950683594, 0.0], 39: [1.4938240051269531, -2.5868186950683594, 2.0], 40: [1.8182473182678223, -5.3700456619262695, 2.0], 41: [1.8182473182678223, -5.3700456619262695, 0.0], 42: [1.6667107343673706, -5.49440860748291, 0.0], 43: [1.6667107343673706, -5.49440860748291, 2.0], 44: [1.4938240051269531, -5.586818695068359, 0.0], 45: [1.4938240051269531, -5.586818695068359, 2.0]}, 'faces': {0: [0.09754516184329987, 0.9903926849365234, 1.0], 1: [0.2888869047164917, 0.9523323774337769, 1.0], 2: [0.4691268503665924, 0.8776745200157166, 1.0], 3: [0.6313385367393494, 0.769288182258606, 1.0], 4: [0.769288182258606, 0.6313384771347046, 1.0], 5: [0.8776745796203613, 0.4691268801689148, 1.0], 6: [0.9523323774337769, 0.2888868749141693, 1.0], 7: [0.9903926253318787, 0.09754516184329987, 1.0], 8: [0.9903926849365234, -0.09754516184329987, 1.0], 9: [0.9523323774337769, -0.2888869047164917, 1.0], 10: [0.8776745200157166, -0.4691268503665924, 1.0], 11: [0.769288182258606, -0.6313385367393494, 1.0], 12: [1.2626770734786987, -1.538576364517212, 1.0], 13: [1.1869087219238281, -1.6007578372955322, 2.0], 14: [0.2888868749141693, -0.9523323774337769, 1.0], 15: [0.09754516184329987, -0.9903926253318787, 1.0], 16: [0.5972453951835632, -1.753077860655594e-08, 2.0], 17: [0.5972453951835632, -2.8049244704675402e-08, 0.0], 18: [1.7424790859222412, -3.932227373123169, 0.0], 19: [1.5802674293518066, -4.040613651275635, 2.0], 20: [1.0246970653533936, -1.709144115447998, 2.0], 21: [1.1869087219238281, -1.6007578372955322, 0.0], 22: [0.9382537603378296, -1.7553491592407227, 1.0], 23: [1.0246970653533936, -1.709144115447998, 0.0], 24: [1.7424790859222412, -5.43222713470459, 1.0], 25: [1.5802674293518066, -5.540613651275635, 1.0], 26: [1.4938240051269531, -4.086818695068359, 1.0], 27: [1.5802674293518066, -4.040613651275635, 0.0], 28: [1.7424790859222412, -3.932227373123169, 2.0], 29: [1.8182473182678223, -3.8700459003448486, 1.0]}, 'editMode': True}, 'Cylinder', {'tolerance': 10}]
['Resize', {'value': (1, 0, 1), 'orient_type': 'GLOBAL', 'selectedVertices': [40, 41, 42, 43, 44, 45], 'vertices': {0: [0.0, 1.0, 0.0], 1: [0.0, 1.0, 2.0], 2: [0.19509032368659973, 0.9807852506637573, 0.0], 3: [0.19509032368659973, 0.9807852506637573, 2.0], 4: [0.3826834559440613, 0.9238795042037964, 0.0], 5: [0.3826834559440613, 0.9238795042037964, 2.0], 6: [0.5555702447891235, 0.8314695954322815, 0.0], 7: [0.5555702447891235, 0.8314695954322815, 2.0], 8: [0.7071067690849304, 0.7071067690849304, 0.0], 9: [0.7071067690849304, 0.7071067690849304, 2.0], 10: [0.8314695954322815, 0.5555702447891235, 0.0], 11: [0.8314695954322815, 0.5555702447891235, 2.0], 12: [0.9238795042037964, 0.3826834559440613, 0.0], 13: [0.9238795042037964, 0.3826834559440613, 2.0], 14: [0.9807852506637573, 0.19509032368659973, 0.0], 15: [0.9807852506637573, 0.19509032368659973, 2.0], 16: [1.0, 0.0, 0.0], 17: [1.0, 0.0, 2.0], 18: [0.9807852506637573, -0.19509032368659973, 0.0], 19: [0.9807852506637573, -0.19509032368659973, 2.0], 20: [0.9238795042037964, -0.3826834559440613, 0.0], 21: [0.9238795042037964, -0.3826834559440613, 2.0], 22: [0.8314695954322815, -0.5555702447891235, 0.0], 23: [0.8314695954322815, -0.5555702447891235, 2.0], 24: [0.7071067690849304, -0.7071067690849304, 0.0], 25: [0.7071067690849304, -0.7071067690849304, 2.0], 26: [0.5555702447891235, -0.8314695954322815, 0.0], 27: [0.5555702447891235, -0.8314695954322815, 2.0], 28: [0.3826834559440613, -0.9238795042037964, 0.0], 29: [0.3826834559440613, -0.9238795042037964, 2.0], 30: [0.19509032368659973, -0.9807852506637573, 0.0], 31: [0.19509032368659973, -0.9807852506637573, 2.0], 32: [0.0, -1.0, 0.0], 33: [0.0, -1.0, 2.0], 34: [1.8182473182678223, -2.3700459003448486, 2.0], 35: [1.8182473182678223, -2.3700459003448486, 0.0], 36: [1.6667107343673706, -2.4944088459014893, 0.0], 37: [1.6667107343673706, -2.4944088459014893, 2.0], 38: [1.4938240051269531, -2.5868186950683594, 0.0], 39: [1.4938240051269531, -2.5868186950683594, 2.0], 40: [1.8182473182678223, -5.483757972717285, 2.0], 41: [1.8182473182678223, -5.483757972717285, 0.0], 42: [1.6667107343673706, -5.483757972717285, 0.0], 43: [1.6667107343673706, -5.483757972717285, 2.0], 44: [1.4938240051269531, -5.483757972717285, 0.0], 45: [1.4938240051269531, -5.483757972717285, 2.0]}, 'faces': {0: [0.09754516184329987, 0.9903926849365234, 1.0], 1: [0.2888869047164917, 0.9523323774337769, 1.0], 2: [0.4691268503665924, 0.8776745200157166, 1.0], 3: [0.6313385367393494, 0.769288182258606, 1.0], 4: [0.769288182258606, 0.6313384771347046, 1.0], 5: [0.8776745796203613, 0.4691268801689148, 1.0], 6: [0.9523323774337769, 0.2888868749141693, 1.0], 7: [0.9903926253318787, 0.09754516184329987, 1.0], 8: [0.9903926849365234, -0.09754516184329987, 1.0], 9: [0.9523323774337769, -0.2888869047164917, 1.0], 10: [0.8776745200157166, -0.4691268503665924, 1.0], 11: [0.769288182258606, -0.6313385367393494, 1.0], 12: [1.2626770734786987, -1.538576364517212, 1.0], 13: [1.1869087219238281, -1.6007578372955322, 2.0], 14: [0.2888868749141693, -0.9523323774337769, 1.0], 15: [0.09754516184329987, -0.9903926253318787, 1.0], 16: [0.5972453951835632, -1.753077860655594e-08, 2.0], 17: [0.5972453951835632, -2.8049244704675402e-08, 0.0], 18: [1.7424790859222412, -3.9579927921295166, 0.0], 19: [1.5802674293518066, -4.012186050415039, 2.0], 20: [1.0246970653533936, -1.709144115447998, 2.0], 21: [1.1869087219238281, -1.6007578372955322, 0.0], 22: [0.9382537603378296, -1.7553491592407227, 1.0], 23: [1.0246970653533936, -1.709144115447998, 0.0], 24: [1.7424790859222412, -5.483757972717285, 1.0], 25: [1.5802674293518066, -5.483757972717285, 1.0], 26: [1.4938240051269531, -4.035288333892822, 1.0], 27: [1.5802674293518066, -4.012186050415039, 0.0], 28: [1.7424790859222412, -3.9579927921295166, 2.0], 29: [1.8182473182678223, -3.9269020557403564, 1.0]}, 'editMode': True}, 'Cylinder', {'tolerance': 10}]
['(De)select All', {'action': 'SELECT', 'vertices': {0: [0.0, 1.0, 0.0], 1: [0.0, 1.0, 2.0], 2: [0.19509032368659973, 0.9807852506637573, 0.0], 3: [0.19509032368659973, 0.9807852506637573, 2.0], 4: [0.3826834559440613, 0.9238795042037964, 0.0], 5: [0.3826834559440613, 0.9238795042037964, 2.0], 6: [0.5555702447891235, 0.8314695954322815, 0.0], 7: [0.5555702447891235, 0.8314695954322815, 2.0], 8: [0.7071067690849304, 0.7071067690849304, 0.0], 9: [0.7071067690849304, 0.7071067690849304, 2.0], 10: [0.8314695954322815, 0.5555702447891235, 0.0], 11: [0.8314695954322815, 0.5555702447891235, 2.0], 12: [0.9238795042037964, 0.3826834559440613, 0.0], 13: [0.9238795042037964, 0.3826834559440613, 2.0], 14: [0.9807852506637573, 0.19509032368659973, 0.0], 15: [0.9807852506637573, 0.19509032368659973, 2.0], 16: [1.0, 0.0, 0.0], 17: [1.0, 0.0, 2.0], 18: [0.9807852506637573, -0.19509032368659973, 0.0], 19: [0.9807852506637573, -0.19509032368659973, 2.0], 20: [0.9238795042037964, -0.3826834559440613, 0.0], 21: [0.9238795042037964, -0.3826834559440613, 2.0], 22: [0.8314695954322815, -0.5555702447891235, 0.0], 23: [0.8314695954322815, -0.5555702447891235, 2.0], 24: [0.7071067690849304, -0.7071067690849304, 0.0], 25: [0.7071067690849304, -0.7071067690849304, 2.0], 26: [0.5555702447891235, -0.8314695954322815, 0.0], 27: [0.5555702447891235, -0.8314695954322815, 2.0], 28: [0.3826834559440613, -0.9238795042037964, 0.0], 29: [0.3826834559440613, -0.9238795042037964, 2.0], 30: [0.19509032368659973, -0.9807852506637573, 0.0], 31: [0.19509032368659973, -0.9807852506637573, 2.0], 32: [0.0, -1.0, 0.0], 33: [0.0, -1.0, 2.0], 34: [1.8182473182678223, -2.3700459003448486, 2.0], 35: [1.8182473182678223, -2.3700459003448486, 0.0], 36: [1.6667107343673706, -2.4944088459014893, 0.0], 37: [1.6667107343673706, -2.4944088459014893, 2.0], 38: [1.4938240051269531, -2.5868186950683594, 0.0], 39: [1.4938240051269531, -2.5868186950683594, 2.0], 40: [1.8182473182678223, -5.483757972717285, 2.0], 41: [1.8182473182678223, -5.483757972717285, 0.0], 42: [1.6667107343673706, -5.483757972717285, 0.0], 43: [1.6667107343673706, -5.483757972717285, 2.0], 44: [1.4938240051269531, -5.483757972717285, 0.0], 45: [1.4938240051269531, -5.483757972717285, 2.0]}, 'faces': {0: [0.09754516184329987, 0.9903926849365234, 1.0], 1: [0.2888869047164917, 0.9523323774337769, 1.0], 2: [0.4691268503665924, 0.8776745200157166, 1.0], 3: [0.6313385367393494, 0.769288182258606, 1.0], 4: [0.769288182258606, 0.6313384771347046, 1.0], 5: [0.8776745796203613, 0.4691268801689148, 1.0], 6: [0.9523323774337769, 0.2888868749141693, 1.0], 7: [0.9903926253318787, 0.09754516184329987, 1.0], 8: [0.9903926849365234, -0.09754516184329987, 1.0], 9: [0.9523323774337769, -0.2888869047164917, 1.0], 10: [0.8776745200157166, -0.4691268503665924, 1.0], 11: [0.769288182258606, -0.6313385367393494, 1.0], 12: [1.2626770734786987, -1.538576364517212, 1.0], 13: [1.1869087219238281, -1.6007578372955322, 2.0], 14: [0.2888868749141693, -0.9523323774337769, 1.0], 15: [0.09754516184329987, -0.9903926253318787, 1.0], 16: [0.5972453951835632, -1.753077860655594e-08, 2.0], 17: [0.5972453951835632, -2.8049244704675402e-08, 0.0], 18: [1.7424790859222412, -3.9579927921295166, 0.0], 19: [1.5802674293518066, -4.012186050415039, 2.0], 20: [1.0246970653533936, -1.709144115447998, 2.0], 21: [1.1869087219238281, -1.6007578372955322, 0.0], 22: [0.9382537603378296, -1.7553491592407227, 1.0], 23: [1.0246970653533936, -1.709144115447998, 0.0], 24: [1.7424790859222412, -5.483757972717285, 1.0], 25: [1.5802674293518066, -5.483757972717285, 1.0], 26: [1.4938240051269531, -4.035288333892822, 1.0], 27: [1.5802674293518066, -4.012186050415039, 0.0], 28: [1.7424790859222412, -3.9579927921295166, 2.0], 29: [1.8182473182678223, -3.9269020557403564, 1.0]}, 'editMode': True}, 'Cylinder', {'tolerance': 10}]
['Resize', {'value': (1, 1, 1.8), 'orient_type': 'GLOBAL', 'selectedVertices': [0, 1, 2, 3, 4, 5, 6, 7, 8, 9, 10, 11, 12, 13, 14, 15, 16, 17, 18, 19, 20, 21, 22, 23, 24, 25, 26, 27, 28, 29, 30, 31, 32, 33, 34, 35, 36, 37, 38, 39, 40, 41, 42, 43, 44, 45], 'vertices': {0: [0.0, 1.0000001192092896, -0.7999999523162842], 1: [0.0, 1.0000001192092896, 2.799999952316284], 2: [0.19509035348892212, 0.9807852506637573, -0.7999999523162842], 3: [0.19509035348892212, 0.9807852506637573, 2.799999952316284], 4: [0.3826834559440613, 0.9238795042037964, -0.7999999523162842], 5: [0.3826834559440613, 0.9238795042037964, 2.799999952316284], 6: [0.5555702447891235, 0.8314696550369263, -0.7999999523162842], 7: [0.5555702447891235, 0.8314696550369263, 2.799999952316284], 8: [0.7071067690849304, 0.7071067094802856, -0.7999999523162842], 9: [0.7071067690849304, 0.7071067094802856, 2.799999952316284], 10: [0.8314695954322815, 0.5555702447891235, -0.7999999523162842], 11: [0.8314695954322815, 0.5555702447891235, 2.799999952316284], 12: [0.9238795042037964, 0.3826833963394165, -0.7999999523162842], 13: [0.9238795042037964, 0.3826833963394165, 2.799999952316284], 14: [0.9807852506637573, 0.19509029388427734, -0.7999999523162842], 15: [0.9807852506637573, 0.19509029388427734, 2.799999952316284], 16: [1.0, 0.0, -0.7999999523162842], 17: [1.0, 0.0, 2.799999952316284], 18: [0.9807852506637573, -0.19509029388427734, -0.7999999523162842], 19: [0.9807852506637573, -0.19509029388427734, 2.799999952316284], 20: [0.9238795042037964, -0.3826834559440613, -0.7999999523162842], 21: [0.9238795042037964, -0.3826834559440613, 2.799999952316284], 22: [0.8314695954322815, -0.5555702447891235, -0.7999999523162842], 23: [0.8314695954322815, -0.5555702447891235, 2.799999952316284], 24: [0.7071067690849304, -0.7071067690849304, -0.7999999523162842], 25: [0.7071067690849304, -0.7071067690849304, 2.799999952316284], 26: [0.5555702447891235, -0.8314695954322815, -0.7999999523162842], 27: [0.5555702447891235, -0.8314695954322815, 2.799999952316284], 28: [0.3826834559440613, -0.9238795042037964, -0.7999999523162842], 29: [0.3826834559440613, -0.9238795042037964, 2.799999952316284], 30: [0.19509035348892212, -0.9807852506637573, -0.7999999523162842], 31: [0.19509035348892212, -0.9807852506637573, 2.799999952316284], 32: [0.0, -1.0, -0.7999999523162842], 33: [0.0, -1.0, 2.799999952316284], 34: [1.8182473182678223, -2.3700459003448486, 2.799999952316284], 35: [1.8182473182678223, -2.3700459003448486, -0.7999999523162842], 36: [1.6667107343673706, -2.4944088459014893, -0.7999999523162842], 37: [1.6667107343673706, -2.4944088459014893, 2.799999952316284], 38: [1.4938240051269531, -2.5868186950683594, -0.7999999523162842], 39: [1.4938240051269531, -2.5868186950683594, 2.799999952316284], 40: [1.8182473182678223, -5.483757972717285, 2.799999952316284], 41: [1.8182473182678223, -5.483757972717285, -0.7999999523162842], 42: [1.6667107343673706, -5.483757972717285, -0.7999999523162842], 43: [1.6667107343673706, -5.483757972717285, 2.799999952316284], 44: [1.4938240051269531, -5.483757972717285, -0.7999999523162842], 45: [1.4938240051269531, -5.483757972717285, 2.799999952316284]}, 'faces': {0: [0.09754517674446106, 0.9903926849365234, 1.0], 1: [0.2888869047164917, 0.9523323774337769, 1.0], 2: [0.4691268503665924, 0.8776745796203613, 1.0], 3: [0.6313385367393494, 0.769288182258606, 1.0], 4: [0.769288182258606, 0.6313384771347046, 1.0], 5: [0.8776745796203613, 0.46912682056427, 1.0], 6: [0.9523323774337769, 0.2888868451118469, 1.0], 7: [0.9903926253318787, 0.09754514694213867, 1.0], 8: [0.9903926849365234, -0.09754514694213867, 1.0], 9: [0.9523323774337769, -0.2888868749141693, 1.0], 10: [0.8776745200157166, -0.4691268503665924, 1.0], 11: [0.769288182258606, -0.6313385367393494, 1.0], 12: [1.2626770734786987, -1.538576364517212, 1.0], 13: [1.1869087219238281, -1.6007578372955322, 2.799999952316284], 14: [0.2888869047164917, -0.9523323774337769, 1.0], 15: [0.09754517674446106, -0.9903926253318787, 1.0], 16: [0.5972453951835632, 7.0123111761688506e-09, 2.799999475479126], 17: [0.5972453951835632, -2.8049244704675402e-08, -0.8000000715255737], 18: [1.7424790859222412, -3.9579927921295166, -0.7999999523162842], 19: [1.5802674293518066, -4.012186050415039, 2.799999952316284], 20: [1.0246970653533936, -1.709144115447998, 2.799999952316284], 21: [1.1869087219238281, -1.6007578372955322, -0.7999999523162842], 22: [0.9382537603378296, -1.7553491592407227, 1.0], 23: [1.0246970653533936, -1.709144115447998, -0.7999999523162842], 24: [1.7424790859222412, -5.483757972717285, 1.0], 25: [1.5802674293518066, -5.483757972717285, 1.0], 26: [1.4938240051269531, -4.035288333892822, 1.0], 27: [1.5802674293518066, -4.012186050415039, -0.7999999523162842], 28: [1.7424790859222412, -3.9579927921295166, 2.799999952316284], 29: [1.8182473182678223, -3.9269020557403564, 1.0]}, 'editMode': True}, 'Cylinder', {'tolerance': 10}]
['Toggle Edit Mode', {'editMode': False}, 'Cylinder', {'tolerance': 10}]
['Add Cylinder', {'enter_editmode': False, 'align': 'WORLD', 'editMode': False}, 'Cylinder.001', {'tolerance': 10}]
['Add Cylinder', {'action': 'DESELECT', 'editMode': False}, 'Cylinder.001', {'tolerance': 10}]
['Toggle Edit Mode', {'vertices': {0: [0.0, 1.0, -1.0], 1: [0.0, 1.0, 1.0], 2: [0.19509032368659973, 0.9807852506637573, -1.0], 3: [0.19509032368659973, 0.9807852506637573, 1.0], 4: [0.3826834559440613, 0.9238795042037964, -1.0], 5: [0.3826834559440613, 0.9238795042037964, 1.0], 6: [0.5555702447891235, 0.8314695954322815, -1.0], 7: [0.5555702447891235, 0.8314695954322815, 1.0], 8: [0.7071067690849304, 0.7071067690849304, -1.0], 9: [0.7071067690849304, 0.7071067690849304, 1.0], 10: [0.8314695954322815, 0.5555702447891235, -1.0], 11: [0.8314695954322815, 0.5555702447891235, 1.0], 12: [0.9238795042037964, 0.3826834559440613, -1.0], 13: [0.9238795042037964, 0.3826834559440613, 1.0], 14: [0.9807852506637573, 0.19509032368659973, -1.0], 15: [0.9807852506637573, 0.19509032368659973, 1.0], 16: [1.0, 0.0, -1.0], 17: [1.0, 0.0, 1.0], 18: [0.9807852506637573, -0.19509032368659973, -1.0], 19: [0.9807852506637573, -0.19509032368659973, 1.0], 20: [0.9238795042037964, -0.3826834559440613, -1.0], 21: [0.9238795042037964, -0.3826834559440613, 1.0], 22: [0.8314695954322815, -0.5555702447891235, -1.0], 23: [0.8314695954322815, -0.5555702447891235, 1.0], 24: [0.7071067690849304, -0.7071067690849304, -1.0], 25: [0.7071067690849304, -0.7071067690849304, 1.0], 26: [0.5555702447891235, -0.8314695954322815, -1.0], 27: [0.5555702447891235, -0.8314695954322815, 1.0], 28: [0.3826834559440613, -0.9238795042037964, -1.0], 29: [0.3826834559440613, -0.9238795042037964, 1.0], 30: [0.19509032368659973, -0.9807852506637573, -1.0], 31: [0.19509032368659973, -0.9807852506637573, 1.0], 32: [0.0, -1.0, -1.0], 33: [0.0, -1.0, 1.0], 34: [-0.19509032368659973, -0.9807852506637573, -1.0], 35: [-0.19509032368659973, -0.9807852506637573, 1.0], 36: [-0.3826834559440613, -0.9238795042037964, -1.0], 37: [-0.3826834559440613, -0.9238795042037964, 1.0], 38: [-0.5555702447891235, -0.8314695954322815, -1.0], 39: [-0.5555702447891235, -0.8314695954322815, 1.0], 40: [-0.7071067690849304, -0.7071067690849304, -1.0], 41: [-0.7071067690849304, -0.7071067690849304, 1.0], 42: [-0.8314695954322815, -0.5555702447891235, -1.0], 43: [-0.8314695954322815, -0.5555702447891235, 1.0], 44: [-0.9238795042037964, -0.3826834559440613, -1.0], 45: [-0.9238795042037964, -0.3826834559440613, 1.0], 46: [-0.9807852506637573, -0.19509032368659973, -1.0], 47: [-0.9807852506637573, -0.19509032368659973, 1.0], 48: [-1.0, 0.0, -1.0], 49: [-1.0, 0.0, 1.0], 50: [-0.9807852506637573, 0.19509032368659973, -1.0], 51: [-0.9807852506637573, 0.19509032368659973, 1.0], 52: [-0.9238795042037964, 0.3826834559440613, -1.0], 53: [-0.9238795042037964, 0.3826834559440613, 1.0], 54: [-0.8314695954322815, 0.5555702447891235, -1.0], 55: [-0.8314695954322815, 0.5555702447891235, 1.0], 56: [-0.7071067690849304, 0.7071067690849304, -1.0], 57: [-0.7071067690849304, 0.7071067690849304, 1.0], 58: [-0.5555702447891235, 0.8314695954322815, -1.0], 59: [-0.5555702447891235, 0.8314695954322815, 1.0], 60: [-0.3826834559440613, 0.9238795042037964, -1.0], 61: [-0.3826834559440613, 0.9238795042037964, 1.0], 62: [-0.19509032368659973, 0.9807852506637573, -1.0], 63: [-0.19509032368659973, 0.9807852506637573, 1.0]}, 'faces': {0: [0.09754516184329987, 0.9903926849365234, 0.0], 1: [0.2888869047164917, 0.9523323774337769, 0.0], 2: [0.4691268503665924, 0.8776745200157166, 0.0], 3: [0.6313385367393494, 0.769288182258606, 0.0], 4: [0.769288182258606, 0.6313384771347046, 0.0], 5: [0.8776745796203613, 0.4691268801689148, 0.0], 6: [0.9523323774337769, 0.2888868749141693, 0.0], 7: [0.9903926253318787, 0.09754516184329987, 0.0], 8: [0.9903926849365234, -0.09754516184329987, 0.0], 9: [0.9523323774337769, -0.2888869047164917, 0.0], 10: [0.8776745200157166, -0.4691268503665924, 0.0], 11: [0.769288182258606, -0.6313385367393494, 0.0], 12: [0.6313384771347046, -0.769288182258606, 0.0], 13: [0.4691268801689148, -0.8776745796203613, 0.0], 14: [0.2888868749141693, -0.9523323774337769, 0.0], 15: [0.09754516184329987, -0.9903926253318787, 0.0], 16: [-0.09754516184329987, -0.9903926849365234, 0.0], 17: [-0.2888869047164917, -0.9523323774337769, 0.0], 18: [-0.4691268503665924, -0.8776745200157166, 0.0], 19: [-0.6313385367393494, -0.769288182258606, 0.0], 20: [-0.769288182258606, -0.6313384771347046, 0.0], 21: [-0.8776745796203613, -0.4691268801689148, 0.0], 22: [-0.9523323774337769, -0.2888868749141693, 0.0], 23: [-0.9903926253318787, -0.09754516184329987, 0.0], 24: [-0.9903926849365234, 0.09754516184329987, 0.0], 25: [-0.9523323774337769, 0.2888869047164917, 0.0], 26: [-0.8776745200157166, 0.4691268503665924, 0.0], 27: [-0.769288182258606, 0.6313385367393494, 0.0], 28: [-0.6313384771347046, 0.769288182258606, 0.0], 29: [-0.4691268801689148, 0.8776745796203613, 0.0], 30: [-1.4901161193847656e-08, -9.313225746154785e-09, 1.0], 31: [-0.2888868749141693, 0.9523323774337769, 0.0], 32: [-0.09754516184329987, 0.9903926253318787, 0.0], 33: [1.210719347000122e-08, 1.4901161193847656e-08, -1.0]}, 'editMode': True}, 'Cylinder.001', {'tolerance': 10}]
['Resize', {'value': (1, 1, 3), 'orient_type': 'GLOBAL', 'selectedVertices': [0, 1, 2, 3, 4, 5, 6, 7, 8, 9, 10, 11, 12, 13, 14, 15, 16, 17, 18, 19, 20, 21, 22, 23, 24, 25, 26, 27, 28, 29, 30, 31, 32, 33, 34, 35, 36, 37, 38, 39, 40, 41, 42, 43, 44, 45, 46, 47, 48, 49, 50, 51, 52, 53, 54, 55, 56, 57, 58, 59, 60, 61, 62, 63], 'vertices': {0: [0.0, 1.0, -3.0], 1: [0.0, 1.0, 3.0], 2: [0.19509032368659973, 0.9807852506637573, -3.0], 3: [0.19509032368659973, 0.9807852506637573, 3.0], 4: [0.3826834559440613, 0.9238795042037964, -3.0], 5: [0.3826834559440613, 0.9238795042037964, 3.0], 6: [0.5555702447891235, 0.8314695954322815, -3.0], 7: [0.5555702447891235, 0.8314695954322815, 3.0], 8: [0.7071067690849304, 0.7071067690849304, -3.0], 9: [0.7071067690849304, 0.7071067690849304, 3.0], 10: [0.8314695954322815, 0.5555702447891235, -3.0], 11: [0.8314695954322815, 0.5555702447891235, 3.0], 12: [0.9238795042037964, 0.3826834559440613, -3.0], 13: [0.9238795042037964, 0.3826834559440613, 3.0], 14: [0.9807852506637573, 0.19509032368659973, -3.0], 15: [0.9807852506637573, 0.19509032368659973, 3.0], 16: [1.0, 0.0, -3.0], 17: [1.0, 0.0, 3.0], 18: [0.9807852506637573, -0.19509032368659973, -3.0], 19: [0.9807852506637573, -0.19509032368659973, 3.0], 20: [0.9238795042037964, -0.3826834559440613, -3.0], 21: [0.9238795042037964, -0.3826834559440613, 3.0], 22: [0.8314695954322815, -0.5555702447891235, -3.0], 23: [0.8314695954322815, -0.5555702447891235, 3.0], 24: [0.7071067690849304, -0.7071067690849304, -3.0], 25: [0.7071067690849304, -0.7071067690849304, 3.0], 26: [0.5555702447891235, -0.8314695954322815, -3.0], 27: [0.5555702447891235, -0.8314695954322815, 3.0], 28: [0.3826834559440613, -0.9238795042037964, -3.0], 29: [0.3826834559440613, -0.9238795042037964, 3.0], 30: [0.19509032368659973, -0.9807852506637573, -3.0], 31: [0.19509032368659973, -0.9807852506637573, 3.0], 32: [0.0, -1.0, -3.0], 33: [0.0, -1.0, 3.0], 34: [-0.19509032368659973, -0.9807852506637573, -3.0], 35: [-0.19509032368659973, -0.9807852506637573, 3.0], 36: [-0.3826834559440613, -0.9238795042037964, -3.0], 37: [-0.3826834559440613, -0.9238795042037964, 3.0], 38: [-0.5555702447891235, -0.8314695954322815, -3.0], 39: [-0.5555702447891235, -0.8314695954322815, 3.0], 40: [-0.7071067690849304, -0.7071067690849304, -3.0], 41: [-0.7071067690849304, -0.7071067690849304, 3.0], 42: [-0.8314695954322815, -0.5555702447891235, -3.0], 43: [-0.8314695954322815, -0.5555702447891235, 3.0], 44: [-0.9238795042037964, -0.3826834559440613, -3.0], 45: [-0.9238795042037964, -0.3826834559440613, 3.0], 46: [-0.9807852506637573, -0.19509032368659973, -3.0], 47: [-0.9807852506637573, -0.19509032368659973, 3.0], 48: [-1.0, 0.0, -3.0], 49: [-1.0, 0.0, 3.0], 50: [-0.9807852506637573, 0.19509032368659973, -3.0], 51: [-0.9807852506637573, 0.19509032368659973, 3.0], 52: [-0.9238795042037964, 0.3826834559440613, -3.0], 53: [-0.9238795042037964, 0.3826834559440613, 3.0], 54: [-0.8314695954322815, 0.5555702447891235, -3.0], 55: [-0.8314695954322815, 0.5555702447891235, 3.0], 56: [-0.7071067690849304, 0.7071067690849304, -3.0], 57: [-0.7071067690849304, 0.7071067690849304, 3.0], 58: [-0.5555702447891235, 0.8314695954322815, -3.0], 59: [-0.5555702447891235, 0.8314695954322815, 3.0], 60: [-0.3826834559440613, 0.9238795042037964, -3.0], 61: [-0.3826834559440613, 0.9238795042037964, 3.0], 62: [-0.19509032368659973, 0.9807852506637573, -3.0], 63: [-0.19509032368659973, 0.9807852506637573, 3.0]}, 'faces': {0: [0.09754516184329987, 0.9903926849365234, 0.0], 1: [0.2888869047164917, 0.9523323774337769, 0.0], 2: [0.4691268503665924, 0.8776745200157166, 0.0], 3: [0.6313385367393494, 0.769288182258606, 0.0], 4: [0.769288182258606, 0.6313384771347046, 0.0], 5: [0.8776745796203613, 0.4691268801689148, 0.0], 6: [0.9523323774337769, 0.2888868749141693, 0.0], 7: [0.9903926253318787, 0.09754516184329987, 0.0], 8: [0.9903926849365234, -0.09754516184329987, 0.0], 9: [0.9523323774337769, -0.2888869047164917, 0.0], 10: [0.8776745200157166, -0.4691268503665924, 0.0], 11: [0.769288182258606, -0.6313385367393494, 0.0], 12: [0.6313384771347046, -0.769288182258606, 0.0], 13: [0.4691268801689148, -0.8776745796203613, 0.0], 14: [0.2888868749141693, -0.9523323774337769, 0.0], 15: [0.09754516184329987, -0.9903926253318787, 0.0], 16: [-0.09754516184329987, -0.9903926849365234, 0.0], 17: [-0.2888869047164917, -0.9523323774337769, 0.0], 18: [-0.4691268503665924, -0.8776745200157166, 0.0], 19: [-0.6313385367393494, -0.769288182258606, 0.0], 20: [-0.769288182258606, -0.6313384771347046, 0.0], 21: [-0.8776745796203613, -0.4691268801689148, 0.0], 22: [-0.9523323774337769, -0.2888868749141693, 0.0], 23: [-0.9903926253318787, -0.09754516184329987, 0.0], 24: [-0.9903926849365234, 0.09754516184329987, 0.0], 25: [-0.9523323774337769, 0.2888869047164917, 0.0], 26: [-0.8776745200157166, 0.4691268503665924, 0.0], 27: [-0.769288182258606, 0.6313385367393494, 0.0], 28: [-0.6313384771347046, 0.769288182258606, 0.0], 29: [-0.4691268801689148, 0.8776745796203613, 0.0], 30: [-1.4901161193847656e-08, -9.313225746154785e-09, 3.0], 31: [-0.2888868749141693, 0.9523323774337769, 0.0], 32: [-0.09754516184329987, 0.9903926253318787, 0.0], 33: [1.210719347000122e-08, 1.4901161193847656e-08, -3.0]}, 'editMode': True}, 'Cylinder.001', {'tolerance': 10}]
['Move', {'value': (0, 0, 1), 'orient_axis_ortho': 'X', 'selectedVertices': [0, 1, 2, 3, 4, 5, 6, 7, 8, 9, 10, 11, 12, 13, 14, 15, 16, 17, 18, 19, 20, 21, 22, 23, 24, 25, 26, 27, 28, 29, 30, 31, 32, 33, 34, 35, 36, 37, 38, 39, 40, 41, 42, 43, 44, 45, 46, 47, 48, 49, 50, 51, 52, 53, 54, 55, 56, 57, 58, 59, 60, 61, 62, 63], 'vertices': {0: [0.0, 1.0, -2.0], 1: [0.0, 1.0, 4.0], 2: [0.19509032368659973, 0.9807852506637573, -2.0], 3: [0.19509032368659973, 0.9807852506637573, 4.0], 4: [0.3826834559440613, 0.9238795042037964, -2.0], 5: [0.3826834559440613, 0.9238795042037964, 4.0], 6: [0.5555702447891235, 0.8314695954322815, -2.0], 7: [0.5555702447891235, 0.8314695954322815, 4.0], 8: [0.7071067690849304, 0.7071067690849304, -2.0], 9: [0.7071067690849304, 0.7071067690849304, 4.0], 10: [0.8314695954322815, 0.5555702447891235, -2.0], 11: [0.8314695954322815, 0.5555702447891235, 4.0], 12: [0.9238795042037964, 0.3826834559440613, -2.0], 13: [0.9238795042037964, 0.3826834559440613, 4.0], 14: [0.9807852506637573, 0.19509032368659973, -2.0], 15: [0.9807852506637573, 0.19509032368659973, 4.0], 16: [1.0, 0.0, -2.0], 17: [1.0, 0.0, 4.0], 18: [0.9807852506637573, -0.19509032368659973, -2.0], 19: [0.9807852506637573, -0.19509032368659973, 4.0], 20: [0.9238795042037964, -0.3826834559440613, -2.0], 21: [0.9238795042037964, -0.3826834559440613, 4.0], 22: [0.8314695954322815, -0.5555702447891235, -2.0], 23: [0.8314695954322815, -0.5555702447891235, 4.0], 24: [0.7071067690849304, -0.7071067690849304, -2.0], 25: [0.7071067690849304, -0.7071067690849304, 4.0], 26: [0.5555702447891235, -0.8314695954322815, -2.0], 27: [0.5555702447891235, -0.8314695954322815, 4.0], 28: [0.3826834559440613, -0.9238795042037964, -2.0], 29: [0.3826834559440613, -0.9238795042037964, 4.0], 30: [0.19509032368659973, -0.9807852506637573, -2.0], 31: [0.19509032368659973, -0.9807852506637573, 4.0], 32: [0.0, -1.0, -2.0], 33: [0.0, -1.0, 4.0], 34: [-0.19509032368659973, -0.9807852506637573, -2.0], 35: [-0.19509032368659973, -0.9807852506637573, 4.0], 36: [-0.3826834559440613, -0.9238795042037964, -2.0], 37: [-0.3826834559440613, -0.9238795042037964, 4.0], 38: [-0.5555702447891235, -0.8314695954322815, -2.0], 39: [-0.5555702447891235, -0.8314695954322815, 4.0], 40: [-0.7071067690849304, -0.7071067690849304, -2.0], 41: [-0.7071067690849304, -0.7071067690849304, 4.0], 42: [-0.8314695954322815, -0.5555702447891235, -2.0], 43: [-0.8314695954322815, -0.5555702447891235, 4.0], 44: [-0.9238795042037964, -0.3826834559440613, -2.0], 45: [-0.9238795042037964, -0.3826834559440613, 4.0], 46: [-0.9807852506637573, -0.19509032368659973, -2.0], 47: [-0.9807852506637573, -0.19509032368659973, 4.0], 48: [-1.0, 0.0, -2.0], 49: [-1.0, 0.0, 4.0], 50: [-0.9807852506637573, 0.19509032368659973, -2.0], 51: [-0.9807852506637573, 0.19509032368659973, 4.0], 52: [-0.9238795042037964, 0.3826834559440613, -2.0], 53: [-0.9238795042037964, 0.3826834559440613, 4.0], 54: [-0.8314695954322815, 0.5555702447891235, -2.0], 55: [-0.8314695954322815, 0.5555702447891235, 4.0], 56: [-0.7071067690849304, 0.7071067690849304, -2.0], 57: [-0.7071067690849304, 0.7071067690849304, 4.0], 58: [-0.5555702447891235, 0.8314695954322815, -2.0], 59: [-0.5555702447891235, 0.8314695954322815, 4.0], 60: [-0.3826834559440613, 0.9238795042037964, -2.0], 61: [-0.3826834559440613, 0.9238795042037964, 4.0], 62: [-0.19509032368659973, 0.9807852506637573, -2.0], 63: [-0.19509032368659973, 0.9807852506637573, 4.0]}, 'faces': {0: [0.09754516184329987, 0.9903926849365234, 1.0], 1: [0.2888869047164917, 0.9523323774337769, 1.0], 2: [0.4691268503665924, 0.8776745200157166, 1.0], 3: [0.6313385367393494, 0.769288182258606, 1.0], 4: [0.769288182258606, 0.6313384771347046, 1.0], 5: [0.8776745796203613, 0.4691268801689148, 1.0], 6: [0.9523323774337769, 0.2888868749141693, 1.0], 7: [0.9903926253318787, 0.09754516184329987, 1.0], 8: [0.9903926849365234, -0.09754516184329987, 1.0], 9: [0.9523323774337769, -0.2888869047164917, 1.0], 10: [0.8776745200157166, -0.4691268503665924, 1.0], 11: [0.769288182258606, -0.6313385367393494, 1.0], 12: [0.6313384771347046, -0.769288182258606, 1.0], 13: [0.4691268801689148, -0.8776745796203613, 1.0], 14: [0.2888868749141693, -0.9523323774337769, 1.0], 15: [0.09754516184329987, -0.9903926253318787, 1.0], 16: [-0.09754516184329987, -0.9903926849365234, 1.0], 17: [-0.2888869047164917, -0.9523323774337769, 1.0], 18: [-0.4691268503665924, -0.8776745200157166, 1.0], 19: [-0.6313385367393494, -0.769288182258606, 1.0], 20: [-0.769288182258606, -0.6313384771347046, 1.0], 21: [-0.8776745796203613, -0.4691268801689148, 1.0], 22: [-0.9523323774337769, -0.2888868749141693, 1.0], 23: [-0.9903926253318787, -0.09754516184329987, 1.0], 24: [-0.9903926849365234, 0.09754516184329987, 1.0], 25: [-0.9523323774337769, 0.2888869047164917, 1.0], 26: [-0.8776745200157166, 0.4691268503665924, 1.0], 27: [-0.769288182258606, 0.6313385367393494, 1.0], 28: [-0.6313384771347046, 0.769288182258606, 1.0], 29: [-0.4691268801689148, 0.8776745796203613, 1.0], 30: [-1.4901161193847656e-08, -9.313225746154785e-09, 4.0], 31: [-0.2888868749141693, 0.9523323774337769, 1.0], 32: [-0.09754516184329987, 0.9903926253318787, 1.0], 33: [1.210719347000122e-08, 1.4901161193847656e-08, -2.0]}, 'editMode': True}, 'Cylinder.001', {'tolerance': 10}]
['Resize', {'value': (0.7, 0.7, 0.7), 'orient_type': 'GLOBAL', 'selectedVertices': [0, 1, 2, 3, 4, 5, 6, 7, 8, 9, 10, 11, 12, 13, 14, 15, 16, 17, 18, 19, 20, 21, 22, 23, 24, 25, 26, 27, 28, 29, 30, 31, 32, 33, 34, 35, 36, 37, 38, 39, 40, 41, 42, 43, 44, 45, 46, 47, 48, 49, 50, 51, 52, 53, 54, 55, 56, 57, 58, 59, 60, 61, 62, 63], 'vertices': {0: [3.632158573907418e-09, 0.699999988079071, -1.0999999046325684], 1: [3.632158573907418e-09, 0.699999988079071, 3.0999999046325684], 2: [0.1365632265806198, 0.6865496635437012, -1.0999999046325684], 3: [0.1365632265806198, 0.6865496635437012, 3.0999999046325684], 4: [0.2678784132003784, 0.6467156410217285, -1.0999999046325684], 5: [0.2678784132003784, 0.6467156410217285, 3.0999999046325684], 6: [0.38889917731285095, 0.5820286870002747, -1.0999999046325684], 7: [0.38889917731285095, 0.5820286870002747, 3.0999999046325684], 8: [0.4949747323989868, 0.4949747323989868, -1.0999999046325684], 9: [0.4949747323989868, 0.4949747323989868, 3.0999999046325684], 10: [0.5820286870002747, 0.38889917731285095, -1.0999999046325684], 11: [0.5820286870002747, 0.38889917731285095, 3.0999999046325684], 12: [0.6467156410217285, 0.2678784132003784, -1.0999999046325684], 13: [0.6467156410217285, 0.2678784132003784, 3.0999999046325684], 14: [0.6865496635437012, 0.1365632265806198, -1.0999999046325684], 15: [0.6865496635437012, 0.1365632265806198, 3.0999999046325684], 16: [0.699999988079071, 5.587935669737476e-10, -1.0999999046325684], 17: [0.699999988079071, 5.587935669737476e-10, 3.0999999046325684], 18: [0.6865496635437012, -0.1365632265806198, -1.0999999046325684], 19: [0.6865496635437012, -0.1365632265806198, 3.0999999046325684], 20: [0.6467156410217285, -0.2678784132003784, -1.0999999046325684], 21: [0.6467156410217285, -0.2678784132003784, 3.0999999046325684], 22: [0.5820286870002747, -0.38889917731285095, -1.0999999046325684], 23: [0.5820286870002747, -0.38889917731285095, 3.0999999046325684], 24: [0.4949747323989868, -0.4949747323989868, -1.0999999046325684], 25: [0.4949747323989868, -0.4949747323989868, 3.0999999046325684], 26: [0.38889917731285095, -0.5820286870002747, -1.0999999046325684], 27: [0.38889917731285095, -0.5820286870002747, 3.0999999046325684], 28: [0.2678784132003784, -0.6467156410217285, -1.0999999046325684], 29: [0.2678784132003784, -0.6467156410217285, 3.0999999046325684], 30: [0.1365632265806198, -0.6865496635437012, -1.0999999046325684], 31: [0.1365632265806198, -0.6865496635437012, 3.0999999046325684], 32: [3.632158573907418e-09, -0.699999988079071, -1.0999999046325684], 33: [3.632158573907418e-09, -0.699999988079071, 3.0999999046325684], 34: [-0.1365632265806198, -0.6865496635437012, -1.0999999046325684], 35: [-0.1365632265806198, -0.6865496635437012, 3.0999999046325684], 36: [-0.2678784132003784, -0.6467156410217285, -1.0999999046325684], 37: [-0.2678784132003784, -0.6467156410217285, 3.0999999046325684], 38: [-0.38889917731285095, -0.5820286870002747, -1.0999999046325684], 39: [-0.38889917731285095, -0.5820286870002747, 3.0999999046325684], 40: [-0.4949747323989868, -0.4949747323989868, -1.0999999046325684], 41: [-0.4949747323989868, -0.4949747323989868, 3.0999999046325684], 42: [-0.5820286870002747, -0.38889917731285095, -1.0999999046325684], 43: [-0.5820286870002747, -0.38889917731285095, 3.0999999046325684], 44: [-0.6467156410217285, -0.2678784132003784, -1.0999999046325684], 45: [-0.6467156410217285, -0.2678784132003784, 3.0999999046325684], 46: [-0.6865496635437012, -0.1365632265806198, -1.0999999046325684], 47: [-0.6865496635437012, -0.1365632265806198, 3.0999999046325684], 48: [-0.699999988079071, 5.587935669737476e-10, -1.0999999046325684], 49: [-0.699999988079071, 5.587935669737476e-10, 3.0999999046325684], 50: [-0.6865496635437012, 0.1365632265806198, -1.0999999046325684], 51: [-0.6865496635437012, 0.1365632265806198, 3.0999999046325684], 52: [-0.6467156410217285, 0.2678784132003784, -1.0999999046325684], 53: [-0.6467156410217285, 0.2678784132003784, 3.0999999046325684], 54: [-0.5820286870002747, 0.38889917731285095, -1.0999999046325684], 55: [-0.5820286870002747, 0.38889917731285095, 3.0999999046325684], 56: [-0.4949747323989868, 0.4949747323989868, -1.0999999046325684], 57: [-0.4949747323989868, 0.4949747323989868, 3.0999999046325684], 58: [-0.38889917731285095, 0.5820286870002747, -1.0999999046325684], 59: [-0.38889917731285095, 0.5820286870002747, 3.0999999046325684], 60: [-0.2678784132003784, 0.6467156410217285, -1.0999999046325684], 61: [-0.2678784132003784, 0.6467156410217285, 3.0999999046325684], 62: [-0.1365632265806198, 0.6865496635437012, -1.0999999046325684], 63: [-0.1365632265806198, 0.6865496635437012, 3.0999999046325684]}, 'faces': {0: [0.0682816132903099, 0.6932748556137085, 1.0], 1: [0.2022208273410797, 0.6666326522827148, 1.0], 2: [0.3283888101577759, 0.6143721342086792, 1.0], 3: [0.4419369399547577, 0.5385017395019531, 1.0], 4: [0.5385016798973083, 0.4419369697570801, 1.0], 5: [0.6143721342086792, 0.3283887803554535, 1.0], 6: [0.6666326522827148, 0.2022208273410797, 1.0], 7: [0.6932748556137085, 0.0682816132903099, 1.0], 8: [0.6932748556137085, -0.0682816132903099, 1.0], 9: [0.6666326522827148, -0.2022208273410797, 1.0], 10: [0.6143721342086792, -0.3283888101577759, 1.0], 11: [0.5385017395019531, -0.4419369399547577, 1.0], 12: [0.4419369697570801, -0.5385016798973083, 1.0], 13: [0.3283887803554535, -0.6143721342086792, 1.0], 14: [0.2022208273410797, -0.6666326522827148, 1.0], 15: [0.0682816132903099, -0.6932748556137085, 1.0], 16: [-0.0682816132903099, -0.6932748556137085, 1.0], 17: [-0.2022208273410797, -0.6666326522827148, 1.0], 18: [-0.3283888101577759, -0.6143721342086792, 1.0], 19: [-0.4419369399547577, -0.5385017395019531, 1.0], 20: [-0.5385016798973083, -0.4419369697570801, 1.0], 21: [-0.6143721342086792, -0.3283887803554535, 1.0], 22: [-0.6666326522827148, -0.2022208273410797, 1.0], 23: [-0.6932748556137085, -0.0682816132903099, 1.0], 24: [-0.6932748556137085, 0.0682816132903099, 1.0], 25: [-0.6666326522827148, 0.2022208273410797, 1.0], 26: [-0.6143721342086792, 0.3283888101577759, 1.0], 27: [-0.5385017395019531, 0.4419369399547577, 1.0], 28: [-0.4419369697570801, 0.5385016798973083, 1.0], 29: [-0.3283887803554535, 0.6143721342086792, 1.0], 30: [-4.6566128730773926e-09, 9.313225746154785e-09, 3.099999189376831], 31: [-0.2022208273410797, 0.6666326522827148, 1.0], 32: [-0.0682816132903099, 0.6932748556137085, 1.0], 33: [6.984919309616089e-09, -7.450580596923828e-09, -1.1000001430511475]}, 'editMode': True}, 'Cylinder.001', {'tolerance': 10}]
['Toggle Edit Mode', {'editMode': False}, 'Cylinder.001', {'tolerance': 10}]
['Add Modifier', {'type': 'BOOLEAN', 'editMode': False}, 'Cylinder', {'tolerance': 10}]
[' bpy context object modifiers', {'group': 'Boolean', 'subgroup': 'Cylinder.001', 'object': 'bpy.data.objects', 'editMode': False}, 'Cylinder', {'tolerance': 10}]
[' bpy context space_data', {'context': "'OBJECT'", 'editMode': False}, 'Cylinder.001', {'tolerance': 10}]
[' bpy context object', {'display_type': "'WIRE'", 'editMode': False}, 'Cylinder.001', {'tolerance': 10}]
['Toggle Edit Mode', {'vertices': {0: [3.632158573907418e-09, 0.699999988079071, -1.0999999046325684], 1: [3.632158573907418e-09, 0.699999988079071, 3.0999999046325684], 2: [0.1365632265806198, 0.6865496635437012, -1.0999999046325684], 3: [0.1365632265806198, 0.6865496635437012, 3.0999999046325684], 4: [0.2678784132003784, 0.6467156410217285, -1.0999999046325684], 5: [0.2678784132003784, 0.6467156410217285, 3.0999999046325684], 6: [0.38889917731285095, 0.5820286870002747, -1.0999999046325684], 7: [0.38889917731285095, 0.5820286870002747, 3.0999999046325684], 8: [0.4949747323989868, 0.4949747323989868, -1.0999999046325684], 9: [0.4949747323989868, 0.4949747323989868, 3.0999999046325684], 10: [0.5820286870002747, 0.38889917731285095, -1.0999999046325684], 11: [0.5820286870002747, 0.38889917731285095, 3.0999999046325684], 12: [0.6467156410217285, 0.2678784132003784, -1.0999999046325684], 13: [0.6467156410217285, 0.2678784132003784, 3.0999999046325684], 14: [0.6865496635437012, 0.1365632265806198, -1.0999999046325684], 15: [0.6865496635437012, 0.1365632265806198, 3.0999999046325684], 16: [0.699999988079071, 5.587935669737476e-10, -1.0999999046325684], 17: [0.699999988079071, 5.587935669737476e-10, 3.0999999046325684], 18: [0.6865496635437012, -0.1365632265806198, -1.0999999046325684], 19: [0.6865496635437012, -0.1365632265806198, 3.0999999046325684], 20: [0.6467156410217285, -0.2678784132003784, -1.0999999046325684], 21: [0.6467156410217285, -0.2678784132003784, 3.0999999046325684], 22: [0.5820286870002747, -0.38889917731285095, -1.0999999046325684], 23: [0.5820286870002747, -0.38889917731285095, 3.0999999046325684], 24: [0.4949747323989868, -0.4949747323989868, -1.0999999046325684], 25: [0.4949747323989868, -0.4949747323989868, 3.0999999046325684], 26: [0.38889917731285095, -0.5820286870002747, -1.0999999046325684], 27: [0.38889917731285095, -0.5820286870002747, 3.0999999046325684], 28: [0.2678784132003784, -0.6467156410217285, -1.0999999046325684], 29: [0.2678784132003784, -0.6467156410217285, 3.0999999046325684], 30: [0.1365632265806198, -0.6865496635437012, -1.0999999046325684], 31: [0.1365632265806198, -0.6865496635437012, 3.0999999046325684], 32: [3.632158573907418e-09, -0.699999988079071, -1.0999999046325684], 33: [3.632158573907418e-09, -0.699999988079071, 3.0999999046325684], 34: [-0.1365632265806198, -0.6865496635437012, -1.0999999046325684], 35: [-0.1365632265806198, -0.6865496635437012, 3.0999999046325684], 36: [-0.2678784132003784, -0.6467156410217285, -1.0999999046325684], 37: [-0.2678784132003784, -0.6467156410217285, 3.0999999046325684], 38: [-0.38889917731285095, -0.5820286870002747, -1.0999999046325684], 39: [-0.38889917731285095, -0.5820286870002747, 3.0999999046325684], 40: [-0.4949747323989868, -0.4949747323989868, -1.0999999046325684], 41: [-0.4949747323989868, -0.4949747323989868, 3.0999999046325684], 42: [-0.5820286870002747, -0.38889917731285095, -1.0999999046325684], 43: [-0.5820286870002747, -0.38889917731285095, 3.0999999046325684], 44: [-0.6467156410217285, -0.2678784132003784, -1.0999999046325684], 45: [-0.6467156410217285, -0.2678784132003784, 3.0999999046325684], 46: [-0.6865496635437012, -0.1365632265806198, -1.0999999046325684], 47: [-0.6865496635437012, -0.1365632265806198, 3.0999999046325684], 48: [-0.699999988079071, 5.587935669737476e-10, -1.0999999046325684], 49: [-0.699999988079071, 5.587935669737476e-10, 3.0999999046325684], 50: [-0.6865496635437012, 0.1365632265806198, -1.0999999046325684], 51: [-0.6865496635437012, 0.1365632265806198, 3.0999999046325684], 52: [-0.6467156410217285, 0.2678784132003784, -1.0999999046325684], 53: [-0.6467156410217285, 0.2678784132003784, 3.0999999046325684], 54: [-0.5820286870002747, 0.38889917731285095, -1.0999999046325684], 55: [-0.5820286870002747, 0.38889917731285095, 3.0999999046325684], 56: [-0.4949747323989868, 0.4949747323989868, -1.0999999046325684], 57: [-0.4949747323989868, 0.4949747323989868, 3.0999999046325684], 58: [-0.38889917731285095, 0.5820286870002747, -1.0999999046325684], 59: [-0.38889917731285095, 0.5820286870002747, 3.0999999046325684], 60: [-0.2678784132003784, 0.6467156410217285, -1.0999999046325684], 61: [-0.2678784132003784, 0.6467156410217285, 3.0999999046325684], 62: [-0.1365632265806198, 0.6865496635437012, -1.0999999046325684], 63: [-0.1365632265806198, 0.6865496635437012, 3.0999999046325684]}, 'faces': {0: [0.0682816132903099, 0.6932748556137085, 1.0], 1: [0.2022208273410797, 0.6666326522827148, 1.0], 2: [0.3283888101577759, 0.6143721342086792, 1.0], 3: [0.4419369399547577, 0.5385017395019531, 1.0], 4: [0.5385016798973083, 0.4419369697570801, 1.0], 5: [0.6143721342086792, 0.3283887803554535, 1.0], 6: [0.6666326522827148, 0.2022208273410797, 1.0], 7: [0.6932748556137085, 0.0682816132903099, 1.0], 8: [0.6932748556137085, -0.0682816132903099, 1.0], 9: [0.6666326522827148, -0.2022208273410797, 1.0], 10: [0.6143721342086792, -0.3283888101577759, 1.0], 11: [0.5385017395019531, -0.4419369399547577, 1.0], 12: [0.4419369697570801, -0.5385016798973083, 1.0], 13: [0.3283887803554535, -0.6143721342086792, 1.0], 14: [0.2022208273410797, -0.6666326522827148, 1.0], 15: [0.0682816132903099, -0.6932748556137085, 1.0], 16: [-0.0682816132903099, -0.6932748556137085, 1.0], 17: [-0.2022208273410797, -0.6666326522827148, 1.0], 18: [-0.3283888101577759, -0.6143721342086792, 1.0], 19: [-0.4419369399547577, -0.5385017395019531, 1.0], 20: [-0.5385016798973083, -0.4419369697570801, 1.0], 21: [-0.6143721342086792, -0.3283887803554535, 1.0], 22: [-0.6666326522827148, -0.2022208273410797, 1.0], 23: [-0.6932748556137085, -0.0682816132903099, 1.0], 24: [-0.6932748556137085, 0.0682816132903099, 1.0], 25: [-0.6666326522827148, 0.2022208273410797, 1.0], 26: [-0.6143721342086792, 0.3283888101577759, 1.0], 27: [-0.5385017395019531, 0.4419369399547577, 1.0], 28: [-0.4419369697570801, 0.5385016798973083, 1.0], 29: [-0.3283887803554535, 0.6143721342086792, 1.0], 30: [-4.6566128730773926e-09, 9.313225746154785e-09, 3.099999189376831], 31: [-0.2022208273410797, 0.6666326522827148, 1.0], 32: [-0.0682816132903099, 0.6932748556137085, 1.0], 33: [6.984919309616089e-09, -7.450580596923828e-09, -1.1000001430511475]}, 'editMode': True}, 'Cylinder.001', {'tolerance': 10}]
['Add Cube', {'size': 2, 'enter_editmode': False, 'newVertices': [64, 65, 66, 67, 68, 69, 70, 71], 'newFaces': [34, 35, 36, 37, 38, 39], 'vertices': {0: [3.632158573907418e-09, 0.699999988079071, -1.0999999046325684], 1: [3.632158573907418e-09, 0.699999988079071, 3.0999999046325684], 2: [0.1365632265806198, 0.6865496635437012, -1.0999999046325684], 3: [0.1365632265806198, 0.6865496635437012, 3.0999999046325684], 4: [0.2678784132003784, 0.6467156410217285, -1.0999999046325684], 5: [0.2678784132003784, 0.6467156410217285, 3.0999999046325684], 6: [0.38889917731285095, 0.5820286870002747, -1.0999999046325684], 7: [0.38889917731285095, 0.5820286870002747, 3.0999999046325684], 8: [0.4949747323989868, 0.4949747323989868, -1.0999999046325684], 9: [0.4949747323989868, 0.4949747323989868, 3.0999999046325684], 10: [0.5820286870002747, 0.38889917731285095, -1.0999999046325684], 11: [0.5820286870002747, 0.38889917731285095, 3.0999999046325684], 12: [0.6467156410217285, 0.2678784132003784, -1.0999999046325684], 13: [0.6467156410217285, 0.2678784132003784, 3.0999999046325684], 14: [0.6865496635437012, 0.1365632265806198, -1.0999999046325684], 15: [0.6865496635437012, 0.1365632265806198, 3.0999999046325684], 16: [0.699999988079071, 5.587935669737476e-10, -1.0999999046325684], 17: [0.699999988079071, 5.587935669737476e-10, 3.0999999046325684], 18: [0.6865496635437012, -0.1365632265806198, -1.0999999046325684], 19: [0.6865496635437012, -0.1365632265806198, 3.0999999046325684], 20: [0.6467156410217285, -0.2678784132003784, -1.0999999046325684], 21: [0.6467156410217285, -0.2678784132003784, 3.0999999046325684], 22: [0.5820286870002747, -0.38889917731285095, -1.0999999046325684], 23: [0.5820286870002747, -0.38889917731285095, 3.0999999046325684], 24: [0.4949747323989868, -0.4949747323989868, -1.0999999046325684], 25: [0.4949747323989868, -0.4949747323989868, 3.0999999046325684], 26: [0.38889917731285095, -0.5820286870002747, -1.0999999046325684], 27: [0.38889917731285095, -0.5820286870002747, 3.0999999046325684], 28: [0.2678784132003784, -0.6467156410217285, -1.0999999046325684], 29: [0.2678784132003784, -0.6467156410217285, 3.0999999046325684], 30: [0.1365632265806198, -0.6865496635437012, -1.0999999046325684], 31: [0.1365632265806198, -0.6865496635437012, 3.0999999046325684], 32: [3.632158573907418e-09, -0.699999988079071, -1.0999999046325684], 33: [3.632158573907418e-09, -0.699999988079071, 3.0999999046325684], 34: [-0.1365632265806198, -0.6865496635437012, -1.0999999046325684], 35: [-0.1365632265806198, -0.6865496635437012, 3.0999999046325684], 36: [-0.2678784132003784, -0.6467156410217285, -1.0999999046325684], 37: [-0.2678784132003784, -0.6467156410217285, 3.0999999046325684], 38: [-0.38889917731285095, -0.5820286870002747, -1.0999999046325684], 39: [-0.38889917731285095, -0.5820286870002747, 3.0999999046325684], 40: [-0.4949747323989868, -0.4949747323989868, -1.0999999046325684], 41: [-0.4949747323989868, -0.4949747323989868, 3.0999999046325684], 42: [-0.5820286870002747, -0.38889917731285095, -1.0999999046325684], 43: [-0.5820286870002747, -0.38889917731285095, 3.0999999046325684], 44: [-0.6467156410217285, -0.2678784132003784, -1.0999999046325684], 45: [-0.6467156410217285, -0.2678784132003784, 3.0999999046325684], 46: [-0.6865496635437012, -0.1365632265806198, -1.0999999046325684], 47: [-0.6865496635437012, -0.1365632265806198, 3.0999999046325684], 48: [-0.699999988079071, 5.587935669737476e-10, -1.0999999046325684], 49: [-0.699999988079071, 5.587935669737476e-10, 3.0999999046325684], 50: [-0.6865496635437012, 0.1365632265806198, -1.0999999046325684], 51: [-0.6865496635437012, 0.1365632265806198, 3.0999999046325684], 52: [-0.6467156410217285, 0.2678784132003784, -1.0999999046325684], 53: [-0.6467156410217285, 0.2678784132003784, 3.0999999046325684], 54: [-0.5820286870002747, 0.38889917731285095, -1.0999999046325684], 55: [-0.5820286870002747, 0.38889917731285095, 3.0999999046325684], 56: [-0.4949747323989868, 0.4949747323989868, -1.0999999046325684], 57: [-0.4949747323989868, 0.4949747323989868, 3.0999999046325684], 58: [-0.38889917731285095, 0.5820286870002747, -1.0999999046325684], 59: [-0.38889917731285095, 0.5820286870002747, 3.0999999046325684], 60: [-0.2678784132003784, 0.6467156410217285, -1.0999999046325684], 61: [-0.2678784132003784, 0.6467156410217285, 3.0999999046325684], 62: [-0.1365632265806198, 0.6865496635437012, -1.0999999046325684], 63: [-0.1365632265806198, 0.6865496635437012, 3.0999999046325684], 64: [-1.0, -1.0, -1.0], 65: [-1.0, -1.0, 1.0], 66: [-1.0, 1.0, -1.0], 67: [-1.0, 1.0, 1.0], 68: [1.0, -1.0, -1.0], 69: [1.0, -1.0, 1.0], 70: [1.0, 1.0, -1.0], 71: [1.0, 1.0, 1.0]}, 'faces': {0: [0.0682816132903099, 0.6932748556137085, 1.0], 1: [0.2022208273410797, 0.6666326522827148, 1.0], 2: [0.3283888101577759, 0.6143721342086792, 1.0], 3: [0.4419369399547577, 0.5385017395019531, 1.0], 4: [0.5385016798973083, 0.4419369697570801, 1.0], 5: [0.6143721342086792, 0.3283887803554535, 1.0], 6: [0.6666326522827148, 0.2022208273410797, 1.0], 7: [0.6932748556137085, 0.0682816132903099, 1.0], 8: [0.6932748556137085, -0.0682816132903099, 1.0], 9: [0.6666326522827148, -0.2022208273410797, 1.0], 10: [0.6143721342086792, -0.3283888101577759, 1.0], 11: [0.5385017395019531, -0.4419369399547577, 1.0], 12: [0.4419369697570801, -0.5385016798973083, 1.0], 13: [0.3283887803554535, -0.6143721342086792, 1.0], 14: [0.2022208273410797, -0.6666326522827148, 1.0], 15: [0.0682816132903099, -0.6932748556137085, 1.0], 16: [-0.0682816132903099, -0.6932748556137085, 1.0], 17: [-0.2022208273410797, -0.6666326522827148, 1.0], 18: [-0.3283888101577759, -0.6143721342086792, 1.0], 19: [-0.4419369399547577, -0.5385017395019531, 1.0], 20: [-0.5385016798973083, -0.4419369697570801, 1.0], 21: [-0.6143721342086792, -0.3283887803554535, 1.0], 22: [-0.6666326522827148, -0.2022208273410797, 1.0], 23: [-0.6932748556137085, -0.0682816132903099, 1.0], 24: [-0.6932748556137085, 0.0682816132903099, 1.0], 25: [-0.6666326522827148, 0.2022208273410797, 1.0], 26: [-0.6143721342086792, 0.3283888101577759, 1.0], 27: [-0.5385017395019531, 0.4419369399547577, 1.0], 28: [-0.4419369697570801, 0.5385016798973083, 1.0], 29: [-0.3283887803554535, 0.6143721342086792, 1.0], 30: [-4.6566128730773926e-09, 9.313225746154785e-09, 3.099999189376831], 31: [-0.2022208273410797, 0.6666326522827148, 1.0], 32: [-0.0682816132903099, 0.6932748556137085, 1.0], 33: [6.984919309616089e-09, -7.450580596923828e-09, -1.1000001430511475], 34: [-1.0, 0.0, 0.0], 35: [0.0, 1.0, 0.0], 36: [1.0, 0.0, 0.0], 37: [0.0, -1.0, 0.0], 38: [0.0, 0.0, -1.0], 39: [0.0, 0.0, 1.0]}, 'editMode': True}, 'Cylinder.001', {'tolerance': 10}]
['Move', {'value': (0, -4, 0), 'orient_axis_ortho': 'X', 'selectedVertices': [64, 65, 66, 67, 68, 69, 70, 71], 'vertices': {0: [3.632158573907418e-09, 0.699999988079071, -1.0999999046325684], 1: [3.632158573907418e-09, 0.699999988079071, 3.0999999046325684], 2: [0.1365632265806198, 0.6865496635437012, -1.0999999046325684], 3: [0.1365632265806198, 0.6865496635437012, 3.0999999046325684], 4: [0.2678784132003784, 0.6467156410217285, -1.0999999046325684], 5: [0.2678784132003784, 0.6467156410217285, 3.0999999046325684], 6: [0.38889917731285095, 0.5820286870002747, -1.0999999046325684], 7: [0.38889917731285095, 0.5820286870002747, 3.0999999046325684], 8: [0.4949747323989868, 0.4949747323989868, -1.0999999046325684], 9: [0.4949747323989868, 0.4949747323989868, 3.0999999046325684], 10: [0.5820286870002747, 0.38889917731285095, -1.0999999046325684], 11: [0.5820286870002747, 0.38889917731285095, 3.0999999046325684], 12: [0.6467156410217285, 0.2678784132003784, -1.0999999046325684], 13: [0.6467156410217285, 0.2678784132003784, 3.0999999046325684], 14: [0.6865496635437012, 0.1365632265806198, -1.0999999046325684], 15: [0.6865496635437012, 0.1365632265806198, 3.0999999046325684], 16: [0.699999988079071, 5.587935669737476e-10, -1.0999999046325684], 17: [0.699999988079071, 5.587935669737476e-10, 3.0999999046325684], 18: [0.6865496635437012, -0.1365632265806198, -1.0999999046325684], 19: [0.6865496635437012, -0.1365632265806198, 3.0999999046325684], 20: [0.6467156410217285, -0.2678784132003784, -1.0999999046325684], 21: [0.6467156410217285, -0.2678784132003784, 3.0999999046325684], 22: [0.5820286870002747, -0.38889917731285095, -1.0999999046325684], 23: [0.5820286870002747, -0.38889917731285095, 3.0999999046325684], 24: [0.4949747323989868, -0.4949747323989868, -1.0999999046325684], 25: [0.4949747323989868, -0.4949747323989868, 3.0999999046325684], 26: [0.38889917731285095, -0.5820286870002747, -1.0999999046325684], 27: [0.38889917731285095, -0.5820286870002747, 3.0999999046325684], 28: [0.2678784132003784, -0.6467156410217285, -1.0999999046325684], 29: [0.2678784132003784, -0.6467156410217285, 3.0999999046325684], 30: [0.1365632265806198, -0.6865496635437012, -1.0999999046325684], 31: [0.1365632265806198, -0.6865496635437012, 3.0999999046325684], 32: [3.632158573907418e-09, -0.699999988079071, -1.0999999046325684], 33: [3.632158573907418e-09, -0.699999988079071, 3.0999999046325684], 34: [-0.1365632265806198, -0.6865496635437012, -1.0999999046325684], 35: [-0.1365632265806198, -0.6865496635437012, 3.0999999046325684], 36: [-0.2678784132003784, -0.6467156410217285, -1.0999999046325684], 37: [-0.2678784132003784, -0.6467156410217285, 3.0999999046325684], 38: [-0.38889917731285095, -0.5820286870002747, -1.0999999046325684], 39: [-0.38889917731285095, -0.5820286870002747, 3.0999999046325684], 40: [-0.4949747323989868, -0.4949747323989868, -1.0999999046325684], 41: [-0.4949747323989868, -0.4949747323989868, 3.0999999046325684], 42: [-0.5820286870002747, -0.38889917731285095, -1.0999999046325684], 43: [-0.5820286870002747, -0.38889917731285095, 3.0999999046325684], 44: [-0.6467156410217285, -0.2678784132003784, -1.0999999046325684], 45: [-0.6467156410217285, -0.2678784132003784, 3.0999999046325684], 46: [-0.6865496635437012, -0.1365632265806198, -1.0999999046325684], 47: [-0.6865496635437012, -0.1365632265806198, 3.0999999046325684], 48: [-0.699999988079071, 5.587935669737476e-10, -1.0999999046325684], 49: [-0.699999988079071, 5.587935669737476e-10, 3.0999999046325684], 50: [-0.6865496635437012, 0.1365632265806198, -1.0999999046325684], 51: [-0.6865496635437012, 0.1365632265806198, 3.0999999046325684], 52: [-0.6467156410217285, 0.2678784132003784, -1.0999999046325684], 53: [-0.6467156410217285, 0.2678784132003784, 3.0999999046325684], 54: [-0.5820286870002747, 0.38889917731285095, -1.0999999046325684], 55: [-0.5820286870002747, 0.38889917731285095, 3.0999999046325684], 56: [-0.4949747323989868, 0.4949747323989868, -1.0999999046325684], 57: [-0.4949747323989868, 0.4949747323989868, 3.0999999046325684], 58: [-0.38889917731285095, 0.5820286870002747, -1.0999999046325684], 59: [-0.38889917731285095, 0.5820286870002747, 3.0999999046325684], 60: [-0.2678784132003784, 0.6467156410217285, -1.0999999046325684], 61: [-0.2678784132003784, 0.6467156410217285, 3.0999999046325684], 62: [-0.1365632265806198, 0.6865496635437012, -1.0999999046325684], 63: [-0.1365632265806198, 0.6865496635437012, 3.0999999046325684], 64: [-1.0, -5.0, -1.0], 65: [-1.0, -5.0, 1.0], 66: [-1.0, -3.0, -1.0], 67: [-1.0, -3.0, 1.0], 68: [1.0, -5.0, -1.0], 69: [1.0, -5.0, 1.0], 70: [1.0, -3.0, -1.0], 71: [1.0, -3.0, 1.0]}, 'faces': {0: [0.0682816132903099, 0.6932748556137085, 1.0], 1: [0.2022208273410797, 0.6666326522827148, 1.0], 2: [0.3283888101577759, 0.6143721342086792, 1.0], 3: [0.4419369399547577, 0.5385017395019531, 1.0], 4: [0.5385016798973083, 0.4419369697570801, 1.0], 5: [0.6143721342086792, 0.3283887803554535, 1.0], 6: [0.6666326522827148, 0.2022208273410797, 1.0], 7: [0.6932748556137085, 0.0682816132903099, 1.0], 8: [0.6932748556137085, -0.0682816132903099, 1.0], 9: [0.6666326522827148, -0.2022208273410797, 1.0], 10: [0.6143721342086792, -0.3283888101577759, 1.0], 11: [0.5385017395019531, -0.4419369399547577, 1.0], 12: [0.4419369697570801, -0.5385016798973083, 1.0], 13: [0.3283887803554535, -0.6143721342086792, 1.0], 14: [0.2022208273410797, -0.6666326522827148, 1.0], 15: [0.0682816132903099, -0.6932748556137085, 1.0], 16: [-0.0682816132903099, -0.6932748556137085, 1.0], 17: [-0.2022208273410797, -0.6666326522827148, 1.0], 18: [-0.3283888101577759, -0.6143721342086792, 1.0], 19: [-0.4419369399547577, -0.5385017395019531, 1.0], 20: [-0.5385016798973083, -0.4419369697570801, 1.0], 21: [-0.6143721342086792, -0.3283887803554535, 1.0], 22: [-0.6666326522827148, -0.2022208273410797, 1.0], 23: [-0.6932748556137085, -0.0682816132903099, 1.0], 24: [-0.6932748556137085, 0.0682816132903099, 1.0], 25: [-0.6666326522827148, 0.2022208273410797, 1.0], 26: [-0.6143721342086792, 0.3283888101577759, 1.0], 27: [-0.5385017395019531, 0.4419369399547577, 1.0], 28: [-0.4419369697570801, 0.5385016798973083, 1.0], 29: [-0.3283887803554535, 0.6143721342086792, 1.0], 30: [-4.6566128730773926e-09, 9.313225746154785e-09, 3.099999189376831], 31: [-0.2022208273410797, 0.6666326522827148, 1.0], 32: [-0.0682816132903099, 0.6932748556137085, 1.0], 33: [6.984919309616089e-09, -7.450580596923828e-09, -1.1000001430511475], 34: [-1.0, -4.0, 0.0], 35: [0.0, -3.0, 0.0], 36: [1.0, -4.0, 0.0], 37: [0.0, -5.0, 0.0], 38: [0.0, -4.0, -1.0], 39: [0.0, -4.0, 1.0]}, 'editMode': True}, 'Cylinder.001', {'tolerance': 10}]
['Resize', {'value': (3, 1, 1), 'orient_type': 'GLOBAL', 'selectedVertices': [64, 65, 66, 67, 68, 69, 70, 71], 'vertices': {0: [3.632158573907418e-09, 0.699999988079071, -1.0999999046325684], 1: [3.632158573907418e-09, 0.699999988079071, 3.0999999046325684], 2: [0.1365632265806198, 0.6865496635437012, -1.0999999046325684], 3: [0.1365632265806198, 0.6865496635437012, 3.0999999046325684], 4: [0.2678784132003784, 0.6467156410217285, -1.0999999046325684], 5: [0.2678784132003784, 0.6467156410217285, 3.0999999046325684], 6: [0.38889917731285095, 0.5820286870002747, -1.0999999046325684], 7: [0.38889917731285095, 0.5820286870002747, 3.0999999046325684], 8: [0.4949747323989868, 0.4949747323989868, -1.0999999046325684], 9: [0.4949747323989868, 0.4949747323989868, 3.0999999046325684], 10: [0.5820286870002747, 0.38889917731285095, -1.0999999046325684], 11: [0.5820286870002747, 0.38889917731285095, 3.0999999046325684], 12: [0.6467156410217285, 0.2678784132003784, -1.0999999046325684], 13: [0.6467156410217285, 0.2678784132003784, 3.0999999046325684], 14: [0.6865496635437012, 0.1365632265806198, -1.0999999046325684], 15: [0.6865496635437012, 0.1365632265806198, 3.0999999046325684], 16: [0.699999988079071, 5.587935669737476e-10, -1.0999999046325684], 17: [0.699999988079071, 5.587935669737476e-10, 3.0999999046325684], 18: [0.6865496635437012, -0.1365632265806198, -1.0999999046325684], 19: [0.6865496635437012, -0.1365632265806198, 3.0999999046325684], 20: [0.6467156410217285, -0.2678784132003784, -1.0999999046325684], 21: [0.6467156410217285, -0.2678784132003784, 3.0999999046325684], 22: [0.5820286870002747, -0.38889917731285095, -1.0999999046325684], 23: [0.5820286870002747, -0.38889917731285095, 3.0999999046325684], 24: [0.4949747323989868, -0.4949747323989868, -1.0999999046325684], 25: [0.4949747323989868, -0.4949747323989868, 3.0999999046325684], 26: [0.38889917731285095, -0.5820286870002747, -1.0999999046325684], 27: [0.38889917731285095, -0.5820286870002747, 3.0999999046325684], 28: [0.2678784132003784, -0.6467156410217285, -1.0999999046325684], 29: [0.2678784132003784, -0.6467156410217285, 3.0999999046325684], 30: [0.1365632265806198, -0.6865496635437012, -1.0999999046325684], 31: [0.1365632265806198, -0.6865496635437012, 3.0999999046325684], 32: [3.632158573907418e-09, -0.699999988079071, -1.0999999046325684], 33: [3.632158573907418e-09, -0.699999988079071, 3.0999999046325684], 34: [-0.1365632265806198, -0.6865496635437012, -1.0999999046325684], 35: [-0.1365632265806198, -0.6865496635437012, 3.0999999046325684], 36: [-0.2678784132003784, -0.6467156410217285, -1.0999999046325684], 37: [-0.2678784132003784, -0.6467156410217285, 3.0999999046325684], 38: [-0.38889917731285095, -0.5820286870002747, -1.0999999046325684], 39: [-0.38889917731285095, -0.5820286870002747, 3.0999999046325684], 40: [-0.4949747323989868, -0.4949747323989868, -1.0999999046325684], 41: [-0.4949747323989868, -0.4949747323989868, 3.0999999046325684], 42: [-0.5820286870002747, -0.38889917731285095, -1.0999999046325684], 43: [-0.5820286870002747, -0.38889917731285095, 3.0999999046325684], 44: [-0.6467156410217285, -0.2678784132003784, -1.0999999046325684], 45: [-0.6467156410217285, -0.2678784132003784, 3.0999999046325684], 46: [-0.6865496635437012, -0.1365632265806198, -1.0999999046325684], 47: [-0.6865496635437012, -0.1365632265806198, 3.0999999046325684], 48: [-0.699999988079071, 5.587935669737476e-10, -1.0999999046325684], 49: [-0.699999988079071, 5.587935669737476e-10, 3.0999999046325684], 50: [-0.6865496635437012, 0.1365632265806198, -1.0999999046325684], 51: [-0.6865496635437012, 0.1365632265806198, 3.0999999046325684], 52: [-0.6467156410217285, 0.2678784132003784, -1.0999999046325684], 53: [-0.6467156410217285, 0.2678784132003784, 3.0999999046325684], 54: [-0.5820286870002747, 0.38889917731285095, -1.0999999046325684], 55: [-0.5820286870002747, 0.38889917731285095, 3.0999999046325684], 56: [-0.4949747323989868, 0.4949747323989868, -1.0999999046325684], 57: [-0.4949747323989868, 0.4949747323989868, 3.0999999046325684], 58: [-0.38889917731285095, 0.5820286870002747, -1.0999999046325684], 59: [-0.38889917731285095, 0.5820286870002747, 3.0999999046325684], 60: [-0.2678784132003784, 0.6467156410217285, -1.0999999046325684], 61: [-0.2678784132003784, 0.6467156410217285, 3.0999999046325684], 62: [-0.1365632265806198, 0.6865496635437012, -1.0999999046325684], 63: [-0.1365632265806198, 0.6865496635437012, 3.0999999046325684], 64: [-3.0, -5.0, -1.0], 65: [-3.0, -5.0, 1.0], 66: [-3.0, -3.0, -1.0], 67: [-3.0, -3.0, 1.0], 68: [3.0, -5.0, -1.0], 69: [3.0, -5.0, 1.0], 70: [3.0, -3.0, -1.0], 71: [3.0, -3.0, 1.0]}, 'faces': {0: [0.0682816132903099, 0.6932748556137085, 1.0], 1: [0.2022208273410797, 0.6666326522827148, 1.0], 2: [0.3283888101577759, 0.6143721342086792, 1.0], 3: [0.4419369399547577, 0.5385017395019531, 1.0], 4: [0.5385016798973083, 0.4419369697570801, 1.0], 5: [0.6143721342086792, 0.3283887803554535, 1.0], 6: [0.6666326522827148, 0.2022208273410797, 1.0], 7: [0.6932748556137085, 0.0682816132903099, 1.0], 8: [0.6932748556137085, -0.0682816132903099, 1.0], 9: [0.6666326522827148, -0.2022208273410797, 1.0], 10: [0.6143721342086792, -0.3283888101577759, 1.0], 11: [0.5385017395019531, -0.4419369399547577, 1.0], 12: [0.4419369697570801, -0.5385016798973083, 1.0], 13: [0.3283887803554535, -0.6143721342086792, 1.0], 14: [0.2022208273410797, -0.6666326522827148, 1.0], 15: [0.0682816132903099, -0.6932748556137085, 1.0], 16: [-0.0682816132903099, -0.6932748556137085, 1.0], 17: [-0.2022208273410797, -0.6666326522827148, 1.0], 18: [-0.3283888101577759, -0.6143721342086792, 1.0], 19: [-0.4419369399547577, -0.5385017395019531, 1.0], 20: [-0.5385016798973083, -0.4419369697570801, 1.0], 21: [-0.6143721342086792, -0.3283887803554535, 1.0], 22: [-0.6666326522827148, -0.2022208273410797, 1.0], 23: [-0.6932748556137085, -0.0682816132903099, 1.0], 24: [-0.6932748556137085, 0.0682816132903099, 1.0], 25: [-0.6666326522827148, 0.2022208273410797, 1.0], 26: [-0.6143721342086792, 0.3283888101577759, 1.0], 27: [-0.5385017395019531, 0.4419369399547577, 1.0], 28: [-0.4419369697570801, 0.5385016798973083, 1.0], 29: [-0.3283887803554535, 0.6143721342086792, 1.0], 30: [-4.6566128730773926e-09, 9.313225746154785e-09, 3.099999189376831], 31: [-0.2022208273410797, 0.6666326522827148, 1.0], 32: [-0.0682816132903099, 0.6932748556137085, 1.0], 33: [6.984919309616089e-09, -7.450580596923828e-09, -1.1000001430511475], 34: [-3.0, -4.0, 0.0], 35: [0.0, -3.0, 0.0], 36: [3.0, -4.0, 0.0], 37: [0.0, -5.0, 0.0], 38: [0.0, -4.0, -1.0], 39: [0.0, -4.0, 1.0]}, 'editMode': True}, 'Cylinder.001', {'tolerance': 10}]
['Move', {'value': (0, 0, 1), 'orient_axis_ortho': 'X', 'selectedVertices': [64, 65, 66, 67, 68, 69, 70, 71], 'vertices': {0: [3.632158573907418e-09, 0.699999988079071, -1.0999999046325684], 1: [3.632158573907418e-09, 0.699999988079071, 3.0999999046325684], 2: [0.1365632265806198, 0.6865496635437012, -1.0999999046325684], 3: [0.1365632265806198, 0.6865496635437012, 3.0999999046325684], 4: [0.2678784132003784, 0.6467156410217285, -1.0999999046325684], 5: [0.2678784132003784, 0.6467156410217285, 3.0999999046325684], 6: [0.38889917731285095, 0.5820286870002747, -1.0999999046325684], 7: [0.38889917731285095, 0.5820286870002747, 3.0999999046325684], 8: [0.4949747323989868, 0.4949747323989868, -1.0999999046325684], 9: [0.4949747323989868, 0.4949747323989868, 3.0999999046325684], 10: [0.5820286870002747, 0.38889917731285095, -1.0999999046325684], 11: [0.5820286870002747, 0.38889917731285095, 3.0999999046325684], 12: [0.6467156410217285, 0.2678784132003784, -1.0999999046325684], 13: [0.6467156410217285, 0.2678784132003784, 3.0999999046325684], 14: [0.6865496635437012, 0.1365632265806198, -1.0999999046325684], 15: [0.6865496635437012, 0.1365632265806198, 3.0999999046325684], 16: [0.699999988079071, 5.587935669737476e-10, -1.0999999046325684], 17: [0.699999988079071, 5.587935669737476e-10, 3.0999999046325684], 18: [0.6865496635437012, -0.1365632265806198, -1.0999999046325684], 19: [0.6865496635437012, -0.1365632265806198, 3.0999999046325684], 20: [0.6467156410217285, -0.2678784132003784, -1.0999999046325684], 21: [0.6467156410217285, -0.2678784132003784, 3.0999999046325684], 22: [0.5820286870002747, -0.38889917731285095, -1.0999999046325684], 23: [0.5820286870002747, -0.38889917731285095, 3.0999999046325684], 24: [0.4949747323989868, -0.4949747323989868, -1.0999999046325684], 25: [0.4949747323989868, -0.4949747323989868, 3.0999999046325684], 26: [0.38889917731285095, -0.5820286870002747, -1.0999999046325684], 27: [0.38889917731285095, -0.5820286870002747, 3.0999999046325684], 28: [0.2678784132003784, -0.6467156410217285, -1.0999999046325684], 29: [0.2678784132003784, -0.6467156410217285, 3.0999999046325684], 30: [0.1365632265806198, -0.6865496635437012, -1.0999999046325684], 31: [0.1365632265806198, -0.6865496635437012, 3.0999999046325684], 32: [3.632158573907418e-09, -0.699999988079071, -1.0999999046325684], 33: [3.632158573907418e-09, -0.699999988079071, 3.0999999046325684], 34: [-0.1365632265806198, -0.6865496635437012, -1.0999999046325684], 35: [-0.1365632265806198, -0.6865496635437012, 3.0999999046325684], 36: [-0.2678784132003784, -0.6467156410217285, -1.0999999046325684], 37: [-0.2678784132003784, -0.6467156410217285, 3.0999999046325684], 38: [-0.38889917731285095, -0.5820286870002747, -1.0999999046325684], 39: [-0.38889917731285095, -0.5820286870002747, 3.0999999046325684], 40: [-0.4949747323989868, -0.4949747323989868, -1.0999999046325684], 41: [-0.4949747323989868, -0.4949747323989868, 3.0999999046325684], 42: [-0.5820286870002747, -0.38889917731285095, -1.0999999046325684], 43: [-0.5820286870002747, -0.38889917731285095, 3.0999999046325684], 44: [-0.6467156410217285, -0.2678784132003784, -1.0999999046325684], 45: [-0.6467156410217285, -0.2678784132003784, 3.0999999046325684], 46: [-0.6865496635437012, -0.1365632265806198, -1.0999999046325684], 47: [-0.6865496635437012, -0.1365632265806198, 3.0999999046325684], 48: [-0.699999988079071, 5.587935669737476e-10, -1.0999999046325684], 49: [-0.699999988079071, 5.587935669737476e-10, 3.0999999046325684], 50: [-0.6865496635437012, 0.1365632265806198, -1.0999999046325684], 51: [-0.6865496635437012, 0.1365632265806198, 3.0999999046325684], 52: [-0.6467156410217285, 0.2678784132003784, -1.0999999046325684], 53: [-0.6467156410217285, 0.2678784132003784, 3.0999999046325684], 54: [-0.5820286870002747, 0.38889917731285095, -1.0999999046325684], 55: [-0.5820286870002747, 0.38889917731285095, 3.0999999046325684], 56: [-0.4949747323989868, 0.4949747323989868, -1.0999999046325684], 57: [-0.4949747323989868, 0.4949747323989868, 3.0999999046325684], 58: [-0.38889917731285095, 0.5820286870002747, -1.0999999046325684], 59: [-0.38889917731285095, 0.5820286870002747, 3.0999999046325684], 60: [-0.2678784132003784, 0.6467156410217285, -1.0999999046325684], 61: [-0.2678784132003784, 0.6467156410217285, 3.0999999046325684], 62: [-0.1365632265806198, 0.6865496635437012, -1.0999999046325684], 63: [-0.1365632265806198, 0.6865496635437012, 3.0999999046325684], 64: [-3.0, -5.0, 0.0], 65: [-3.0, -5.0, 2.0], 66: [-3.0, -3.0, 0.0], 67: [-3.0, -3.0, 2.0], 68: [3.0, -5.0, 0.0], 69: [3.0, -5.0, 2.0], 70: [3.0, -3.0, 0.0], 71: [3.0, -3.0, 2.0]}, 'faces': {0: [0.0682816132903099, 0.6932748556137085, 1.0], 1: [0.2022208273410797, 0.6666326522827148, 1.0], 2: [0.3283888101577759, 0.6143721342086792, 1.0], 3: [0.4419369399547577, 0.5385017395019531, 1.0], 4: [0.5385016798973083, 0.4419369697570801, 1.0], 5: [0.6143721342086792, 0.3283887803554535, 1.0], 6: [0.6666326522827148, 0.2022208273410797, 1.0], 7: [0.6932748556137085, 0.0682816132903099, 1.0], 8: [0.6932748556137085, -0.0682816132903099, 1.0], 9: [0.6666326522827148, -0.2022208273410797, 1.0], 10: [0.6143721342086792, -0.3283888101577759, 1.0], 11: [0.5385017395019531, -0.4419369399547577, 1.0], 12: [0.4419369697570801, -0.5385016798973083, 1.0], 13: [0.3283887803554535, -0.6143721342086792, 1.0], 14: [0.2022208273410797, -0.6666326522827148, 1.0], 15: [0.0682816132903099, -0.6932748556137085, 1.0], 16: [-0.0682816132903099, -0.6932748556137085, 1.0], 17: [-0.2022208273410797, -0.6666326522827148, 1.0], 18: [-0.3283888101577759, -0.6143721342086792, 1.0], 19: [-0.4419369399547577, -0.5385017395019531, 1.0], 20: [-0.5385016798973083, -0.4419369697570801, 1.0], 21: [-0.6143721342086792, -0.3283887803554535, 1.0], 22: [-0.6666326522827148, -0.2022208273410797, 1.0], 23: [-0.6932748556137085, -0.0682816132903099, 1.0], 24: [-0.6932748556137085, 0.0682816132903099, 1.0], 25: [-0.6666326522827148, 0.2022208273410797, 1.0], 26: [-0.6143721342086792, 0.3283888101577759, 1.0], 27: [-0.5385017395019531, 0.4419369399547577, 1.0], 28: [-0.4419369697570801, 0.5385016798973083, 1.0], 29: [-0.3283887803554535, 0.6143721342086792, 1.0], 30: [-4.6566128730773926e-09, 9.313225746154785e-09, 3.099999189376831], 31: [-0.2022208273410797, 0.6666326522827148, 1.0], 32: [-0.0682816132903099, 0.6932748556137085, 1.0], 33: [6.984919309616089e-09, -7.450580596923828e-09, -1.1000001430511475], 34: [-3.0, -4.0, 1.0], 35: [0.0, -3.0, 1.0], 36: [3.0, -4.0, 1.0], 37: [0.0, -5.0, 1.0], 38: [0.0, -4.0, 0.0], 39: [0.0, -4.0, 2.0]}, 'editMode': True}, 'Cylinder.001', {'tolerance': 10}]
['Select Mode', {'use_extend': False, 'use_expand': False, 'vertices': {0: [3.632158573907418e-09, 0.699999988079071, -1.0999999046325684], 1: [3.632158573907418e-09, 0.699999988079071, 3.0999999046325684], 2: [0.1365632265806198, 0.6865496635437012, -1.0999999046325684], 3: [0.1365632265806198, 0.6865496635437012, 3.0999999046325684], 4: [0.2678784132003784, 0.6467156410217285, -1.0999999046325684], 5: [0.2678784132003784, 0.6467156410217285, 3.0999999046325684], 6: [0.38889917731285095, 0.5820286870002747, -1.0999999046325684], 7: [0.38889917731285095, 0.5820286870002747, 3.0999999046325684], 8: [0.4949747323989868, 0.4949747323989868, -1.0999999046325684], 9: [0.4949747323989868, 0.4949747323989868, 3.0999999046325684], 10: [0.5820286870002747, 0.38889917731285095, -1.0999999046325684], 11: [0.5820286870002747, 0.38889917731285095, 3.0999999046325684], 12: [0.6467156410217285, 0.2678784132003784, -1.0999999046325684], 13: [0.6467156410217285, 0.2678784132003784, 3.0999999046325684], 14: [0.6865496635437012, 0.1365632265806198, -1.0999999046325684], 15: [0.6865496635437012, 0.1365632265806198, 3.0999999046325684], 16: [0.699999988079071, 5.587935669737476e-10, -1.0999999046325684], 17: [0.699999988079071, 5.587935669737476e-10, 3.0999999046325684], 18: [0.6865496635437012, -0.1365632265806198, -1.0999999046325684], 19: [0.6865496635437012, -0.1365632265806198, 3.0999999046325684], 20: [0.6467156410217285, -0.2678784132003784, -1.0999999046325684], 21: [0.6467156410217285, -0.2678784132003784, 3.0999999046325684], 22: [0.5820286870002747, -0.38889917731285095, -1.0999999046325684], 23: [0.5820286870002747, -0.38889917731285095, 3.0999999046325684], 24: [0.4949747323989868, -0.4949747323989868, -1.0999999046325684], 25: [0.4949747323989868, -0.4949747323989868, 3.0999999046325684], 26: [0.38889917731285095, -0.5820286870002747, -1.0999999046325684], 27: [0.38889917731285095, -0.5820286870002747, 3.0999999046325684], 28: [0.2678784132003784, -0.6467156410217285, -1.0999999046325684], 29: [0.2678784132003784, -0.6467156410217285, 3.0999999046325684], 30: [0.1365632265806198, -0.6865496635437012, -1.0999999046325684], 31: [0.1365632265806198, -0.6865496635437012, 3.0999999046325684], 32: [3.632158573907418e-09, -0.699999988079071, -1.0999999046325684], 33: [3.632158573907418e-09, -0.699999988079071, 3.0999999046325684], 34: [-0.1365632265806198, -0.6865496635437012, -1.0999999046325684], 35: [-0.1365632265806198, -0.6865496635437012, 3.0999999046325684], 36: [-0.2678784132003784, -0.6467156410217285, -1.0999999046325684], 37: [-0.2678784132003784, -0.6467156410217285, 3.0999999046325684], 38: [-0.38889917731285095, -0.5820286870002747, -1.0999999046325684], 39: [-0.38889917731285095, -0.5820286870002747, 3.0999999046325684], 40: [-0.4949747323989868, -0.4949747323989868, -1.0999999046325684], 41: [-0.4949747323989868, -0.4949747323989868, 3.0999999046325684], 42: [-0.5820286870002747, -0.38889917731285095, -1.0999999046325684], 43: [-0.5820286870002747, -0.38889917731285095, 3.0999999046325684], 44: [-0.6467156410217285, -0.2678784132003784, -1.0999999046325684], 45: [-0.6467156410217285, -0.2678784132003784, 3.0999999046325684], 46: [-0.6865496635437012, -0.1365632265806198, -1.0999999046325684], 47: [-0.6865496635437012, -0.1365632265806198, 3.0999999046325684], 48: [-0.699999988079071, 5.587935669737476e-10, -1.0999999046325684], 49: [-0.699999988079071, 5.587935669737476e-10, 3.0999999046325684], 50: [-0.6865496635437012, 0.1365632265806198, -1.0999999046325684], 51: [-0.6865496635437012, 0.1365632265806198, 3.0999999046325684], 52: [-0.6467156410217285, 0.2678784132003784, -1.0999999046325684], 53: [-0.6467156410217285, 0.2678784132003784, 3.0999999046325684], 54: [-0.5820286870002747, 0.38889917731285095, -1.0999999046325684], 55: [-0.5820286870002747, 0.38889917731285095, 3.0999999046325684], 56: [-0.4949747323989868, 0.4949747323989868, -1.0999999046325684], 57: [-0.4949747323989868, 0.4949747323989868, 3.0999999046325684], 58: [-0.38889917731285095, 0.5820286870002747, -1.0999999046325684], 59: [-0.38889917731285095, 0.5820286870002747, 3.0999999046325684], 60: [-0.2678784132003784, 0.6467156410217285, -1.0999999046325684], 61: [-0.2678784132003784, 0.6467156410217285, 3.0999999046325684], 62: [-0.1365632265806198, 0.6865496635437012, -1.0999999046325684], 63: [-0.1365632265806198, 0.6865496635437012, 3.0999999046325684], 64: [-3.0, -5.0, 0.0], 65: [-3.0, -5.0, 2.0], 66: [-3.0, -3.0, 0.0], 67: [-3.0, -3.0, 2.0], 68: [3.0, -5.0, 0.0], 69: [3.0, -5.0, 2.0], 70: [3.0, -3.0, 0.0], 71: [3.0, -3.0, 2.0]}, 'faces': {0: [0.0682816132903099, 0.6932748556137085, 1.0], 1: [0.2022208273410797, 0.6666326522827148, 1.0], 2: [0.3283888101577759, 0.6143721342086792, 1.0], 3: [0.4419369399547577, 0.5385017395019531, 1.0], 4: [0.5385016798973083, 0.4419369697570801, 1.0], 5: [0.6143721342086792, 0.3283887803554535, 1.0], 6: [0.6666326522827148, 0.2022208273410797, 1.0], 7: [0.6932748556137085, 0.0682816132903099, 1.0], 8: [0.6932748556137085, -0.0682816132903099, 1.0], 9: [0.6666326522827148, -0.2022208273410797, 1.0], 10: [0.6143721342086792, -0.3283888101577759, 1.0], 11: [0.5385017395019531, -0.4419369399547577, 1.0], 12: [0.4419369697570801, -0.5385016798973083, 1.0], 13: [0.3283887803554535, -0.6143721342086792, 1.0], 14: [0.2022208273410797, -0.6666326522827148, 1.0], 15: [0.0682816132903099, -0.6932748556137085, 1.0], 16: [-0.0682816132903099, -0.6932748556137085, 1.0], 17: [-0.2022208273410797, -0.6666326522827148, 1.0], 18: [-0.3283888101577759, -0.6143721342086792, 1.0], 19: [-0.4419369399547577, -0.5385017395019531, 1.0], 20: [-0.5385016798973083, -0.4419369697570801, 1.0], 21: [-0.6143721342086792, -0.3283887803554535, 1.0], 22: [-0.6666326522827148, -0.2022208273410797, 1.0], 23: [-0.6932748556137085, -0.0682816132903099, 1.0], 24: [-0.6932748556137085, 0.0682816132903099, 1.0], 25: [-0.6666326522827148, 0.2022208273410797, 1.0], 26: [-0.6143721342086792, 0.3283888101577759, 1.0], 27: [-0.5385017395019531, 0.4419369399547577, 1.0], 28: [-0.4419369697570801, 0.5385016798973083, 1.0], 29: [-0.3283887803554535, 0.6143721342086792, 1.0], 30: [-4.6566128730773926e-09, 9.313225746154785e-09, 3.099999189376831], 31: [-0.2022208273410797, 0.6666326522827148, 1.0], 32: [-0.0682816132903099, 0.6932748556137085, 1.0], 33: [6.984919309616089e-09, -7.450580596923828e-09, -1.1000001430511475], 34: [-3.0, -4.0, 1.0], 35: [0.0, -3.0, 1.0], 36: [3.0, -4.0, 1.0], 37: [0.0, -5.0, 1.0], 38: [0.0, -4.0, 0.0], 39: [0.0, -4.0, 2.0]}, 'editMode': True}, 'Cylinder.001', {'tolerance': 10}]
['Bevel', {'offset': 0.8, 'offset_pct': 0, 'newVertices': [72, 73], 'newFaces': [40], 'vertices': {0: [3.632158573907418e-09, 0.699999988079071, -1.0999999046325684], 1: [3.632158573907418e-09, 0.699999988079071, 3.0999999046325684], 2: [0.1365632265806198, 0.6865496635437012, -1.0999999046325684], 3: [0.1365632265806198, 0.6865496635437012, 3.0999999046325684], 4: [0.2678784132003784, 0.6467156410217285, -1.0999999046325684], 5: [0.2678784132003784, 0.6467156410217285, 3.0999999046325684], 6: [0.38889917731285095, 0.5820286870002747, -1.0999999046325684], 7: [0.38889917731285095, 0.5820286870002747, 3.0999999046325684], 8: [0.4949747323989868, 0.4949747323989868, -1.0999999046325684], 9: [0.4949747323989868, 0.4949747323989868, 3.0999999046325684], 10: [0.5820286870002747, 0.38889917731285095, -1.0999999046325684], 11: [0.5820286870002747, 0.38889917731285095, 3.0999999046325684], 12: [0.6467156410217285, 0.2678784132003784, -1.0999999046325684], 13: [0.6467156410217285, 0.2678784132003784, 3.0999999046325684], 14: [0.6865496635437012, 0.1365632265806198, -1.0999999046325684], 15: [0.6865496635437012, 0.1365632265806198, 3.0999999046325684], 16: [0.699999988079071, 5.587935669737476e-10, -1.0999999046325684], 17: [0.699999988079071, 5.587935669737476e-10, 3.0999999046325684], 18: [0.6865496635437012, -0.1365632265806198, -1.0999999046325684], 19: [0.6865496635437012, -0.1365632265806198, 3.0999999046325684], 20: [0.6467156410217285, -0.2678784132003784, -1.0999999046325684], 21: [0.6467156410217285, -0.2678784132003784, 3.0999999046325684], 22: [0.5820286870002747, -0.38889917731285095, -1.0999999046325684], 23: [0.5820286870002747, -0.38889917731285095, 3.0999999046325684], 24: [0.4949747323989868, -0.4949747323989868, -1.0999999046325684], 25: [0.4949747323989868, -0.4949747323989868, 3.0999999046325684], 26: [0.38889917731285095, -0.5820286870002747, -1.0999999046325684], 27: [0.38889917731285095, -0.5820286870002747, 3.0999999046325684], 28: [0.2678784132003784, -0.6467156410217285, -1.0999999046325684], 29: [0.2678784132003784, -0.6467156410217285, 3.0999999046325684], 30: [0.1365632265806198, -0.6865496635437012, -1.0999999046325684], 31: [0.1365632265806198, -0.6865496635437012, 3.0999999046325684], 32: [3.632158573907418e-09, -0.699999988079071, -1.0999999046325684], 33: [3.632158573907418e-09, -0.699999988079071, 3.0999999046325684], 34: [-0.1365632265806198, -0.6865496635437012, -1.0999999046325684], 35: [-0.1365632265806198, -0.6865496635437012, 3.0999999046325684], 36: [-0.2678784132003784, -0.6467156410217285, -1.0999999046325684], 37: [-0.2678784132003784, -0.6467156410217285, 3.0999999046325684], 38: [-0.38889917731285095, -0.5820286870002747, -1.0999999046325684], 39: [-0.38889917731285095, -0.5820286870002747, 3.0999999046325684], 40: [-0.4949747323989868, -0.4949747323989868, -1.0999999046325684], 41: [-0.4949747323989868, -0.4949747323989868, 3.0999999046325684], 42: [-0.5820286870002747, -0.38889917731285095, -1.0999999046325684], 43: [-0.5820286870002747, -0.38889917731285095, 3.0999999046325684], 44: [-0.6467156410217285, -0.2678784132003784, -1.0999999046325684], 45: [-0.6467156410217285, -0.2678784132003784, 3.0999999046325684], 46: [-0.6865496635437012, -0.1365632265806198, -1.0999999046325684], 47: [-0.6865496635437012, -0.1365632265806198, 3.0999999046325684], 48: [-0.699999988079071, 5.587935669737476e-10, -1.0999999046325684], 49: [-0.699999988079071, 5.587935669737476e-10, 3.0999999046325684], 50: [-0.6865496635437012, 0.1365632265806198, -1.0999999046325684], 51: [-0.6865496635437012, 0.1365632265806198, 3.0999999046325684], 52: [-0.6467156410217285, 0.2678784132003784, -1.0999999046325684], 53: [-0.6467156410217285, 0.2678784132003784, 3.0999999046325684], 54: [-0.5820286870002747, 0.38889917731285095, -1.0999999046325684], 55: [-0.5820286870002747, 0.38889917731285095, 3.0999999046325684], 56: [-0.4949747323989868, 0.4949747323989868, -1.0999999046325684], 57: [-0.4949747323989868, 0.4949747323989868, 3.0999999046325684], 58: [-0.38889917731285095, 0.5820286870002747, -1.0999999046325684], 59: [-0.38889917731285095, 0.5820286870002747, 3.0999999046325684], 60: [-0.2678784132003784, 0.6467156410217285, -1.0999999046325684], 61: [-0.2678784132003784, 0.6467156410217285, 3.0999999046325684], 62: [-0.1365632265806198, 0.6865496635437012, -1.0999999046325684], 63: [-0.1365632265806198, 0.6865496635437012, 3.0999999046325684], 64: [-3.0, -5.0, 0.0], 65: [-3.0, -3.0, 0.0], 66: [-3.0, -3.0, 2.0], 67: [3.0, -5.0, 0.0], 68: [3.0, -3.0, 0.0], 69: [3.0, -3.0, 2.0], 70: [-3.0, -5.0, 1.2000000476837158], 71: [-3.0, -4.199999809265137, 2.0], 72: [3.0, -4.199999809265137, 2.0], 73: [3.0, -5.0, 1.2000000476837158]}, 'faces': {0: [0.0682816132903099, 0.6932748556137085, 1.0], 1: [0.2022208273410797, 0.6666326522827148, 1.0], 2: [0.3283888101577759, 0.6143721342086792, 1.0], 3: [0.4419369399547577, 0.5385017395019531, 1.0], 4: [0.5385016798973083, 0.4419369697570801, 1.0], 5: [0.6143721342086792, 0.3283887803554535, 1.0], 6: [0.6666326522827148, 0.2022208273410797, 1.0], 7: [0.6932748556137085, 0.0682816132903099, 1.0], 8: [0.6932748556137085, -0.0682816132903099, 1.0], 9: [0.6666326522827148, -0.2022208273410797, 1.0], 10: [0.6143721342086792, -0.3283888101577759, 1.0], 11: [0.5385017395019531, -0.4419369399547577, 1.0], 12: [0.4419369697570801, -0.5385016798973083, 1.0], 13: [0.3283887803554535, -0.6143721342086792, 1.0], 14: [0.2022208273410797, -0.6666326522827148, 1.0], 15: [0.0682816132903099, -0.6932748556137085, 1.0], 16: [-0.0682816132903099, -0.6932748556137085, 1.0], 17: [-0.2022208273410797, -0.6666326522827148, 1.0], 18: [-0.3283888101577759, -0.6143721342086792, 1.0], 19: [-0.4419369399547577, -0.5385017395019531, 1.0], 20: [-0.5385016798973083, -0.4419369697570801, 1.0], 21: [-0.6143721342086792, -0.3283887803554535, 1.0], 22: [-0.6666326522827148, -0.2022208273410797, 1.0], 23: [-0.6932748556137085, -0.0682816132903099, 1.0], 24: [-0.6932748556137085, 0.0682816132903099, 1.0], 25: [-0.6666326522827148, 0.2022208273410797, 1.0], 26: [-0.6143721342086792, 0.3283888101577759, 1.0], 27: [-0.5385017395019531, 0.4419369399547577, 1.0], 28: [-0.4419369697570801, 0.5385016798973083, 1.0], 29: [-0.3283887803554535, 0.6143721342086792, 1.0], 30: [-4.6566128730773926e-09, 9.313225746154785e-09, 3.099999189376831], 31: [-0.2022208273410797, 0.6666326522827148, 1.0], 32: [-0.0682816132903099, 0.6932748556137085, 1.0], 33: [6.984919309616089e-09, -7.450580596923828e-09, -1.1000001430511475], 34: [0.0, -3.5999999046325684, 2.0], 35: [0.0, -3.0, 1.0], 36: [-3.0, -4.0400004386901855, 1.0399999618530273], 37: [0.0, -4.0, 0.0], 38: [3.0, -4.0400004386901855, 1.0399999618530273], 39: [0.0, -4.599999904632568, 1.5999999046325684], 40: [0.0, -5.0, 0.6000000238418579]}, 'editMode': True}, 'Cylinder.001', {'tolerance': 10}]
['Bevel', {'offset': 0.15, 'offset_pct': 0, 'newVertices': [74, 75, 76, 77, 78, 79, 80, 81, 82, 83, 84, 85, 86, 87, 88, 89, 90, 91, 92, 93, 94, 95, 96, 97, 98, 99, 100, 101, 102, 103, 104, 105, 106, 107, 108, 109, 110, 111, 112, 113], 'newFaces': [41, 42, 43, 44, 45, 46, 47, 48, 49, 50, 51, 52, 53, 54, 55, 56, 57, 58, 59, 60], 'vertices': {0: [3.632158573907418e-09, 0.699999988079071, -1.0999999046325684], 1: [3.632158573907418e-09, 0.699999988079071, 3.0999999046325684], 2: [0.1365632265806198, 0.6865496635437012, -1.0999999046325684], 3: [0.1365632265806198, 0.6865496635437012, 3.0999999046325684], 4: [0.2678784132003784, 0.6467156410217285, -1.0999999046325684], 5: [0.2678784132003784, 0.6467156410217285, 3.0999999046325684], 6: [0.38889917731285095, 0.5820286870002747, -1.0999999046325684], 7: [0.38889917731285095, 0.5820286870002747, 3.0999999046325684], 8: [0.4949747323989868, 0.4949747323989868, -1.0999999046325684], 9: [0.4949747323989868, 0.4949747323989868, 3.0999999046325684], 10: [0.5820286870002747, 0.38889917731285095, -1.0999999046325684], 11: [0.5820286870002747, 0.38889917731285095, 3.0999999046325684], 12: [0.6467156410217285, 0.2678784132003784, -1.0999999046325684], 13: [0.6467156410217285, 0.2678784132003784, 3.0999999046325684], 14: [0.6865496635437012, 0.1365632265806198, -1.0999999046325684], 15: [0.6865496635437012, 0.1365632265806198, 3.0999999046325684], 16: [0.699999988079071, 5.587935669737476e-10, -1.0999999046325684], 17: [0.699999988079071, 5.587935669737476e-10, 3.0999999046325684], 18: [0.6865496635437012, -0.1365632265806198, -1.0999999046325684], 19: [0.6865496635437012, -0.1365632265806198, 3.0999999046325684], 20: [0.6467156410217285, -0.2678784132003784, -1.0999999046325684], 21: [0.6467156410217285, -0.2678784132003784, 3.0999999046325684], 22: [0.5820286870002747, -0.38889917731285095, -1.0999999046325684], 23: [0.5820286870002747, -0.38889917731285095, 3.0999999046325684], 24: [0.4949747323989868, -0.4949747323989868, -1.0999999046325684], 25: [0.4949747323989868, -0.4949747323989868, 3.0999999046325684], 26: [0.38889917731285095, -0.5820286870002747, -1.0999999046325684], 27: [0.38889917731285095, -0.5820286870002747, 3.0999999046325684], 28: [0.2678784132003784, -0.6467156410217285, -1.0999999046325684], 29: [0.2678784132003784, -0.6467156410217285, 3.0999999046325684], 30: [0.1365632265806198, -0.6865496635437012, -1.0999999046325684], 31: [0.1365632265806198, -0.6865496635437012, 3.0999999046325684], 32: [3.632158573907418e-09, -0.699999988079071, -1.0999999046325684], 33: [3.632158573907418e-09, -0.699999988079071, 3.0999999046325684], 34: [-0.1365632265806198, -0.6865496635437012, -1.0999999046325684], 35: [-0.1365632265806198, -0.6865496635437012, 3.0999999046325684], 36: [-0.2678784132003784, -0.6467156410217285, -1.0999999046325684], 37: [-0.2678784132003784, -0.6467156410217285, 3.0999999046325684], 38: [-0.38889917731285095, -0.5820286870002747, -1.0999999046325684], 39: [-0.38889917731285095, -0.5820286870002747, 3.0999999046325684], 40: [-0.4949747323989868, -0.4949747323989868, -1.0999999046325684], 41: [-0.4949747323989868, -0.4949747323989868, 3.0999999046325684], 42: [-0.5820286870002747, -0.38889917731285095, -1.0999999046325684], 43: [-0.5820286870002747, -0.38889917731285095, 3.0999999046325684], 44: [-0.6467156410217285, -0.2678784132003784, -1.0999999046325684], 45: [-0.6467156410217285, -0.2678784132003784, 3.0999999046325684], 46: [-0.6865496635437012, -0.1365632265806198, -1.0999999046325684], 47: [-0.6865496635437012, -0.1365632265806198, 3.0999999046325684], 48: [-0.699999988079071, 5.587935669737476e-10, -1.0999999046325684], 49: [-0.699999988079071, 5.587935669737476e-10, 3.0999999046325684], 50: [-0.6865496635437012, 0.1365632265806198, -1.0999999046325684], 51: [-0.6865496635437012, 0.1365632265806198, 3.0999999046325684], 52: [-0.6467156410217285, 0.2678784132003784, -1.0999999046325684], 53: [-0.6467156410217285, 0.2678784132003784, 3.0999999046325684], 54: [-0.5820286870002747, 0.38889917731285095, -1.0999999046325684], 55: [-0.5820286870002747, 0.38889917731285095, 3.0999999046325684], 56: [-0.4949747323989868, 0.4949747323989868, -1.0999999046325684], 57: [-0.4949747323989868, 0.4949747323989868, 3.0999999046325684], 58: [-0.38889917731285095, 0.5820286870002747, -1.0999999046325684], 59: [-0.38889917731285095, 0.5820286870002747, 3.0999999046325684], 60: [-0.2678784132003784, 0.6467156410217285, -1.0999999046325684], 61: [-0.2678784132003784, 0.6467156410217285, 3.0999999046325684], 62: [-0.1365632265806198, 0.6865496635437012, -1.0999999046325684], 63: [-0.1365632265806198, 0.6865496635437012, 3.0999999046325684], 64: [-3.0, -4.849999904632568, 0.0], 65: [-3.0, -5.0, 0.15000000596046448], 66: [-3.0, -4.907402992248535, 0.011418074369430542], 67: [-3.0, -4.956066608428955, 0.043933987617492676], 68: [-3.0, -4.988582611083984, 0.09259748458862305], 69: [-3.0, -3.0, 0.15000000596046448], 70: [-3.0, -3.1500000953674316, 0.0], 71: [-3.0, -3.011418104171753, 0.09259748458862305], 72: [-3.0, -3.0439341068267822, 0.043933987617492676], 73: [-3.0, -3.092597484588623, 0.011418074369430542], 74: [-3.0, -3.1500000953674316, 2.0], 75: [-3.0, -3.0, 1.850000023841858], 76: [-3.0, -3.092597484588623, 1.9885817766189575], 77: [-3.0, -3.0439341068267822, 1.9560658931732178], 78: [-3.0, -3.011418104171753, 1.9074023962020874], 79: [3.0, -5.0, 0.15000000596046448], 80: [3.0, -4.849999904632568, 0.0], 81: [3.0, -4.988582611083984, 0.09259748458862305], 82: [3.0, -4.956066608428955, 0.043933987617492676], 83: [3.0, -4.907402992248535, 0.011418074369430542], 84: [3.0, -3.1500000953674316, 0.0], 85: [3.0, -3.0, 0.15000000596046448], 86: [3.0, -3.092597484588623, 0.011418074369430542], 87: [3.0, -3.0439341068267822, 0.043933987617492676], 88: [3.0, -3.011418104171753, 0.09259748458862305], 89: [3.0, -3.0, 1.850000023841858], 90: [3.0, -3.1500000953674316, 2.0], 91: [3.0, -3.011418104171753, 1.9074023962020874], 92: [3.0, -3.0439341068267822, 1.9560658931732178], 93: [3.0, -3.092597484588623, 1.9885817766189575], 94: [-3.0, -5.0, 1.0500000715255737], 95: [-3.0, -4.8939337730407715, 1.3060660362243652], 96: [-3.0, -4.991926670074463, 1.1154764890670776], 97: [-3.0, -4.968934535980225, 1.1871322393417358], 98: [-3.0, -4.934524059295654, 1.2540583610534668], 99: [-3.0, -4.306066036224365, 1.893933892250061], 100: [-3.0, -4.049999713897705, 2.0], 101: [-3.0, -4.254058361053467, 1.9345234632492065], 102: [-3.0, -4.187131881713867, 1.9689338207244873], 103: [-3.0, -4.115476131439209, 1.9919260740280151], 104: [3.0, -4.049999713897705, 2.0], 105: [3.0, -4.306066036224365, 1.8939340114593506], 106: [3.0, -4.115476131439209, 1.9919261932373047], 107: [3.0, -4.187131881713867, 1.9689339399337769], 108: [3.0, -4.254058361053467, 1.9345237016677856], 109: [3.0, -4.8939337730407715, 1.3060661554336548], 110: [3.0, -5.0, 1.0500000715255737], 111: [3.0, -4.934524059295654, 1.2540583610534668], 112: [3.0, -4.968934535980225, 1.1871321201324463], 113: [3.0, -4.991926670074463, 1.115476369857788]}, 'faces': {0: [0.0682816132903099, 0.6932748556137085, 1.0], 1: [0.2022208273410797, 0.6666326522827148, 1.0], 2: [0.3283888101577759, 0.6143721342086792, 1.0], 3: [0.4419369399547577, 0.5385017395019531, 1.0], 4: [0.5385016798973083, 0.4419369697570801, 1.0], 5: [0.6143721342086792, 0.3283887803554535, 1.0], 6: [0.6666326522827148, 0.2022208273410797, 1.0], 7: [0.6932748556137085, 0.0682816132903099, 1.0], 8: [0.6932748556137085, -0.0682816132903099, 1.0], 9: [0.6666326522827148, -0.2022208273410797, 1.0], 10: [0.6143721342086792, -0.3283888101577759, 1.0], 11: [0.5385017395019531, -0.4419369399547577, 1.0], 12: [0.4419369697570801, -0.5385016798973083, 1.0], 13: [0.3283887803554535, -0.6143721342086792, 1.0], 14: [0.2022208273410797, -0.6666326522827148, 1.0], 15: [0.0682816132903099, -0.6932748556137085, 1.0], 16: [-0.0682816132903099, -0.6932748556137085, 1.0], 17: [-0.2022208273410797, -0.6666326522827148, 1.0], 18: [-0.3283888101577759, -0.6143721342086792, 1.0], 19: [-0.4419369399547577, -0.5385017395019531, 1.0], 20: [-0.5385016798973083, -0.4419369697570801, 1.0], 21: [-0.6143721342086792, -0.3283887803554535, 1.0], 22: [-0.6666326522827148, -0.2022208273410797, 1.0], 23: [-0.6932748556137085, -0.0682816132903099, 1.0], 24: [-0.6932748556137085, 0.0682816132903099, 1.0], 25: [-0.6666326522827148, 0.2022208273410797, 1.0], 26: [-0.6143721342086792, 0.3283888101577759, 1.0], 27: [-0.5385017395019531, 0.4419369399547577, 1.0], 28: [-0.4419369697570801, 0.5385016798973083, 1.0], 29: [-0.3283887803554535, 0.6143721342086792, 1.0], 30: [-4.6566128730773926e-09, 9.313225746154785e-09, 3.099999189376831], 31: [-0.2022208273410797, 0.6666326522827148, 1.0], 32: [-0.0682816132903099, 0.6932748556137085, 1.0], 33: [6.984919309616089e-09, -7.450580596923828e-09, -1.1000001430511475], 34: [3.0, -4.039999961853027, 1.0399999618530273], 35: [0.0, -3.5999999046325684, 2.0], 36: [0.0, -3.0, 1.0], 37: [0.0, -5.0, 0.6000000238418579], 38: [0.0, -4.599999904632568, 1.600000023841858], 39: [-3.0, -4.040000915527344, 1.0399999618530273], 40: [0.0, -3.1212987899780273, 0.005709037184715271], 41: [0.0, -3.068265676498413, 0.02767603099346161], 42: [0.0, -3.0276761054992676, 0.06826573610305786], 43: [0.0, -3.005709171295166, 0.12129874527454376], 44: [0.0, -3.1212987899780273, 1.994290828704834], 45: [0.0, -3.068265676498413, 1.9723238945007324], 46: [0.0, -3.0276761054992676, 1.9317342042922974], 47: [0.0, -3.005709171295166, 1.8787012100219727], 48: [0.0, -4.878701210021973, 0.005709037184715271], 49: [0.0, -4.931734561920166, 0.02767603099346161], 50: [0.0, -4.972324371337891, 0.06826573610305786], 51: [0.0, -4.994291305541992, 0.12129874527454376], 52: [0.0, -4.082737922668457, 1.9959630966186523], 53: [0.0, -4.151304244995117, 1.9804301261901855], 54: [0.0, -4.220595359802246, 1.9517287015914917], 55: [0.0, -4.280062198638916, 1.9142286777496338], 56: [0.0, -4.995963096618652, 1.0827382802963257], 57: [0.0, -4.980430603027344, 1.1513042449951172], 58: [0.0, -4.9517292976379395, 1.2205952405929565], 59: [0.0, -4.914228916168213, 1.280062198638916], 60: [0.0, -4.0, 0.0]}, 'editMode': True}, 'Cylinder.001', {'tolerance': 10}]
['Toggle Edit Mode', {'editMode': False}, 'Cylinder.001', {'tolerance': 10}]
['Toggle Edit Mode', {'vertices': {0: [0.0, 1.0000001192092896, -0.7999999523162842], 1: [0.0, 1.0000001192092896, 2.799999952316284], 2: [0.19509035348892212, 0.9807852506637573, -0.7999999523162842], 3: [0.19509035348892212, 0.9807852506637573, 2.799999952316284], 4: [0.3826834559440613, 0.9238795042037964, -0.7999999523162842], 5: [0.3826834559440613, 0.9238795042037964, 2.799999952316284], 6: [0.5555702447891235, 0.8314696550369263, -0.7999999523162842], 7: [0.5555702447891235, 0.8314696550369263, 2.799999952316284], 8: [0.7071067690849304, 0.7071067094802856, -0.7999999523162842], 9: [0.7071067690849304, 0.7071067094802856, 2.799999952316284], 10: [0.8314695954322815, 0.5555702447891235, -0.7999999523162842], 11: [0.8314695954322815, 0.5555702447891235, 2.799999952316284], 12: [0.9238795042037964, 0.3826833963394165, -0.7999999523162842], 13: [0.9238795042037964, 0.3826833963394165, 2.799999952316284], 14: [0.9807852506637573, 0.19509029388427734, -0.7999999523162842], 15: [0.9807852506637573, 0.19509029388427734, 2.799999952316284], 16: [1.0, 0.0, -0.7999999523162842], 17: [1.0, 0.0, 2.799999952316284], 18: [0.9807852506637573, -0.19509029388427734, -0.7999999523162842], 19: [0.9807852506637573, -0.19509029388427734, 2.799999952316284], 20: [0.9238795042037964, -0.3826834559440613, -0.7999999523162842], 21: [0.9238795042037964, -0.3826834559440613, 2.799999952316284], 22: [0.8314695954322815, -0.5555702447891235, -0.7999999523162842], 23: [0.8314695954322815, -0.5555702447891235, 2.799999952316284], 24: [0.7071067690849304, -0.7071067690849304, -0.7999999523162842], 25: [0.7071067690849304, -0.7071067690849304, 2.799999952316284], 26: [0.5555702447891235, -0.8314695954322815, -0.7999999523162842], 27: [0.5555702447891235, -0.8314695954322815, 2.799999952316284], 28: [0.3826834559440613, -0.9238795042037964, -0.7999999523162842], 29: [0.3826834559440613, -0.9238795042037964, 2.799999952316284], 30: [0.19509035348892212, -0.9807852506637573, -0.7999999523162842], 31: [0.19509035348892212, -0.9807852506637573, 2.799999952316284], 32: [0.0, -1.0, -0.7999999523162842], 33: [0.0, -1.0, 2.799999952316284], 34: [1.8182473182678223, -2.3700459003448486, 2.799999952316284], 35: [1.8182473182678223, -2.3700459003448486, -0.7999999523162842], 36: [1.6667107343673706, -2.4944088459014893, -0.7999999523162842], 37: [1.6667107343673706, -2.4944088459014893, 2.799999952316284], 38: [1.4938240051269531, -2.5868186950683594, -0.7999999523162842], 39: [1.4938240051269531, -2.5868186950683594, 2.799999952316284], 40: [1.8182473182678223, -5.483757972717285, 2.799999952316284], 41: [1.8182473182678223, -5.483757972717285, -0.7999999523162842], 42: [1.6667107343673706, -5.483757972717285, -0.7999999523162842], 43: [1.6667107343673706, -5.483757972717285, 2.799999952316284], 44: [1.4938240051269531, -5.483757972717285, -0.7999999523162842], 45: [1.4938240051269531, -5.483757972717285, 2.799999952316284]}, 'faces': {0: [0.09754517674446106, 0.9903926849365234, 1.0], 1: [0.2888869047164917, 0.9523323774337769, 1.0], 2: [0.4691268503665924, 0.8776745796203613, 1.0], 3: [0.6313385367393494, 0.769288182258606, 1.0], 4: [0.769288182258606, 0.6313384771347046, 1.0], 5: [0.8776745796203613, 0.46912682056427, 1.0], 6: [0.9523323774337769, 0.2888868451118469, 1.0], 7: [0.9903926253318787, 0.09754514694213867, 1.0], 8: [0.9903926849365234, -0.09754514694213867, 1.0], 9: [0.9523323774337769, -0.2888868749141693, 1.0], 10: [0.8776745200157166, -0.4691268503665924, 1.0], 11: [0.769288182258606, -0.6313385367393494, 1.0], 12: [1.2626770734786987, -1.538576364517212, 1.0], 13: [1.1869087219238281, -1.6007578372955322, 2.799999952316284], 14: [0.2888869047164917, -0.9523323774337769, 1.0], 15: [0.09754517674446106, -0.9903926253318787, 1.0], 16: [0.5972453951835632, 7.0123111761688506e-09, 2.799999475479126], 17: [0.5972453951835632, -2.8049244704675402e-08, -0.8000000715255737], 18: [1.7424790859222412, -3.9579927921295166, -0.7999999523162842], 19: [1.5802674293518066, -4.012186050415039, 2.799999952316284], 20: [1.0246970653533936, -1.709144115447998, 2.799999952316284], 21: [1.1869087219238281, -1.6007578372955322, -0.7999999523162842], 22: [0.9382537603378296, -1.7553491592407227, 1.0], 23: [1.0246970653533936, -1.709144115447998, -0.7999999523162842], 24: [1.7424790859222412, -5.483757972717285, 1.0], 25: [1.5802674293518066, -5.483757972717285, 1.0], 26: [1.4938240051269531, -4.035288333892822, 1.0], 27: [1.5802674293518066, -4.012186050415039, -0.7999999523162842], 28: [1.7424790859222412, -3.9579927921295166, 2.799999952316284], 29: [1.8182473182678223, -3.9269020557403564, 1.0]}, 'editMode': True}, 'Cylinder', {'tolerance': 10}]
['Bevel', {'offset': 1, 'offset_pct': 0, 'newVertices': [46, 47, 48], 'newFaces': [30, 31], 'vertices': {0: [0.0, 1.0000001192092896, -0.7999999523162842], 1: [0.0, 1.0000001192092896, 2.799999952316284], 2: [0.19509035348892212, 0.9807852506637573, -0.7999999523162842], 3: [0.19509035348892212, 0.9807852506637573, 2.799999952316284], 4: [0.3826834559440613, 0.9238795042037964, -0.7999999523162842], 5: [0.3826834559440613, 0.9238795042037964, 2.799999952316284], 6: [0.5555702447891235, 0.8314696550369263, -0.7999999523162842], 7: [0.5555702447891235, 0.8314696550369263, 2.799999952316284], 8: [0.7071067690849304, 0.7071067094802856, -0.7999999523162842], 9: [0.7071067690849304, 0.7071067094802856, 2.799999952316284], 10: [0.8314695954322815, 0.5555702447891235, -0.7999999523162842], 11: [0.8314695954322815, 0.5555702447891235, 2.799999952316284], 12: [0.9238795042037964, 0.3826833963394165, -0.7999999523162842], 13: [0.9238795042037964, 0.3826833963394165, 2.799999952316284], 14: [0.9807852506637573, 0.19509029388427734, -0.7999999523162842], 15: [0.9807852506637573, 0.19509029388427734, 2.799999952316284], 16: [1.0, 0.0, -0.7999999523162842], 17: [1.0, 0.0, 2.799999952316284], 18: [0.9807852506637573, -0.19509029388427734, -0.7999999523162842], 19: [0.9807852506637573, -0.19509029388427734, 2.799999952316284], 20: [0.9238795042037964, -0.3826834559440613, -0.7999999523162842], 21: [0.9238795042037964, -0.3826834559440613, 2.799999952316284], 22: [0.8314695954322815, -0.5555702447891235, -0.7999999523162842], 23: [0.8314695954322815, -0.5555702447891235, 2.799999952316284], 24: [0.7071067690849304, -0.7071067690849304, -0.7999999523162842], 25: [0.7071067690849304, -0.7071067690849304, 2.799999952316284], 26: [0.5555702447891235, -0.8314695954322815, -0.7999999523162842], 27: [0.5555702447891235, -0.8314695954322815, 2.799999952316284], 28: [0.3826834559440613, -0.9238795042037964, -0.7999999523162842], 29: [0.3826834559440613, -0.9238795042037964, 2.799999952316284], 30: [0.19509035348892212, -0.9807852506637573, -0.7999999523162842], 31: [0.19509035348892212, -0.9807852506637573, 2.799999952316284], 32: [0.0, -1.0, -0.7999999523162842], 33: [0.0, -1.0, 2.799999952316284], 34: [1.8182473182678223, -2.3700459003448486, 2.799999952316284], 35: [1.8182473182678223, -2.3700459003448486, -0.7999999523162842], 36: [1.6667107343673706, -2.4944088459014893, -0.7999999523162842], 37: [1.6667107343673706, -2.4944088459014893, 2.799999952316284], 38: [1.4938240051269531, -2.5868186950683594, -0.7999999523162842], 39: [1.4938240051269531, -2.5868186950683594, 2.799999952316284], 40: [1.8182473182678223, -5.483757972717285, -0.7999999523162842], 41: [1.6667107343673706, -5.483757972717285, -0.7999999523162842], 42: [1.4938240051269531, -5.483757972717285, -0.7999999523162842], 43: [1.8182473182678223, -4.483757972717285, 2.799999952316284], 44: [1.8182473182678223, -5.483757972717285, 1.7999999523162842], 45: [1.6667107343673706, -4.483757972717285, 2.799999952316284], 46: [1.6667107343673706, -5.483757972717285, 1.7999999523162842], 47: [1.4938240051269531, -5.483757972717285, 1.7999999523162842], 48: [1.4938240051269531, -4.483757972717285, 2.799999952316284]}, 'faces': {0: [0.09754517674446106, 0.9903926849365234, 1.0], 1: [0.2888869047164917, 0.9523323774337769, 1.0], 2: [0.4691268503665924, 0.8776745796203613, 1.0], 3: [0.6313385367393494, 0.769288182258606, 1.0], 4: [0.769288182258606, 0.6313384771347046, 1.0], 5: [0.8776745796203613, 0.46912682056427, 1.0], 6: [0.9523323774337769, 0.2888868451118469, 1.0], 7: [0.9903926253318787, 0.09754514694213867, 1.0], 8: [0.9903926849365234, -0.09754514694213867, 1.0], 9: [0.9523323774337769, -0.2888868749141693, 1.0], 10: [0.8776745200157166, -0.4691268503665924, 1.0], 11: [0.769288182258606, -0.6313385367393494, 1.0], 12: [1.2626770734786987, -1.538576364517212, 1.0], 13: [1.1869087219238281, -1.6007578372955322, 2.799999952316284], 14: [0.2888869047164917, -0.9523323774337769, 1.0], 15: [0.09754517674446106, -0.9903926253318787, 1.0], 16: [0.5972453951835632, 7.0123111761688506e-09, 2.799999475479126], 17: [0.5972453951835632, -2.8049244704675402e-08, -0.8000000715255737], 18: [1.7424790859222412, -3.9579927921295166, -0.7999999523162842], 19: [1.4938240051269531, -4.1249823570251465, 1.1600000858306885], 20: [1.0246970653533936, -1.709144115447998, 2.799999952316284], 21: [1.1869087219238281, -1.6007578372955322, -0.7999999523162842], 22: [0.9382537603378296, -1.7553491592407227, 1.0], 23: [1.0246970653533936, -1.709144115447998, -0.7999999523162842], 24: [1.7424790859222412, -3.4579927921295166, 2.799999952316284], 25: [1.5802674293518066, -3.51218581199646, 2.799999952316284], 26: [1.5802674293518066, -4.012186050415039, -0.7999999523162842], 27: [1.5802674293518066, -5.483757972717285, 0.5], 28: [1.7424790859222412, -5.483757972717285, 0.5], 29: [1.7424790859222412, -4.983757972717285, 2.299999952316284], 30: [1.5802674293518066, -4.983757972717285, 2.299999952316284], 31: [1.8182471990585327, -4.038273334503174, 1.1600000858306885]}, 'editMode': True}, 'Cylinder', {'tolerance': 10}]
['Bevel', {'offset': 0.2, 'offset_pct': 0, 'newVertices': [49, 50, 51, 52, 53, 54, 55, 56, 57, 58, 59, 60, 61, 62, 63, 64, 65, 66, 67, 68, 69, 70, 71, 72], 'newFaces': [32, 33, 34, 35, 36, 37, 38, 39, 40, 41, 42, 43, 44, 45, 46, 47], 'vertices': {0: [0.0, 1.0000001192092896, -0.7999999523162842], 1: [0.0, 1.0000001192092896, 2.799999952316284], 2: [0.19509035348892212, 0.9807852506637573, -0.7999999523162842], 3: [0.19509035348892212, 0.9807852506637573, 2.799999952316284], 4: [0.3826834559440613, 0.9238795042037964, -0.7999999523162842], 5: [0.3826834559440613, 0.9238795042037964, 2.799999952316284], 6: [0.5555702447891235, 0.8314696550369263, -0.7999999523162842], 7: [0.5555702447891235, 0.8314696550369263, 2.799999952316284], 8: [0.7071067690849304, 0.7071067094802856, -0.7999999523162842], 9: [0.7071067690849304, 0.7071067094802856, 2.799999952316284], 10: [0.8314695954322815, 0.5555702447891235, -0.7999999523162842], 11: [0.8314695954322815, 0.5555702447891235, 2.799999952316284], 12: [0.9238795042037964, 0.3826833963394165, -0.7999999523162842], 13: [0.9238795042037964, 0.3826833963394165, 2.799999952316284], 14: [0.9807852506637573, 0.19509029388427734, -0.7999999523162842], 15: [0.9807852506637573, 0.19509029388427734, 2.799999952316284], 16: [1.0, 0.0, -0.7999999523162842], 17: [1.0, 0.0, 2.799999952316284], 18: [0.9807852506637573, -0.19509029388427734, -0.7999999523162842], 19: [0.9807852506637573, -0.19509029388427734, 2.799999952316284], 20: [0.9238795042037964, -0.3826834559440613, -0.7999999523162842], 21: [0.9238795042037964, -0.3826834559440613, 2.799999952316284], 22: [0.8314695954322815, -0.5555702447891235, -0.7999999523162842], 23: [0.8314695954322815, -0.5555702447891235, 2.799999952316284], 24: [0.7071067690849304, -0.7071067690849304, -0.7999999523162842], 25: [0.7071067690849304, -0.7071067690849304, 2.799999952316284], 26: [0.5555702447891235, -0.8314695954322815, -0.7999999523162842], 27: [0.5555702447891235, -0.8314695954322815, 2.799999952316284], 28: [0.3826834559440613, -0.9238795042037964, -0.7999999523162842], 29: [0.3826834559440613, -0.9238795042037964, 2.799999952316284], 30: [0.19509035348892212, -0.9807852506637573, -0.7999999523162842], 31: [0.19509035348892212, -0.9807852506637573, 2.799999952316284], 32: [0.0, -1.0, -0.7999999523162842], 33: [0.0, -1.0, 2.799999952316284], 34: [1.8182473182678223, -2.3700459003448486, 2.799999952316284], 35: [1.8182473182678223, -2.3700459003448486, -0.7999999523162842], 36: [1.6667107343673706, -2.4944088459014893, -0.7999999523162842], 37: [1.6667107343673706, -2.4944088459014893, 2.799999952316284], 38: [1.4938240051269531, -2.5868186950683594, -0.7999999523162842], 39: [1.4938240051269531, -2.5868186950683594, 2.799999952316284], 40: [1.8182473182678223, -5.483757972717285, -0.7999999523162842], 41: [1.6667107343673706, -5.483757972717285, -0.7999999523162842], 42: [1.4938240051269531, -5.483757972717285, -0.7999999523162842], 43: [1.8182473182678223, -4.283758163452148, 2.799999952316284], 44: [1.8182473182678223, -4.625179290771484, 2.658578634262085], 45: [1.8182473182678223, -4.371059894561768, 2.7892348766326904], 46: [1.8182473182678223, -4.4666008949279785, 2.7585785388946533], 47: [1.8182473182678223, -4.555835723876953, 2.712698221206665], 48: [1.8182473182678223, -5.342336654663086, 1.9414212703704834], 49: [1.8182473182678223, -5.483757972717285, 1.5999999046325684], 50: [1.8182473182678223, -5.396456241607666, 1.8720775842666626], 51: [1.8182473182678223, -5.442336559295654, 1.7828426361083984], 52: [1.8182473182678223, -5.472992897033691, 1.6873016357421875], 53: [1.6667107343673706, -4.283758163452148, 2.799999952316284], 54: [1.6667107343673706, -4.625179290771484, 2.658578634262085], 55: [1.6667107343673706, -4.371059894561768, 2.7892348766326904], 56: [1.6667107343673706, -4.4666008949279785, 2.7585785388946533], 57: [1.6667107343673706, -4.555835723876953, 2.712698221206665], 58: [1.6667107343673706, -5.342336654663086, 1.9414212703704834], 59: [1.6667107343673706, -5.483757972717285, 1.5999999046325684], 60: [1.6667107343673706, -5.396456241607666, 1.8720775842666626], 61: [1.6667107343673706, -5.442336559295654, 1.7828426361083984], 62: [1.6667107343673706, -5.472992897033691, 1.6873016357421875], 63: [1.4938240051269531, -5.483757972717285, 1.5999999046325684], 64: [1.4938240051269531, -5.342336654663086, 1.9414212703704834], 65: [1.4938240051269531, -5.472992897033691, 1.6873016357421875], 66: [1.4938240051269531, -5.442336559295654, 1.7828426361083984], 67: [1.4938240051269531, -5.396456241607666, 1.8720775842666626], 68: [1.4938240051269531, -4.625179290771484, 2.658578634262085], 69: [1.4938240051269531, -4.283758163452148, 2.799999952316284], 70: [1.4938240051269531, -4.555835723876953, 2.712698221206665], 71: [1.4938240051269531, -4.4666008949279785, 2.7585785388946533], 72: [1.4938240051269531, -4.371059894561768, 2.7892348766326904]}, 'faces': {0: [0.09754517674446106, 0.9903926849365234, 1.0], 1: [0.2888869047164917, 0.9523323774337769, 1.0], 2: [0.4691268503665924, 0.8776745796203613, 1.0], 3: [0.6313385367393494, 0.769288182258606, 1.0], 4: [0.769288182258606, 0.6313384771347046, 1.0], 5: [0.8776745796203613, 0.46912682056427, 1.0], 6: [0.9523323774337769, 0.2888868451118469, 1.0], 7: [0.9903926253318787, 0.09754514694213867, 1.0], 8: [0.9903926849365234, -0.09754514694213867, 1.0], 9: [0.9523323774337769, -0.2888868749141693, 1.0], 10: [0.8776745200157166, -0.4691268503665924, 1.0], 11: [0.769288182258606, -0.6313385367393494, 1.0], 12: [1.2626770734786987, -1.538576364517212, 1.0], 13: [1.1869087219238281, -1.6007578372955322, 2.799999952316284], 14: [0.2888869047164917, -0.9523323774337769, 1.0], 15: [0.09754517674446106, -0.9903926253318787, 1.0], 16: [0.5972453951835632, 7.0123111761688506e-09, 2.799999475479126], 17: [0.5972453951835632, -2.8049244704675402e-08, -0.8000000715255737], 18: [1.7424790859222412, -3.9579927921295166, -0.7999999523162842], 19: [1.0246970653533936, -1.709144115447998, 2.799999952316284], 20: [1.1869087219238281, -1.6007578372955322, -0.7999999523162842], 21: [0.9382537603378296, -1.7553491592407227, 1.0], 22: [1.0246970653533936, -1.709144115447998, -0.7999999523162842], 23: [1.7424790859222412, -5.483757972717285, 0.3999999761581421], 24: [1.5802674293518066, -5.483757972717285, 0.3999999761581421], 25: [1.5802674293518066, -4.012186050415039, -0.7999999523162842], 26: [1.4938240051269531, -4.622901439666748, 1.8309794664382935], 27: [1.5802674293518066, -4.983757972717285, 2.299999952316284], 28: [1.7424790859222412, -3.357992649078369, 2.799999952316284], 29: [1.5802674293518066, -3.4121859073638916, 2.799999952316284], 30: [1.7424790859222412, -4.983757972717285, 2.299999952316284], 31: [1.7424790859222412, -5.478375434875488, 1.643650770187378], 32: [1.7424790859222412, -5.457664966583252, 1.735072135925293], 33: [1.7424790859222412, -5.41939640045166, 1.8274600505828857], 34: [1.7424790859222412, -5.369396686553955, 1.9067494869232178], 35: [1.7424790859222412, -4.327408790588379, 2.7946174144744873], 36: [1.7424790859222412, -4.418830394744873, 2.773906707763672], 37: [1.7424790859222412, -4.511218070983887, 2.735638380050659], 38: [1.7424790859222412, -4.590507507324219, 2.685638427734375], 39: [1.5802674293518066, -5.478375434875488, 1.643650770187378], 40: [1.5802674293518066, -5.457664966583252, 1.735072135925293], 41: [1.5802674293518066, -5.41939640045166, 1.8274600505828857], 42: [1.5802674293518066, -5.369396686553955, 1.9067494869232178], 43: [1.5802674293518066, -4.327408790588379, 2.7946174144744873], 44: [1.5802674293518066, -4.418830394744873, 2.773906707763672], 45: [1.5802674293518066, -4.511218070983887, 2.735638380050659], 46: [1.5802674293518066, -4.590507507324219, 2.685638427734375], 47: [1.8182470798492432, -4.589550971984863, 1.830979585647583]}, 'editMode': True}, 'Cylinder', {'tolerance': 10}]
['Bevel', {'offset': 0.2, 'offset_pct': 0, 'newVertices': [73, 74, 75, 76, 77, 78, 79, 80, 81, 82, 83, 84, 85, 86, 87, 88, 89, 90, 91, 92, 93, 94, 95, 96], 'newFaces': [48, 49, 50, 51, 52, 53, 54, 55, 56, 57, 58, 59, 60, 61, 62, 63, 64, 65, 66, 67, 68, 69, 70, 71], 'vertices': {0: [0.0, 1.0000001192092896, -0.7999999523162842], 1: [0.0, 1.0000001192092896, 2.799999952316284], 2: [0.19509035348892212, 0.9807852506637573, -0.7999999523162842], 3: [0.19509035348892212, 0.9807852506637573, 2.799999952316284], 4: [0.3826834559440613, 0.9238795042037964, -0.7999999523162842], 5: [0.3826834559440613, 0.9238795042037964, 2.799999952316284], 6: [0.5555702447891235, 0.8314696550369263, -0.7999999523162842], 7: [0.5555702447891235, 0.8314696550369263, 2.799999952316284], 8: [0.7071067690849304, 0.7071067094802856, -0.7999999523162842], 9: [0.7071067690849304, 0.7071067094802856, 2.799999952316284], 10: [0.8314695954322815, 0.5555702447891235, -0.7999999523162842], 11: [0.8314695954322815, 0.5555702447891235, 2.799999952316284], 12: [0.9238795042037964, 0.3826833963394165, -0.7999999523162842], 13: [0.9238795042037964, 0.3826833963394165, 2.799999952316284], 14: [0.9807852506637573, 0.19509029388427734, -0.7999999523162842], 15: [0.9807852506637573, 0.19509029388427734, 2.799999952316284], 16: [1.0, 0.0, -0.7999999523162842], 17: [1.0, 0.0, 2.799999952316284], 18: [0.9807852506637573, -0.19509029388427734, -0.7999999523162842], 19: [0.9807852506637573, -0.19509029388427734, 2.799999952316284], 20: [0.9238795042037964, -0.3826834559440613, -0.7999999523162842], 21: [0.9238795042037964, -0.3826834559440613, 2.799999952316284], 22: [0.8314695954322815, -0.5555702447891235, -0.7999999523162842], 23: [0.8314695954322815, -0.5555702447891235, 2.799999952316284], 24: [0.7071067690849304, -0.7071067690849304, -0.7999999523162842], 25: [0.7071067690849304, -0.7071067690849304, 2.799999952316284], 26: [0.5555702447891235, -0.8314695954322815, -0.7999999523162842], 27: [0.5555702447891235, -0.8314695954322815, 2.799999952316284], 28: [0.3826834559440613, -0.9238795042037964, -0.7999999523162842], 29: [0.3826834559440613, -0.9238795042037964, 2.799999952316284], 30: [0.19509035348892212, -0.9807852506637573, -0.7999999523162842], 31: [0.19509035348892212, -0.9807852506637573, 2.799999952316284], 32: [0.0, -1.0, -0.7999999523162842], 33: [0.0, -1.0, 2.799999952316284], 34: [1.8182473182678223, -5.483757972717285, -0.7999999523162842], 35: [1.6667107343673706, -5.483757972717285, -0.7999999523162842], 36: [1.4938240051269531, -5.483757972717285, -0.7999999523162842], 37: [1.8182473182678223, -4.283758163452148, 2.799999952316284], 38: [1.8182473182678223, -4.625179290771484, 2.658578634262085], 39: [1.8182473182678223, -4.371059894561768, 2.7892348766326904], 40: [1.8182473182678223, -4.4666008949279785, 2.7585785388946533], 41: [1.8182473182678223, -4.555835723876953, 2.712698221206665], 42: [1.8182473182678223, -5.342336654663086, 1.9414212703704834], 43: [1.8182473182678223, -5.483757972717285, 1.5999999046325684], 44: [1.8182473182678223, -5.396456241607666, 1.8720775842666626], 45: [1.8182473182678223, -5.442336559295654, 1.7828426361083984], 46: [1.8182473182678223, -5.472992897033691, 1.6873016357421875], 47: [1.6667107343673706, -4.283758163452148, 2.799999952316284], 48: [1.6667107343673706, -4.625179290771484, 2.658578634262085], 49: [1.6667107343673706, -4.371059894561768, 2.7892348766326904], 50: [1.6667107343673706, -4.4666008949279785, 2.7585785388946533], 51: [1.6667107343673706, -4.555835723876953, 2.712698221206665], 52: [1.6667107343673706, -5.342336654663086, 1.9414212703704834], 53: [1.6667107343673706, -5.483757972717285, 1.5999999046325684], 54: [1.6667107343673706, -5.396456241607666, 1.8720775842666626], 55: [1.6667107343673706, -5.442336559295654, 1.7828426361083984], 56: [1.6667107343673706, -5.472992897033691, 1.6873016357421875], 57: [1.4938240051269531, -5.483757972717285, 1.5999999046325684], 58: [1.4938240051269531, -5.342336654663086, 1.9414212703704834], 59: [1.4938240051269531, -5.472992897033691, 1.6873016357421875], 60: [1.4938240051269531, -5.442336559295654, 1.7828426361083984], 61: [1.4938240051269531, -5.396456241607666, 1.8720775842666626], 62: [1.4938240051269531, -4.625179290771484, 2.658578634262085], 63: [1.4938240051269531, -4.283758163452148, 2.799999952316284], 64: [1.4938240051269531, -4.555835723876953, 2.712698221206665], 65: [1.4938240051269531, -4.4666008949279785, 2.7585785388946533], 66: [1.4938240051269531, -4.371059894561768, 2.7892348766326904], 67: [1.7067782878875732, -2.203220844268799, 2.799999952316284], 68: [1.8182473182678223, -2.5938429832458496, 2.799999952316284], 69: [1.7494356632232666, -2.284097671508789, 2.799999952316284], 70: [1.7855987548828125, -2.386732578277588, 2.799999952316284], 71: [1.8097622394561768, -2.4955008029937744, 2.799999952316284], 72: [1.8182473182678223, -2.5938429832458496, -0.7999999523162842], 73: [1.7067782878875732, -2.203220844268799, -0.7999999523162842], 74: [1.8097622394561768, -2.4955008029937744, -0.7999999523162842], 75: [1.7855987548828125, -2.386732578277588, -0.7999999523162842], 76: [1.7494356632232666, -2.284097671508789, -0.7999999523162842], 77: [1.6667107343673706, -2.7184016704559326, -0.7999999523162842], 78: [1.555234670639038, -2.327573299407959, -0.7999999523162842], 79: [1.6582250595092773, -2.619983434677124, -0.7999999523162842], 80: [1.634060025215149, -2.5111496448516846, -0.7999999523162842], 81: [1.597894549369812, -2.408468723297119, -0.7999999523162842], 82: [1.555234670639038, -2.327573299407959, 2.799999952316284], 83: [1.6667107343673706, -2.7184016704559326, 2.799999952316284], 84: [1.597894549369812, -2.408468723297119, 2.799999952316284], 85: [1.634060025215149, -2.5111496448516846, 2.799999952316284], 86: [1.6582250595092773, -2.619983434677124, 2.799999952316284], 87: [1.4938240051269531, -2.8097829818725586, -0.7999999523162842], 88: [1.382354974746704, -2.4199936389923096, -0.7999999523162842], 89: [1.4853389263153076, -2.711759090423584, -0.7999999523162842], 90: [1.4611754417419434, -2.6032612323760986, -0.7999999523162842], 91: [1.4250123500823975, -2.5008068084716797, -0.7999999523162842], 92: [1.382354974746704, -2.4199936389923096, 2.799999952316284], 93: [1.4938240051269531, -2.8097829818725586, 2.799999952316284], 94: [1.4250123500823975, -2.5008068084716797, 2.799999952316284], 95: [1.4611754417419434, -2.6032612323760986, 2.799999952316284], 96: [1.4853389263153076, -2.711759090423584, 2.799999952316284]}, 'faces': {0: [0.09754517674446106, 0.9903926849365234, 1.0], 1: [0.2888869047164917, 0.9523323774337769, 1.0], 2: [0.4691268503665924, 0.8776745796203613, 1.0], 3: [0.6313385367393494, 0.769288182258606, 1.0], 4: [0.769288182258606, 0.6313384771347046, 1.0], 5: [0.8776745796203613, 0.46912682056427, 1.0], 6: [0.9523323774337769, 0.2888868451118469, 1.0], 7: [0.9903926253318787, 0.09754514694213867, 1.0], 8: [0.9903926849365234, -0.09754514694213867, 1.0], 9: [0.9523323774337769, -0.2888868749141693, 1.0], 10: [0.8776745200157166, -0.4691268503665924, 1.0], 11: [0.769288182258606, -0.6313385367393494, 1.0], 12: [1.7424790859222412, -3.469940185546875, 2.799999952316284], 13: [1.1311724185943604, -1.5173425674438477, -0.7999999523162842], 14: [0.2888869047164917, -0.9523323774337769, 1.0], 15: [0.09754517674446106, -0.9903926253318787, 1.0], 16: [0.5972453951835632, 7.0123111761688506e-09, 2.799999475479126], 17: [0.5972453951835632, -2.8049244704675402e-08, -0.8000000715255737], 18: [1.5802674293518066, -4.12392520904541, -0.7999999523162842], 19: [1.5802674293518066, -3.523925304412842, 2.799999952316284], 20: [1.7424790859222412, -4.069940090179443, -0.7999999523162842], 21: [0.9689608216285706, -1.625728964805603, 2.799999952316284], 22: [1.7424790859222412, -5.483757972717285, 0.3999999761581421], 23: [1.5802674293518066, -5.483757972717285, 0.3999999761581421], 24: [0.9689608216285706, -1.6257290840148926, -0.7999999523162842], 25: [0.8825191855430603, -1.6719365119934082, 1.0], 26: [1.5802674293518066, -4.983757972717285, 2.299999952316284], 27: [1.1311724185943604, -1.5173425674438477, 2.799999952316284], 28: [1.4938240051269531, -4.657203197479248, 1.8309794664382935], 29: [1.7424790859222412, -4.983757972717285, 2.299999952316284], 30: [1.7424790859222412, -5.478375434875488, 1.643650770187378], 31: [1.7424790859222412, -5.457664966583252, 1.735072135925293], 32: [1.7424790859222412, -5.41939640045166, 1.8274600505828857], 33: [1.7424790859222412, -5.369396686553955, 1.9067494869232178], 34: [1.7424790859222412, -4.327408790588379, 2.7946174144744873], 35: [1.7424790859222412, -4.418830394744873, 2.773906707763672], 36: [1.7424790859222412, -4.511218070983887, 2.735638380050659], 37: [1.7424790859222412, -4.590507507324219, 2.685638427734375], 38: [1.5802674293518066, -5.478375434875488, 1.643650770187378], 39: [1.5802674293518066, -5.457664966583252, 1.735072135925293], 40: [1.5802674293518066, -5.41939640045166, 1.8274600505828857], 41: [1.5802674293518066, -5.369396686553955, 1.9067494869232178], 42: [1.5802674293518066, -4.327408790588379, 2.7946174144744873], 43: [1.5802674293518066, -4.418830394744873, 2.773906707763672], 44: [1.5802674293518066, -4.511218070983887, 2.735638380050659], 45: [1.5802674293518066, -4.590507507324219, 2.685638427734375], 46: [1.2069425582885742, -1.455163836479187, 1.0], 47: [1.81400465965271, -2.5446717739105225, 1.0], 48: [1.7976804971694946, -2.4411168098449707, 1.0], 49: [1.76751708984375, -2.3354151248931885, 1.0], 50: [1.72810697555542, -2.243659257888794, 1.0], 51: [1.738236427307129, -2.6069321632385254, -0.7999999523162842], 52: [1.7219115495681763, -2.5033416748046875, -0.7999999523162842], 53: [1.6917471885681152, -2.3976120948791504, -0.7999999523162842], 54: [1.6523358821868896, -2.305840015411377, -0.7999999523162842], 55: [1.738236427307129, -2.6069321632385254, 2.799999952316284], 56: [1.7219114303588867, -2.5033416748046875, 2.799999952316284], 57: [1.6917471885681152, -2.3976120948791504, 2.799999952316284], 58: [1.6523358821868896, -2.305840015411377, 2.799999952316284], 59: [1.5760247707366943, -2.714982032775879, -0.7999999523162842], 60: [1.5596997737884521, -2.6115381717681885, -0.7999999523162842], 61: [1.5295355319976807, -2.5059216022491455, -0.7999999523162842], 62: [1.490124225616455, -2.414210796356201, -0.7999999523162842], 63: [1.5760247707366943, -2.714982032775879, 2.799999952316284], 64: [1.5596998929977417, -2.6115381717681885, 2.799999952316284], 65: [1.5295355319976807, -2.5059216022491455, 2.799999952316284], 66: [1.490123987197876, -2.414210557937622, 2.799999952316284], 67: [1.4036836624145508, -2.460400104522705, 1.0], 68: [1.4430938959121704, -2.5520339012145996, 1.0], 69: [1.473257303237915, -2.657510280609131, 1.0], 70: [1.4895814657211304, -2.7607710361480713, 1.0], 71: [1.8182470798492432, -4.623981475830078, 1.830979585647583]}, 'editMode': True}, 'Cylinder', {'tolerance': 10}]
['Bevel', {'offset': 0.09, 'offset_pct': 0, 'newVertices': [97, 98, 99, 100, 101, 102, 103, 104, 105, 106, 107, 108, 109, 110, 111, 112], 'newFaces': [72, 73, 74, 75, 76, 77, 78, 79, 80, 81, 82, 83, 84, 85, 86, 87, 88, 89], 'vertices': {0: [0.0, 1.0000001192092896, -0.7999999523162842], 1: [0.0, 1.0000001192092896, 2.799999952316284], 2: [0.19509035348892212, 0.9807852506637573, -0.7999999523162842], 3: [0.19509035348892212, 0.9807852506637573, 2.799999952316284], 4: [0.3826834559440613, 0.9238795042037964, -0.7999999523162842], 5: [0.3826834559440613, 0.9238795042037964, 2.799999952316284], 6: [0.5555702447891235, 0.8314696550369263, -0.7999999523162842], 7: [0.5555702447891235, 0.8314696550369263, 2.799999952316284], 8: [0.7071067690849304, 0.7071067094802856, -0.7999999523162842], 9: [0.7071067690849304, 0.7071067094802856, 2.799999952316284], 10: [0.8314695954322815, 0.5555702447891235, -0.7999999523162842], 11: [0.8314695954322815, 0.5555702447891235, 2.799999952316284], 12: [0.9238795042037964, 0.3826833963394165, -0.7999999523162842], 13: [0.9238795042037964, 0.3826833963394165, 2.799999952316284], 14: [0.9807852506637573, 0.19509029388427734, -0.7999999523162842], 15: [0.9807852506637573, 0.19509029388427734, 2.799999952316284], 16: [1.0, 0.0, -0.7999999523162842], 17: [1.0, 0.0, 2.799999952316284], 18: [0.9807852506637573, -0.19509029388427734, -0.7999999523162842], 19: [0.9807852506637573, -0.19509029388427734, 2.799999952316284], 20: [0.9238795042037964, -0.3826834559440613, -0.7999999523162842], 21: [0.9238795042037964, -0.3826834559440613, 2.799999952316284], 22: [0.8314695954322815, -0.5555702447891235, -0.7999999523162842], 23: [0.8314695954322815, -0.5555702447891235, 2.799999952316284], 24: [0.5555702447891235, -0.8314695954322815, -0.7999999523162842], 25: [0.5555702447891235, -0.8314695954322815, 2.799999952316284], 26: [0.19509035348892212, -0.9807852506637573, -0.7999999523162842], 27: [0.19509035348892212, -0.9807852506637573, 2.799999952316284], 28: [0.0, -1.0, -0.7999999523162842], 29: [0.0, -1.0, 2.799999952316284], 30: [1.8182473182678223, -5.483757972717285, -0.7999999523162842], 31: [1.6667107343673706, -5.483757972717285, -0.7999999523162842], 32: [1.4938240051269531, -5.483757972717285, -0.7999999523162842], 33: [1.8182473182678223, -4.283758163452148, 2.799999952316284], 34: [1.8182473182678223, -4.625179290771484, 2.658578634262085], 35: [1.8182473182678223, -4.371059894561768, 2.7892348766326904], 36: [1.8182473182678223, -4.4666008949279785, 2.7585785388946533], 37: [1.8182473182678223, -4.555835723876953, 2.712698221206665], 38: [1.8182473182678223, -5.342336654663086, 1.9414212703704834], 39: [1.8182473182678223, -5.483757972717285, 1.5999999046325684], 40: [1.8182473182678223, -5.396456241607666, 1.8720775842666626], 41: [1.8182473182678223, -5.442336559295654, 1.7828426361083984], 42: [1.8182473182678223, -5.472992897033691, 1.6873016357421875], 43: [1.6667107343673706, -4.283758163452148, 2.799999952316284], 44: [1.6667107343673706, -4.625179290771484, 2.658578634262085], 45: [1.6667107343673706, -4.371059894561768, 2.7892348766326904], 46: [1.6667107343673706, -4.4666008949279785, 2.7585785388946533], 47: [1.6667107343673706, -4.555835723876953, 2.712698221206665], 48: [1.6667107343673706, -5.342336654663086, 1.9414212703704834], 49: [1.6667107343673706, -5.483757972717285, 1.5999999046325684], 50: [1.6667107343673706, -5.396456241607666, 1.8720775842666626], 51: [1.6667107343673706, -5.442336559295654, 1.7828426361083984], 52: [1.6667107343673706, -5.472992897033691, 1.6873016357421875], 53: [1.4938240051269531, -5.483757972717285, 1.5999999046325684], 54: [1.4938240051269531, -5.342336654663086, 1.9414212703704834], 55: [1.4938240051269531, -5.472992897033691, 1.6873016357421875], 56: [1.4938240051269531, -5.442336559295654, 1.7828426361083984], 57: [1.4938240051269531, -5.396456241607666, 1.8720775842666626], 58: [1.4938240051269531, -4.625179290771484, 2.658578634262085], 59: [1.4938240051269531, -4.283758163452148, 2.799999952316284], 60: [1.4938240051269531, -4.555835723876953, 2.712698221206665], 61: [1.4938240051269531, -4.4666008949279785, 2.7585785388946533], 62: [1.4938240051269531, -4.371059894561768, 2.7892348766326904], 63: [1.7067782878875732, -2.203220844268799, 2.799999952316284], 64: [1.8182473182678223, -2.5938429832458496, 2.799999952316284], 65: [1.7494356632232666, -2.284097671508789, 2.799999952316284], 66: [1.7855987548828125, -2.386732578277588, 2.799999952316284], 67: [1.8097622394561768, -2.4955008029937744, 2.799999952316284], 68: [1.8182473182678223, -2.5938429832458496, -0.7999999523162842], 69: [1.7067782878875732, -2.203220844268799, -0.7999999523162842], 70: [1.8097622394561768, -2.4955008029937744, -0.7999999523162842], 71: [1.7855987548828125, -2.386732578277588, -0.7999999523162842], 72: [1.7494356632232666, -2.284097671508789, -0.7999999523162842], 73: [1.6667107343673706, -2.7184016704559326, -0.7999999523162842], 74: [1.555234670639038, -2.327573299407959, -0.7999999523162842], 75: [1.6582250595092773, -2.619983434677124, -0.7999999523162842], 76: [1.634060025215149, -2.5111496448516846, -0.7999999523162842], 77: [1.597894549369812, -2.408468723297119, -0.7999999523162842], 78: [1.555234670639038, -2.327573299407959, 2.799999952316284], 79: [1.6667107343673706, -2.7184016704559326, 2.799999952316284], 80: [1.597894549369812, -2.408468723297119, 2.799999952316284], 81: [1.634060025215149, -2.5111496448516846, 2.799999952316284], 82: [1.6582250595092773, -2.619983434677124, 2.799999952316284], 83: [1.4938240051269531, -2.8097829818725586, -0.7999999523162842], 84: [1.382354974746704, -2.4199936389923096, -0.7999999523162842], 85: [1.4853389263153076, -2.711759090423584, -0.7999999523162842], 86: [1.4611754417419434, -2.6032612323760986, -0.7999999523162842], 87: [1.4250123500823975, -2.5008068084716797, -0.7999999523162842], 88: [1.382354974746704, -2.4199936389923096, 2.799999952316284], 89: [1.4938240051269531, -2.8097829818725586, 2.799999952316284], 90: [1.4250123500823975, -2.5008068084716797, 2.799999952316284], 91: [1.4611754417419434, -2.6032612323760986, 2.799999952316284], 92: [1.4853389263153076, -2.711759090423584, 2.799999952316284], 93: [0.7642021775245667, -0.637535810470581, -0.7999999523162842], 94: [0.7571080923080444, -0.7819390296936035, -0.7999999523162842], 95: [0.637535810470581, -0.7642021775245667, -0.7999999523162842], 96: [0.7423534393310547, -0.6823469400405884, -0.7999999523162842], 97: [0.7397568225860596, -0.7352021336555481, -0.7999999523162842], 98: [0.7571080923080444, -0.7819390296936035, 2.799999952316284], 99: [0.7642021775245667, -0.637535810470581, 2.799999952316284], 100: [0.637535810470581, -0.7642021775245667, 2.799999952316284], 101: [0.7397568225860596, -0.7352021336555481, 2.799999952316284], 102: [0.7423534393310547, -0.6823469400405884, 2.799999952316284], 103: [0.4326847791671753, -0.9987117648124695, -0.7999999523162842], 104: [0.29655882716178894, -0.9500051140785217, -0.7999999523162842], 105: [0.46205636858940125, -0.881453812122345, -0.7999999523162842], 106: [0.39614564180374146, -0.9647958278656006, -0.7999999523162842], 107: [0.34632009267807007, -0.9469679594039917, -0.7999999523162842], 108: [0.29655882716178894, -0.9500051140785217, 2.799999952316284], 109: [0.4326847791671753, -0.9987117648124695, 2.799999952316284], 110: [0.46205636858940125, -0.881453812122345, 2.799999952316284], 111: [0.34632009267807007, -0.9469679594039917, 2.799999952316284], 112: [0.39614564180374146, -0.9647958278656006, 2.799999952316284]}, 'faces': {0: [0.09754517674446106, 0.9903926849365234, 1.0], 1: [0.2888869047164917, 0.9523323774337769, 1.0], 2: [0.4691268503665924, 0.8776745796203613, 1.0], 3: [0.6313385367393494, 0.769288182258606, 1.0], 4: [0.769288182258606, 0.6313384771347046, 1.0], 5: [0.8776745796203613, 0.46912682056427, 1.0], 6: [0.9523323774337769, 0.2888868451118469, 1.0], 7: [0.9903926253318787, 0.09754514694213867, 1.0], 8: [0.9903926849365234, -0.09754514694213867, 1.0], 9: [0.9523323774337769, -0.2888868749141693, 1.0], 10: [0.8776745200157166, -0.4691268503665924, 1.0], 11: [1.231943130493164, -1.4925799369812012, 1.0], 12: [1.7424790859222412, -3.469940185546875, 2.799999952316284], 13: [0.7978358864784241, -0.5965530276298523, 1.0], 14: [0.9075198769569397, -1.709352731704712, 1.0], 15: [0.09754517674446106, -0.9903926253318787, 1.0], 16: [1.042445421218872, -1.381680965423584, 2.799999952316284], 17: [1.042445421218872, -1.381680965423584, -0.7999999523162842], 18: [1.5802674293518066, -4.12392520904541, -0.7999999523162842], 19: [1.5802674293518066, -3.523925304412842, 2.799999952316284], 20: [1.7424790859222412, -4.069940090179443, -0.7999999523162842], 21: [1.7424790859222412, -5.483757972717285, 0.3999999761581421], 22: [1.5802674293518066, -5.483757972717285, 0.3999999761581421], 23: [0.24582459032535553, -0.9653952121734619, 1.0], 24: [0.8775802850723267, -1.4918404817581177, 2.799999952316284], 25: [1.5802674293518066, -4.983757972717285, 2.299999952316284], 26: [0.8775802850723267, -1.4918403625488281, -0.7999999523162842], 27: [1.4938240051269531, -4.657203197479248, 1.8309794664382935], 28: [1.7424790859222412, -4.983757972717285, 2.299999952316284], 29: [1.7424790859222412, -5.478375434875488, 1.643650770187378], 30: [1.7424790859222412, -5.457664966583252, 1.735072135925293], 31: [1.7424790859222412, -5.41939640045166, 1.8274600505828857], 32: [1.7424790859222412, -5.369396686553955, 1.9067494869232178], 33: [1.7424790859222412, -4.327408790588379, 2.7946174144744873], 34: [1.7424790859222412, -4.418830394744873, 2.773906707763672], 35: [1.7424790859222412, -4.511218070983887, 2.735638380050659], 36: [1.7424790859222412, -4.590507507324219, 2.685638427734375], 37: [1.5802674293518066, -5.478375434875488, 1.643650770187378], 38: [1.5802674293518066, -5.457664966583252, 1.735072135925293], 39: [1.5802674293518066, -5.41939640045166, 1.8274600505828857], 40: [1.5802674293518066, -5.369396686553955, 1.9067494869232178], 41: [1.5802674293518066, -4.327408790588379, 2.7946174144744873], 42: [1.5802674293518066, -4.418830394744873, 2.773906707763672], 43: [1.5802674293518066, -4.511218070983887, 2.735638380050659], 44: [1.5802674293518066, -4.590507507324219, 2.685638427734375], 45: [0.5907228589057922, -0.08432687819004059, 2.799999475479126], 46: [1.81400465965271, -2.5446717739105225, 1.0], 47: [1.7976804971694946, -2.4411168098449707, 1.0], 48: [1.76751708984375, -2.3354151248931885, 1.0], 49: [1.72810697555542, -2.243659257888794, 1.0], 50: [1.738236427307129, -2.6069321632385254, -0.7999999523162842], 51: [1.7219115495681763, -2.5033416748046875, -0.7999999523162842], 52: [1.6917471885681152, -2.3976120948791504, -0.7999999523162842], 53: [1.6523358821868896, -2.305840015411377, -0.7999999523162842], 54: [1.738236427307129, -2.6069321632385254, 2.799999952316284], 55: [1.7219114303588867, -2.5033416748046875, 2.799999952316284], 56: [1.6917471885681152, -2.3976120948791504, 2.799999952316284], 57: [1.6523358821868896, -2.305840015411377, 2.799999952316284], 58: [1.5760247707366943, -2.714982032775879, -0.7999999523162842], 59: [1.5596997737884521, -2.6115381717681885, -0.7999999523162842], 60: [1.5295355319976807, -2.5059216022491455, -0.7999999523162842], 61: [1.490124225616455, -2.414210796356201, -0.7999999523162842], 62: [1.5760247707366943, -2.714982032775879, 2.799999952316284], 63: [1.5596998929977417, -2.6115381717681885, 2.799999952316284], 64: [1.5295355319976807, -2.5059216022491455, 2.799999952316284], 65: [1.490123987197876, -2.414210557937622, 2.799999952316284], 66: [1.4036836624145508, -2.460400104522705, 1.0], 67: [1.4430938959121704, -2.5520339012145996, 1.0], 68: [1.473257303237915, -2.657510280609131, 1.0], 69: [1.4895814657211304, -2.7607710361480713, 1.0], 70: [1.8182470798492432, -4.623981475830078, 1.830979585647583], 71: [0.7146971225738525, -0.694694995880127, -0.7999999523162842], 72: [0.7065486907958984, -0.7272504568099976, -0.7999999523162842], 73: [0.7114669680595398, -0.7604477405548096, -0.7999999523162842], 74: [0.7114669680595398, -0.7604477405548096, 2.799999952316284], 75: [0.7065486907958984, -0.7272504568099976, 2.799999952316284], 76: [0.7146971225738525, -0.694694995880127, 2.799999952316284], 77: [0.43029558658599854, -0.9483205080032349, -0.7999999523162842], 78: [0.4015073776245117, -0.9310725927352905, -0.7999999523162842], 79: [0.3683117628097534, -0.9261423349380493, -0.7999999523162842], 80: [0.3683117628097534, -0.9261423349380493, 2.799999952316284], 81: [0.4015073776245117, -0.9310725927352905, 2.799999952316284], 82: [0.43029558658599854, -0.9483205080032349, 2.799999952316284], 83: [0.748432457447052, -0.7585705518722534, 1.0], 84: [0.7410551309585571, -0.7087745666503906, 1.0], 85: [0.7532777786254883, -0.6599413752555847, 1.0], 86: [0.3214394450187683, -0.9484865665435791, 1.0], 87: [0.37123286724090576, -0.9558818936347961, 1.0], 88: [0.4144152104854584, -0.9817538261413574, 1.0], 89: [0.5907228589057922, -0.08432689309120178, -0.8000000715255737]}, 'editMode': True}, 'Cylinder', {'tolerance': 10}]
['Toggle Edit Mode', {'editMode': False}, 'Cylinder', {'tolerance': 10}]
['Add Cube', {'enter_editmode': False, 'align': 'WORLD', 'editMode': False}, 'Cube', {'tolerance': 10}]
['Toggle Edit Mode', {'selectedVertices': [0, 1, 2, 3, 4, 5, 6, 7], 'vertices': {0: [-1.0, -1.0, -1.0], 1: [-1.0, -1.0, 1.0], 2: [-1.0, 1.0, -1.0], 3: [-1.0, 1.0, 1.0], 4: [1.0, -1.0, -1.0], 5: [1.0, -1.0, 1.0], 6: [1.0, 1.0, -1.0], 7: [1.0, 1.0, 1.0]}, 'faces': {0: [-1.0, 0.0, 0.0], 1: [0.0, 1.0, 0.0], 2: [1.0, 0.0, 0.0], 3: [0.0, -1.0, 0.0], 4: [0.0, 0.0, -1.0], 5: [0.0, 0.0, 1.0]}, 'editMode': True}, 'Cube', {'tolerance': 10}]
['Move', {'value': (0, 0, 1), 'orient_axis_ortho': 'X', 'selectedVertices': [0, 1, 2, 3, 4, 5, 6, 7], 'vertices': {0: [-1.0, -1.0, 0.0], 1: [-1.0, -1.0, 2.0], 2: [-1.0, 1.0, 0.0], 3: [-1.0, 1.0, 2.0], 4: [1.0, -1.0, 0.0], 5: [1.0, -1.0, 2.0], 6: [1.0, 1.0, 0.0], 7: [1.0, 1.0, 2.0]}, 'faces': {0: [-1.0, 0.0, 1.0], 1: [0.0, 1.0, 1.0], 2: [1.0, 0.0, 1.0], 3: [0.0, -1.0, 1.0], 4: [0.0, 0.0, 0.0], 5: [0.0, 0.0, 2.0]}, 'editMode': True}, 'Cube', {'tolerance': 10}]
['Resize', {'value': (3, 1, 1), 'orient_type': 'GLOBAL', 'selectedVertices': [0, 1, 2, 3, 4, 5, 6, 7], 'vertices': {0: [-3.0, -1.0, 0.0], 1: [-3.0, -1.0, 2.0], 2: [-3.0, 1.0, 0.0], 3: [-3.0, 1.0, 2.0], 4: [3.0, -1.0, 0.0], 5: [3.0, -1.0, 2.0], 6: [3.0, 1.0, 0.0], 7: [3.0, 1.0, 2.0]}, 'faces': {0: [-3.0, 0.0, 1.0], 1: [0.0, 1.0, 1.0], 2: [3.0, 0.0, 1.0], 3: [0.0, -1.0, 1.0], 4: [0.0, 0.0, 0.0], 5: [0.0, 0.0, 2.0]}, 'editMode': True}, 'Cube', {'tolerance': 10}]
['Resize', {'value': (1, 1.5, 1), 'orient_type': 'GLOBAL', 'selectedVertices': [0, 1, 2, 3, 4, 5, 6, 7], 'vertices': {0: [-3.0, -1.5, 0.0], 1: [-3.0, -1.5, 2.0], 2: [-3.0, 1.5, 0.0], 3: [-3.0, 1.5, 2.0], 4: [3.0, -1.5, 0.0], 5: [3.0, -1.5, 2.0], 6: [3.0, 1.5, 0.0], 7: [3.0, 1.5, 2.0]}, 'faces': {0: [-3.0, 0.0, 1.0], 1: [0.0, 1.5, 1.0], 2: [3.0, 0.0, 1.0], 3: [0.0, -1.5, 1.0], 4: [0.0, 0.0, 0.0], 5: [0.0, 0.0, 2.0]}, 'editMode': True}, 'Cube', {'tolerance': 10}]
[' bpy context object', {'display_type': "'WIRE'", 'editMode': True}, 'Cube', {'tolerance': 10}]
['Toggle Edit Mode', {'editMode': False}, 'Cube', {'tolerance': 10}]
[' bpy context space_data', {'context': "'MODIFIER'", 'editMode': False}, 'Cylinder', {'tolerance': 10}]
['Add Modifier', {'type': 'BOOLEAN', 'editMode': False}, 'Cylinder', {'tolerance': 10}]
[' bpy context object modifiers', {'group': 'Boolean.001', 'subgroup': 'Cube', 'object': 'bpy.data.objects', 'editMode': False}, 'Cylinder', {'tolerance': 10}]
['Toggle Edit Mode', {'vertices': {0: [-3.0, -1.5, 0.0], 1: [-3.0, -1.5, 2.0], 2: [-3.0, 1.5, 0.0], 3: [-3.0, 1.5, 2.0], 4: [3.0, -1.5, 0.0], 5: [3.0, -1.5, 2.0], 6: [3.0, 1.5, 0.0], 7: [3.0, 1.5, 2.0]}, 'faces': {0: [-3.0, 0.0, 1.0], 1: [0.0, 1.5, 1.0], 2: [3.0, 0.0, 1.0], 3: [0.0, -1.5, 1.0], 4: [0.0, 0.0, 0.0], 5: [0.0, 0.0, 2.0]}, 'editMode': True}, 'Cube', {'tolerance': 10}]
['Bevel', {'offset': 0.2, 'offset_pct': 0, 'newVertices': [8, 9, 10, 11, 12, 13, 14, 15, 16, 17, 18, 19, 20, 21, 22, 23], 'newFaces': [6, 7, 8, 9, 10, 11, 12, 13], 'vertices': {0: [-3.0, 1.5, 0.0], 1: [-3.0, 1.5, 2.0], 2: [3.0, 1.5, 0.0], 3: [3.0, 1.5, 2.0], 4: [-3.0, -1.2999999523162842, 0.0], 5: [-3.0, -1.5, 0.20000000298023224], 6: [-3.0, -1.3765366077423096, 0.015224099159240723], 7: [-3.0, -1.441421389579773, 0.05857864022254944], 8: [-3.0, -1.4847759008407593, 0.12346331775188446], 9: [-3.0, -1.5, 1.7999999523162842], 10: [-3.0, -1.2999999523162842, 2.0], 11: [-3.0, -1.4847759008407593, 1.8765366077423096], 12: [-3.0, -1.441421389579773, 1.941421389579773], 13: [-3.0, -1.3765366077423096, 1.9847759008407593], 14: [3.0, -1.5, 0.20000000298023224], 15: [3.0, -1.2999999523162842, 0.0], 16: [3.0, -1.4847759008407593, 0.12346331775188446], 17: [3.0, -1.441421389579773, 0.05857864022254944], 18: [3.0, -1.3765366077423096, 0.015224099159240723], 19: [3.0, -1.2999999523162842, 2.0], 20: [3.0, -1.5, 1.7999999523162842], 21: [3.0, -1.3765366077423096, 1.9847759008407593], 22: [3.0, -1.441421389579773, 1.941421389579773], 23: [3.0, -1.4847759008407593, 1.8765366077423096]}, 'faces': {0: [0.0, -1.5, 1.0], 1: [0.0, 1.5, 1.0], 2: [0.0, 0.10000002384185791, 2.0], 3: [-3.0, -0.9337889552116394, 1.0], 4: [3.0, -0.9337889552116394, 1.0000001192092896], 5: [0.0, -1.3382682800292969, 0.007612049579620361], 6: [0.0, -1.408979058265686, 0.03690136969089508], 7: [0.0, -1.4630986452102661, 0.09102097898721695], 8: [0.0, -1.4923880100250244, 0.16173166036605835], 9: [0.0, -1.3382682800292969, 1.9923880100250244], 10: [0.0, -1.408979058265686, 1.9630986452102661], 11: [0.0, -1.4630986452102661, 1.9089789390563965], 12: [0.0, -1.4923880100250244, 1.8382682800292969], 13: [0.0, 0.10000002384185791, 0.0]}, 'editMode': True}, 'Cube', {'tolerance': 10}]
['Toggle Edit Mode', {'editMode': False}, 'Cube', {'tolerance': 10}]
['Shade Smooth', {'editMode': False}, 'Cylinder', {'tolerance': 10}]
[' bpy context space_data', {'context': "'DATA'", 'editMode': False}, 'Cylinder', {'tolerance': 10}]
[' bpy context object data', {'use_auto_smooth': 'True', 'editMode': False}, 'Cylinder', {'tolerance': 10}]
['Hide Objects', {'unselected': False, 'editMode': False}, 'Cube', {'tolerance': 10}]
['Hide Objects', {'unselected': False, 'editMode': False}, 'Cylinder.001', {'tolerance': 10}]
['Show Hidden Objects', {'selectedObjs': ['Cylinder.001', 'Cube'], 'editMode': False}, 'Cylinder.001', {'tolerance': 10}]
['Shade Smooth', {'editMode': False}, 'Cube', {'tolerance': 10}]
['Shade Smooth', {'editMode': False}, 'Cylinder.001', {'tolerance': 10}]
['Hide Objects', {'unselected': False, 'editMode': False}, 'Cylinder.001', {'tolerance': 10}]
['Hide Objects', {'unselected': False, 'editMode': False}, 'Cube', {'tolerance': 10}]
