['Toggle Edit Mode', {'vertices': {0: [1.0, 1.0, 1.0], 1: [1.0, 1.0, -1.0], 2: [1.0, -1.0, 1.0], 3: [1.0, -1.0, -1.0], 4: [-1.0, 1.0, 1.0], 5: [-1.0, 1.0, -1.0], 6: [-1.0, -1.0, 1.0], 7: [-1.0, -1.0, -1.0]}, 'faces': {0: [0.0, 0.0, 1.0], 1: [0.0, -1.0, 0.0], 2: [-1.0, 0.0, 0.0], 3: [0.0, 0.0, -1.0], 4: [1.0, 0.0, 0.0], 5: [0.0, 1.0, 0.0]}, 'editMode': True}, 'Cube', {'tolerance': 10}]
['Resize', {'value': (1, 1, 0.3), 'orient_type': 'GLOBAL', 'selectedVertices': [0, 1, 2, 3, 4, 5, 6, 7], 'vertices': {0: [1.0, 1.0, 0.30000001192092896], 1: [1.0, 1.0, -0.30000001192092896], 2: [1.0, -1.0, 0.30000001192092896], 3: [1.0, -1.0, -0.30000001192092896], 4: [-1.0, 1.0, 0.30000001192092896], 5: [-1.0, 1.0, -0.30000001192092896], 6: [-1.0, -1.0, 0.30000001192092896], 7: [-1.0, -1.0, -0.30000001192092896]}, 'faces': {0: [0.0, 0.0, 0.30000001192092896], 1: [0.0, -1.0, 0.0], 2: [-1.0, 0.0, 0.0], 3: [0.0, 0.0, -0.30000001192092896], 4: [1.0, 0.0, 0.0], 5: [0.0, 1.0, 0.0]}, 'editMode': True}, 'Cube', {'tolerance': 10}]
['Resize', {'value': (2, 1, 1), 'orient_type': 'GLOBAL', 'selectedVertices': [0, 1, 2, 3, 4, 5, 6, 7], 'vertices': {0: [2.0, 1.0, 0.30000001192092896], 1: [2.0, 1.0, -0.30000001192092896], 2: [2.0, -1.0, 0.30000001192092896], 3: [2.0, -1.0, -0.30000001192092896], 4: [-2.0, 1.0, 0.30000001192092896], 5: [-2.0, 1.0, -0.30000001192092896], 6: [-2.0, -1.0, 0.30000001192092896], 7: [-2.0, -1.0, -0.30000001192092896]}, 'faces': {0: [0.0, 0.0, 0.30000001192092896], 1: [0.0, -1.0, 0.0], 2: [-2.0, 0.0, 0.0], 3: [0.0, 0.0, -0.30000001192092896], 4: [2.0, 0.0, 0.0], 5: [0.0, 1.0, 0.0]}, 'editMode': True}, 'Cube', {'tolerance': 10}]
['Select Mode', {'use_extend': False, 'use_expand': False, 'vertices': {0: [2.0, 1.0, 0.30000001192092896], 1: [2.0, 1.0, -0.30000001192092896], 2: [2.0, -1.0, 0.30000001192092896], 3: [2.0, -1.0, -0.30000001192092896], 4: [-2.0, 1.0, 0.30000001192092896], 5: [-2.0, 1.0, -0.30000001192092896], 6: [-2.0, -1.0, 0.30000001192092896], 7: [-2.0, -1.0, -0.30000001192092896]}, 'faces': {0: [0.0, 0.0, 0.30000001192092896], 1: [0.0, -1.0, 0.0], 2: [-2.0, 0.0, 0.0], 3: [0.0, 0.0, -0.30000001192092896], 4: [2.0, 0.0, 0.0], 5: [0.0, 1.0, 0.0]}, 'editMode': True}, 'Cube', {'tolerance': 10}]
['Bevel', {'offset': 1, 'offset_pct': 0, 'newVertices': [8, 9], 'newFaces': [6], 'vertices': {0: [2.0, 1.0, 0.30000001192092896], 1: [2.0, 1.0, -0.30000001192092896], 2: [-2.0, 1.0, 0.30000001192092896], 3: [-2.0, 1.0, -0.30000001192092896], 4: [-2.0, -1.0, 0.30000001192092896], 5: [-2.0, -1.0, -0.30000001192092896], 6: [1.0, -1.0, 0.30000001192092896], 7: [2.0, 0.0, 0.30000001192092896], 8: [2.0, 0.0, -0.30000001192092896], 9: [1.0, -1.0, -0.30000001192092896]}, 'faces': {0: [0.20000000298023224, 0.0, -0.30000001192092896], 1: [0.20000000298023224, 0.0, 0.30000001192092896], 2: [-2.0, 0.0, 0.0], 3: [-0.5, -1.0, 0.0], 4: [0.0, 1.0, 0.0], 5: [1.5, -0.5, 0.0], 6: [2.0, 0.5, 0.0]}, 'editMode': True}, 'Cube', {'tolerance': 10}]
['Bevel', {'offset': 1.5, 'offset_pct': 0, 'newVertices': [10, 11], 'newFaces': [7], 'vertices': {0: [2.0, 1.0, 0.30000001192092896], 1: [2.0, 1.0, -0.30000001192092896], 2: [-2.0, -1.0, 0.30000001192092896], 3: [-2.0, -1.0, -0.30000001192092896], 4: [1.0, -1.0, 0.30000001192092896], 5: [2.0, 0.0, 0.30000001192092896], 6: [2.0, 0.0, -0.30000001192092896], 7: [1.0, -1.0, -0.30000001192092896], 8: [-0.5, 1.0, 0.30000001192092896], 9: [-2.0, -0.5, 0.30000001192092896], 10: [-2.0, -0.5, -0.30000001192092896], 11: [-0.5, 1.0, -0.30000001192092896]}, 'faces': {0: [0.0833333358168602, -0.0833333358168602, -0.30000001192092896], 1: [0.0833333358168602, -0.0833333358168602, 0.30000001192092896], 2: [-0.5, -1.0, 0.0], 3: [-2.0, -0.75, 0.0], 4: [1.5, -0.5, 0.0], 5: [2.0, 0.5, 0.0], 6: [-1.25, 0.25, 0.0], 7: [0.75, 1.0, 0.0]}, 'editMode': True}, 'Cube', {'tolerance': 10}]
['Toggle Edit Mode', {'editMode': False}, 'Cube', {'tolerance': 10}]
['Add Cube', {'size': 2, 'enter_editmode': False, 'editMode': False}, 'Cube.001', {'tolerance': 10}]
['Add Cube', {'action': 'DESELECT', 'editMode': False}, 'Cube.001', {'tolerance': 10}]
['Toggle Edit Mode', {'vertices': {0: [-1.0, -1.0, -1.0], 1: [-1.0, -1.0, 1.0], 2: [-1.0, 1.0, -1.0], 3: [-1.0, 1.0, 1.0], 4: [1.0, -1.0, -1.0], 5: [1.0, -1.0, 1.0], 6: [1.0, 1.0, -1.0], 7: [1.0, 1.0, 1.0]}, 'faces': {0: [-1.0, 0.0, 0.0], 1: [0.0, 1.0, 0.0], 2: [1.0, 0.0, 0.0], 3: [0.0, -1.0, 0.0], 4: [0.0, 0.0, -1.0], 5: [0.0, 0.0, 1.0]}, 'editMode': True}, 'Cube.001', {'tolerance': 10}]
['Move', {'value': (0, 0, 1), 'orient_axis_ortho': 'X', 'selectedVertices': [0, 1, 2, 3, 4, 5, 6, 7], 'vertices': {0: [-1.0, -1.0, 0.0], 1: [-1.0, -1.0, 2.0], 2: [-1.0, 1.0, 0.0], 3: [-1.0, 1.0, 2.0], 4: [1.0, -1.0, 0.0], 5: [1.0, -1.0, 2.0], 6: [1.0, 1.0, 0.0], 7: [1.0, 1.0, 2.0]}, 'faces': {0: [-1.0, 0.0, 1.0], 1: [0.0, 1.0, 1.0], 2: [1.0, 0.0, 1.0], 3: [0.0, -1.0, 1.0], 4: [0.0, 0.0, 0.0], 5: [0.0, 0.0, 2.0]}, 'editMode': True}, 'Cube.001', {'tolerance': 10}]
['Resize', {'value': (1, 2, 1), 'orient_type': 'GLOBAL', 'selectedVertices': [0, 1, 2, 3, 4, 5, 6, 7], 'vertices': {0: [-1.0, -2.0, 0.0], 1: [-1.0, -2.0, 2.0], 2: [-1.0, 2.0, 0.0], 3: [-1.0, 2.0, 2.0], 4: [1.0, -2.0, 0.0], 5: [1.0, -2.0, 2.0], 6: [1.0, 2.0, 0.0], 7: [1.0, 2.0, 2.0]}, 'faces': {0: [-1.0, 0.0, 1.0], 1: [0.0, 2.0, 1.0], 2: [1.0, 0.0, 1.0], 3: [0.0, -2.0, 1.0], 4: [0.0, 0.0, 0.0], 5: [0.0, 0.0, 2.0]}, 'editMode': True}, 'Cube.001', {'tolerance': 10}]
['Resize', {'value': (2, 1, 1), 'orient_type': 'GLOBAL', 'selectedVertices': [0, 1, 2, 3, 4, 5, 6, 7], 'vertices': {0: [-2.0, -2.0, 0.0], 1: [-2.0, -2.0, 2.0], 2: [-2.0, 2.0, 0.0], 3: [-2.0, 2.0, 2.0], 4: [2.0, -2.0, 0.0], 5: [2.0, -2.0, 2.0], 6: [2.0, 2.0, 0.0], 7: [2.0, 2.0, 2.0]}, 'faces': {0: [-2.0, 0.0, 1.0], 1: [0.0, 2.0, 1.0], 2: [2.0, 0.0, 1.0], 3: [0.0, -2.0, 1.0], 4: [0.0, 0.0, 0.0], 5: [0.0, 0.0, 2.0]}, 'editMode': True}, 'Cube.001', {'tolerance': 10}]
['Move', {'value': (-1.2, 0, 0), 'orient_axis_ortho': 'X', 'selectedVertices': [0, 1, 2, 3, 4, 5, 6, 7], 'vertices': {0: [-3.200000047683716, -2.0, 0.0], 1: [-3.200000047683716, -2.0, 2.0], 2: [-3.200000047683716, 2.0, 0.0], 3: [-3.200000047683716, 2.0, 2.0], 4: [0.7999999523162842, -2.0, 0.0], 5: [0.7999999523162842, -2.0, 2.0], 6: [0.7999999523162842, 2.0, 0.0], 7: [0.7999999523162842, 2.0, 2.0]}, 'faces': {0: [-3.200000047683716, 0.0, 1.0], 1: [-1.2000000476837158, 2.0, 1.0], 2: [0.7999999523162842, 0.0, 1.0], 3: [-1.2000000476837158, -2.0, 1.0], 4: [-1.2000000476837158, 0.0, 0.0], 5: [-1.2000000476837158, 0.0, 2.0]}, 'editMode': True}, 'Cube.001', {'tolerance': 10}]
['Toggle Edit Mode', {'editMode': False}, 'Cube.001', {'tolerance': 10}]
[' bpy context space_data', {'context': "'MODIFIER'", 'editMode': False}, 'Cube', {'tolerance': 10}]
['Add Modifier', {'type': 'BOOLEAN', 'editMode': False}, 'Cube', {'tolerance': 10}]
[' bpy context object modifiers', {'group': 'Boolean', 'subgroup': 'Cube.001', 'object': 'bpy.data.objects', 'editMode': False}, 'Cube', {'tolerance': 10}]
[' bpy context space_data', {'context': "'OBJECT'", 'editMode': False}, 'Cube.001', {'tolerance': 10}]
[' bpy context object', {'display_type': "'WIRE'", 'editMode': False}, 'Cube.001', {'tolerance': 10}]
['Toggle Edit Mode', {'vertices': {0: [-3.200000047683716, -2.0, 0.0], 1: [-3.200000047683716, -2.0, 2.0], 2: [-3.200000047683716, 2.0, 0.0], 3: [-3.200000047683716, 2.0, 2.0], 4: [0.7999999523162842, -2.0, 0.0], 5: [0.7999999523162842, -2.0, 2.0], 6: [0.7999999523162842, 2.0, 0.0], 7: [0.7999999523162842, 2.0, 2.0]}, 'faces': {0: [-3.200000047683716, 0.0, 1.0], 1: [-1.2000000476837158, 2.0, 1.0], 2: [0.7999999523162842, 0.0, 1.0], 3: [-1.2000000476837158, -2.0, 1.0], 4: [-1.2000000476837158, 0.0, 0.0], 5: [-1.2000000476837158, 0.0, 2.0]}, 'editMode': True}, 'Cube.001', {'tolerance': 10}]
['Bevel', {'offset': 0.7, 'offset_pct': 0, 'newVertices': [8, 9], 'newFaces': [6], 'vertices': {0: [-3.200000047683716, -2.0, 0.0], 1: [-3.200000047683716, -2.0, 2.0], 2: [-3.200000047683716, 2.0, 0.0], 3: [-3.200000047683716, 2.0, 2.0], 4: [0.7999999523162842, -2.0, 2.0], 5: [0.7999999523162842, 2.0, 2.0], 6: [0.09999996423721313, -2.0, 0.0], 7: [0.7999999523162842, -2.0, 0.699999988079071], 8: [0.7999999523162842, 2.0, 0.699999988079071], 9: [0.09999996423721313, 2.0, 0.0]}, 'faces': {0: [-3.200000047683716, 0.0, 1.0], 1: [-0.940000057220459, -2.0, 0.9399999976158142], 2: [-0.940000057220459, 2.0, 0.9399999976158142], 3: [0.7999999523162842, 0.0, 1.3499999046325684], 4: [-1.2000000476837158, 0.0, 2.0], 5: [0.44999995827674866, 0.0, 0.3499999940395355], 6: [-1.5500000715255737, 0.0, 0.0]}, 'editMode': True}, 'Cube.001', {'tolerance': 10}]
['Add Cylinder', {'radius': 1, 'depth': 2, 'newVertices': [10, 11, 12, 13, 14, 15, 16, 17, 18, 19, 20, 21, 22, 23, 24, 25, 26, 27, 28, 29, 30, 31, 32, 33, 34, 35, 36, 37, 38, 39, 40, 41, 42, 43, 44, 45, 46, 47, 48, 49, 50, 51, 52, 53, 54, 55, 56, 57, 58, 59, 60, 61, 62, 63, 64, 65, 66, 67, 68, 69, 70, 71, 72, 73], 'newFaces': [7, 8, 9, 10, 11, 12, 13, 14, 15, 16, 17, 18, 19, 20, 21, 22, 23, 24, 25, 26, 27, 28, 29, 30, 31, 32, 33, 34, 35, 36, 37, 38, 39, 40], 'vertices': {0: [-3.200000047683716, -2.0, 0.0], 1: [-3.200000047683716, -2.0, 2.0], 2: [-3.200000047683716, 2.0, 0.0], 3: [-3.200000047683716, 2.0, 2.0], 4: [0.7999999523162842, -2.0, 2.0], 5: [0.7999999523162842, 2.0, 2.0], 6: [0.09999996423721313, -2.0, 0.0], 7: [0.7999999523162842, -2.0, 0.699999988079071], 8: [0.7999999523162842, 2.0, 0.699999988079071], 9: [0.09999996423721313, 2.0, 0.0], 10: [0.0, 1.0, -1.0], 11: [0.0, 1.0, 1.0], 12: [0.19509032368659973, 0.9807852506637573, -1.0], 13: [0.19509032368659973, 0.9807852506637573, 1.0], 14: [0.3826834559440613, 0.9238795042037964, -1.0], 15: [0.3826834559440613, 0.9238795042037964, 1.0], 16: [0.5555702447891235, 0.8314695954322815, -1.0], 17: [0.5555702447891235, 0.8314695954322815, 1.0], 18: [0.7071067690849304, 0.7071067690849304, -1.0], 19: [0.7071067690849304, 0.7071067690849304, 1.0], 20: [0.8314695954322815, 0.5555702447891235, -1.0], 21: [0.8314695954322815, 0.5555702447891235, 1.0], 22: [0.9238795042037964, 0.3826834559440613, -1.0], 23: [0.9238795042037964, 0.3826834559440613, 1.0], 24: [0.9807852506637573, 0.19509032368659973, -1.0], 25: [0.9807852506637573, 0.19509032368659973, 1.0], 26: [1.0, 0.0, -1.0], 27: [1.0, 0.0, 1.0], 28: [0.9807852506637573, -0.19509032368659973, -1.0], 29: [0.9807852506637573, -0.19509032368659973, 1.0], 30: [0.9238795042037964, -0.3826834559440613, -1.0], 31: [0.9238795042037964, -0.3826834559440613, 1.0], 32: [0.8314695954322815, -0.5555702447891235, -1.0], 33: [0.8314695954322815, -0.5555702447891235, 1.0], 34: [0.7071067690849304, -0.7071067690849304, -1.0], 35: [0.7071067690849304, -0.7071067690849304, 1.0], 36: [0.5555702447891235, -0.8314695954322815, -1.0], 37: [0.5555702447891235, -0.8314695954322815, 1.0], 38: [0.3826834559440613, -0.9238795042037964, -1.0], 39: [0.3826834559440613, -0.9238795042037964, 1.0], 40: [0.19509032368659973, -0.9807852506637573, -1.0], 41: [0.19509032368659973, -0.9807852506637573, 1.0], 42: [0.0, -1.0, -1.0], 43: [0.0, -1.0, 1.0], 44: [-0.19509032368659973, -0.9807852506637573, -1.0], 45: [-0.19509032368659973, -0.9807852506637573, 1.0], 46: [-0.3826834559440613, -0.9238795042037964, -1.0], 47: [-0.3826834559440613, -0.9238795042037964, 1.0], 48: [-0.5555702447891235, -0.8314695954322815, -1.0], 49: [-0.5555702447891235, -0.8314695954322815, 1.0], 50: [-0.7071067690849304, -0.7071067690849304, -1.0], 51: [-0.7071067690849304, -0.7071067690849304, 1.0], 52: [-0.8314695954322815, -0.5555702447891235, -1.0], 53: [-0.8314695954322815, -0.5555702447891235, 1.0], 54: [-0.9238795042037964, -0.3826834559440613, -1.0], 55: [-0.9238795042037964, -0.3826834559440613, 1.0], 56: [-0.9807852506637573, -0.19509032368659973, -1.0], 57: [-0.9807852506637573, -0.19509032368659973, 1.0], 58: [-1.0, 0.0, -1.0], 59: [-1.0, 0.0, 1.0], 60: [-0.9807852506637573, 0.19509032368659973, -1.0], 61: [-0.9807852506637573, 0.19509032368659973, 1.0], 62: [-0.9238795042037964, 0.3826834559440613, -1.0], 63: [-0.9238795042037964, 0.3826834559440613, 1.0], 64: [-0.8314695954322815, 0.5555702447891235, -1.0], 65: [-0.8314695954322815, 0.5555702447891235, 1.0], 66: [-0.7071067690849304, 0.7071067690849304, -1.0], 67: [-0.7071067690849304, 0.7071067690849304, 1.0], 68: [-0.5555702447891235, 0.8314695954322815, -1.0], 69: [-0.5555702447891235, 0.8314695954322815, 1.0], 70: [-0.3826834559440613, 0.9238795042037964, -1.0], 71: [-0.3826834559440613, 0.9238795042037964, 1.0], 72: [-0.19509032368659973, 0.9807852506637573, -1.0], 73: [-0.19509032368659973, 0.9807852506637573, 1.0]}, 'faces': {0: [-3.200000047683716, 0.0, 1.0], 1: [-0.940000057220459, -2.0, 0.9399999976158142], 2: [-0.940000057220459, 2.0, 0.9399999976158142], 3: [0.7999999523162842, 0.0, 1.3499999046325684], 4: [-1.2000000476837158, 0.0, 2.0], 5: [0.44999995827674866, 0.0, 0.3499999940395355], 6: [-1.5500000715255737, 0.0, 0.0], 7: [0.09754516184329987, 0.9903926849365234, 0.0], 8: [0.2888869047164917, 0.9523323774337769, 0.0], 9: [0.4691268503665924, 0.8776745200157166, 0.0], 10: [0.6313385367393494, 0.769288182258606, 0.0], 11: [0.769288182258606, 0.6313384771347046, 0.0], 12: [0.8776745796203613, 0.4691268801689148, 0.0], 13: [0.9523323774337769, 0.2888868749141693, 0.0], 14: [0.9903926253318787, 0.09754516184329987, 0.0], 15: [0.9903926849365234, -0.09754516184329987, 0.0], 16: [0.9523323774337769, -0.2888869047164917, 0.0], 17: [0.8776745200157166, -0.4691268503665924, 0.0], 18: [0.769288182258606, -0.6313385367393494, 0.0], 19: [0.6313384771347046, -0.769288182258606, 0.0], 20: [0.4691268801689148, -0.8776745796203613, 0.0], 21: [0.2888868749141693, -0.9523323774337769, 0.0], 22: [0.09754516184329987, -0.9903926253318787, 0.0], 23: [-0.09754516184329987, -0.9903926849365234, 0.0], 24: [-0.2888869047164917, -0.9523323774337769, 0.0], 25: [-0.4691268503665924, -0.8776745200157166, 0.0], 26: [-0.6313385367393494, -0.769288182258606, 0.0], 27: [-0.769288182258606, -0.6313384771347046, 0.0], 28: [-0.8776745796203613, -0.4691268801689148, 0.0], 29: [-0.9523323774337769, -0.2888868749141693, 0.0], 30: [-0.9903926253318787, -0.09754516184329987, 0.0], 31: [-0.9903926849365234, 0.09754516184329987, 0.0], 32: [-0.9523323774337769, 0.2888869047164917, 0.0], 33: [-0.8776745200157166, 0.4691268503665924, 0.0], 34: [-0.769288182258606, 0.6313385367393494, 0.0], 35: [-0.6313384771347046, 0.769288182258606, 0.0], 36: [-0.4691268801689148, 0.8776745796203613, 0.0], 37: [-1.4901161193847656e-08, -9.313225746154785e-09, 1.0], 38: [-0.2888868749141693, 0.9523323774337769, 0.0], 39: [-0.09754516184329987, 0.9903926253318787, 0.0], 40: [1.210719347000122e-08, 1.4901161193847656e-08, -1.0]}, 'editMode': True}, 'Cube.001', {'tolerance': 10}]
['Add Cylinder', {'radius': 0.4, 'depth': 2, 'selectedVertices': [10, 11, 12, 13, 14, 15, 16, 17, 18, 19, 20, 21, 22, 23, 24, 25, 26, 27, 28, 29, 30, 31, 32, 33, 34, 35, 36, 37, 38, 39, 40, 41, 42, 43, 44, 45, 46, 47, 48, 49, 50, 51, 52, 53, 54, 55, 56, 57, 58, 59, 60, 61, 62, 63, 64, 65, 66, 67, 68, 69, 70, 71, 72, 73], 'vertices': {0: [-3.200000047683716, -2.0, 0.0], 1: [-3.200000047683716, -2.0, 2.0], 2: [-3.200000047683716, 2.0, 0.0], 3: [-3.200000047683716, 2.0, 2.0], 4: [0.7999999523162842, -2.0, 2.0], 5: [0.7999999523162842, 2.0, 2.0], 6: [0.09999996423721313, -2.0, 0.0], 7: [0.7999999523162842, -2.0, 0.699999988079071], 8: [0.7999999523162842, 2.0, 0.699999988079071], 9: [0.09999996423721313, 2.0, 0.0], 10: [0.0, 0.40000003576278687, -1.0], 11: [0.0, 0.40000003576278687, 1.0], 12: [0.07803613692522049, 0.3923141360282898, -1.0], 13: [0.07803613692522049, 0.3923141360282898, 1.0], 14: [0.15307340025901794, 0.3695518374443054, -1.0], 15: [0.15307340025901794, 0.3695518374443054, 1.0], 16: [0.22222812473773956, 0.332587867975235, -1.0], 17: [0.22222812473773956, 0.332587867975235, 1.0], 18: [0.2828427255153656, 0.2828427255153656, -1.0], 19: [0.2828427255153656, 0.2828427255153656, 1.0], 20: [0.332587867975235, 0.22222812473773956, -1.0], 21: [0.332587867975235, 0.22222812473773956, 1.0], 22: [0.3695518374443054, 0.15307340025901794, -1.0], 23: [0.3695518374443054, 0.15307340025901794, 1.0], 24: [0.3923141360282898, 0.07803613692522049, -1.0], 25: [0.3923141360282898, 0.07803613692522049, 1.0], 26: [0.40000003576278687, 0.0, -1.0], 27: [0.40000003576278687, 0.0, 1.0], 28: [0.3923141360282898, -0.07803613692522049, -1.0], 29: [0.3923141360282898, -0.07803613692522049, 1.0], 30: [0.3695518374443054, -0.15307340025901794, -1.0], 31: [0.3695518374443054, -0.15307340025901794, 1.0], 32: [0.332587867975235, -0.22222812473773956, -1.0], 33: [0.332587867975235, -0.22222812473773956, 1.0], 34: [0.2828427255153656, -0.2828427255153656, -1.0], 35: [0.2828427255153656, -0.2828427255153656, 1.0], 36: [0.22222812473773956, -0.332587867975235, -1.0], 37: [0.22222812473773956, -0.332587867975235, 1.0], 38: [0.15307340025901794, -0.3695518374443054, -1.0], 39: [0.15307340025901794, -0.3695518374443054, 1.0], 40: [0.07803613692522049, -0.3923141360282898, -1.0], 41: [0.07803613692522049, -0.3923141360282898, 1.0], 42: [0.0, -0.40000003576278687, -1.0], 43: [0.0, -0.40000003576278687, 1.0], 44: [-0.07803613692522049, -0.3923141360282898, -1.0], 45: [-0.07803613692522049, -0.3923141360282898, 1.0], 46: [-0.15307340025901794, -0.3695518374443054, -1.0], 47: [-0.15307340025901794, -0.3695518374443054, 1.0], 48: [-0.22222812473773956, -0.332587867975235, -1.0], 49: [-0.22222812473773956, -0.332587867975235, 1.0], 50: [-0.2828427255153656, -0.2828427255153656, -1.0], 51: [-0.2828427255153656, -0.2828427255153656, 1.0], 52: [-0.332587867975235, -0.22222812473773956, -1.0], 53: [-0.332587867975235, -0.22222812473773956, 1.0], 54: [-0.3695518374443054, -0.15307340025901794, -1.0], 55: [-0.3695518374443054, -0.15307340025901794, 1.0], 56: [-0.3923141360282898, -0.07803613692522049, -1.0], 57: [-0.3923141360282898, -0.07803613692522049, 1.0], 58: [-0.40000003576278687, 0.0, -1.0], 59: [-0.40000003576278687, 0.0, 1.0], 60: [-0.3923141360282898, 0.07803613692522049, -1.0], 61: [-0.3923141360282898, 0.07803613692522049, 1.0], 62: [-0.3695518374443054, 0.15307340025901794, -1.0], 63: [-0.3695518374443054, 0.15307340025901794, 1.0], 64: [-0.332587867975235, 0.22222812473773956, -1.0], 65: [-0.332587867975235, 0.22222812473773956, 1.0], 66: [-0.2828427255153656, 0.2828427255153656, -1.0], 67: [-0.2828427255153656, 0.2828427255153656, 1.0], 68: [-0.22222812473773956, 0.332587867975235, -1.0], 69: [-0.22222812473773956, 0.332587867975235, 1.0], 70: [-0.15307340025901794, 0.3695518374443054, -1.0], 71: [-0.15307340025901794, 0.3695518374443054, 1.0], 72: [-0.07803613692522049, 0.3923141360282898, -1.0], 73: [-0.07803613692522049, 0.3923141360282898, 1.0]}, 'faces': {0: [-3.200000047683716, 0.0, 1.0], 1: [-0.940000057220459, -2.0, 0.9399999976158142], 2: [-0.940000057220459, 2.0, 0.9399999976158142], 3: [0.7999999523162842, 0.0, 1.3499999046325684], 4: [-1.2000000476837158, 0.0, 2.0], 5: [0.44999995827674866, 0.0, 0.3499999940395355], 6: [-1.5500000715255737, 0.0, 0.0], 7: [0.039018068462610245, 0.39615708589553833, 0.0], 8: [0.11555477231740952, 0.3809329867362976, 0.0], 9: [0.18765075504779816, 0.351069837808609, 0.0], 10: [0.2525354325771332, 0.3077152967453003, 0.0], 11: [0.3077152967453003, 0.2525354325771332, 0.0], 12: [0.3510698676109314, 0.18765076994895935, 0.0], 13: [0.3809329867362976, 0.11555476486682892, 0.0], 14: [0.39615708589553833, 0.039018068462610245, 0.0], 15: [0.39615708589553833, -0.039018068462610245, 0.0], 16: [0.3809329867362976, -0.11555477231740952, 0.0], 17: [0.351069837808609, -0.18765075504779816, 0.0], 18: [0.3077152967453003, -0.2525354325771332, 0.0], 19: [0.2525354325771332, -0.3077152967453003, 0.0], 20: [0.18765076994895935, -0.3510698676109314, 0.0], 21: [0.11555476486682892, -0.3809329867362976, 0.0], 22: [0.039018068462610245, -0.39615708589553833, 0.0], 23: [-0.039018068462610245, -0.39615708589553833, 0.0], 24: [-0.11555477231740952, -0.3809329867362976, 0.0], 25: [-0.18765075504779816, -0.351069837808609, 0.0], 26: [-0.2525354325771332, -0.3077152967453003, 0.0], 27: [-0.3077152967453003, -0.2525354325771332, 0.0], 28: [-0.3510698676109314, -0.18765076994895935, 0.0], 29: [-0.3809329867362976, -0.11555476486682892, 0.0], 30: [-0.39615708589553833, -0.039018068462610245, 0.0], 31: [-0.39615708589553833, 0.039018068462610245, 0.0], 32: [-0.3809329867362976, 0.11555477231740952, 0.0], 33: [-0.351069837808609, 0.18765075504779816, 0.0], 34: [-0.3077152967453003, 0.2525354325771332, 0.0], 35: [-0.2525354325771332, 0.3077152967453003, 0.0], 36: [-0.18765076994895935, 0.3510698676109314, 0.0], 37: [4.190951585769653e-09, -4.6566128730773926e-09, 1.0], 38: [-0.11555476486682892, 0.3809329867362976, 0.0], 39: [-0.039018068462610245, 0.39615708589553833, 0.0], 40: [8.614733815193176e-09, -3.725290298461914e-09, -1.0]}, 'editMode': True}, 'Cube.001', {'tolerance': 10}]
['Move', {'value': (1.3, 0, 0), 'orient_axis_ortho': 'X', 'selectedVertices': [10, 11, 12, 13, 14, 15, 16, 17, 18, 19, 20, 21, 22, 23, 24, 25, 26, 27, 28, 29, 30, 31, 32, 33, 34, 35, 36, 37, 38, 39, 40, 41, 42, 43, 44, 45, 46, 47, 48, 49, 50, 51, 52, 53, 54, 55, 56, 57, 58, 59, 60, 61, 62, 63, 64, 65, 66, 67, 68, 69, 70, 71, 72, 73], 'vertices': {0: [-3.200000047683716, -2.0, 0.0], 1: [-3.200000047683716, -2.0, 2.0], 2: [-3.200000047683716, 2.0, 0.0], 3: [-3.200000047683716, 2.0, 2.0], 4: [0.7999999523162842, -2.0, 2.0], 5: [0.7999999523162842, 2.0, 2.0], 6: [0.09999996423721313, -2.0, 0.0], 7: [0.7999999523162842, -2.0, 0.699999988079071], 8: [0.7999999523162842, 2.0, 0.699999988079071], 9: [0.09999996423721313, 2.0, 0.0], 10: [1.2999999523162842, 0.40000003576278687, -1.0], 11: [1.2999999523162842, 0.40000003576278687, 1.0], 12: [1.3780361413955688, 0.3923141360282898, -1.0], 13: [1.3780361413955688, 0.3923141360282898, 1.0], 14: [1.4530733823776245, 0.3695518374443054, -1.0], 15: [1.4530733823776245, 0.3695518374443054, 1.0], 16: [1.5222281217575073, 0.332587867975235, -1.0], 17: [1.5222281217575073, 0.332587867975235, 1.0], 18: [1.5828427076339722, 0.2828427255153656, -1.0], 19: [1.5828427076339722, 0.2828427255153656, 1.0], 20: [1.6325877904891968, 0.22222812473773956, -1.0], 21: [1.6325877904891968, 0.22222812473773956, 1.0], 22: [1.6695518493652344, 0.15307340025901794, -1.0], 23: [1.6695518493652344, 0.15307340025901794, 1.0], 24: [1.6923141479492188, 0.07803613692522049, -1.0], 25: [1.6923141479492188, 0.07803613692522049, 1.0], 26: [1.7000000476837158, 0.0, -1.0], 27: [1.7000000476837158, 0.0, 1.0], 28: [1.6923141479492188, -0.07803613692522049, -1.0], 29: [1.6923141479492188, -0.07803613692522049, 1.0], 30: [1.6695518493652344, -0.15307340025901794, -1.0], 31: [1.6695518493652344, -0.15307340025901794, 1.0], 32: [1.6325877904891968, -0.22222812473773956, -1.0], 33: [1.6325877904891968, -0.22222812473773956, 1.0], 34: [1.5828427076339722, -0.2828427255153656, -1.0], 35: [1.5828427076339722, -0.2828427255153656, 1.0], 36: [1.5222281217575073, -0.332587867975235, -1.0], 37: [1.5222281217575073, -0.332587867975235, 1.0], 38: [1.4530733823776245, -0.3695518374443054, -1.0], 39: [1.4530733823776245, -0.3695518374443054, 1.0], 40: [1.3780361413955688, -0.3923141360282898, -1.0], 41: [1.3780361413955688, -0.3923141360282898, 1.0], 42: [1.2999999523162842, -0.40000003576278687, -1.0], 43: [1.2999999523162842, -0.40000003576278687, 1.0], 44: [1.2219637632369995, -0.3923141360282898, -1.0], 45: [1.2219637632369995, -0.3923141360282898, 1.0], 46: [1.1469265222549438, -0.3695518374443054, -1.0], 47: [1.1469265222549438, -0.3695518374443054, 1.0], 48: [1.077771782875061, -0.332587867975235, -1.0], 49: [1.077771782875061, -0.332587867975235, 1.0], 50: [1.0171571969985962, -0.2828427255153656, -1.0], 51: [1.0171571969985962, -0.2828427255153656, 1.0], 52: [0.9674121141433716, -0.22222812473773956, -1.0], 53: [0.9674121141433716, -0.22222812473773956, 1.0], 54: [0.9304481148719788, -0.15307340025901794, -1.0], 55: [0.9304481148719788, -0.15307340025901794, 1.0], 56: [0.9076858162879944, -0.07803613692522049, -1.0], 57: [0.9076858162879944, -0.07803613692522049, 1.0], 58: [0.8999999165534973, 0.0, -1.0], 59: [0.8999999165534973, 0.0, 1.0], 60: [0.9076858162879944, 0.07803613692522049, -1.0], 61: [0.9076858162879944, 0.07803613692522049, 1.0], 62: [0.9304481148719788, 0.15307340025901794, -1.0], 63: [0.9304481148719788, 0.15307340025901794, 1.0], 64: [0.9674121141433716, 0.22222812473773956, -1.0], 65: [0.9674121141433716, 0.22222812473773956, 1.0], 66: [1.0171571969985962, 0.2828427255153656, -1.0], 67: [1.0171571969985962, 0.2828427255153656, 1.0], 68: [1.077771782875061, 0.332587867975235, -1.0], 69: [1.077771782875061, 0.332587867975235, 1.0], 70: [1.1469265222549438, 0.3695518374443054, -1.0], 71: [1.1469265222549438, 0.3695518374443054, 1.0], 72: [1.2219637632369995, 0.3923141360282898, -1.0], 73: [1.2219637632369995, 0.3923141360282898, 1.0]}, 'faces': {0: [-3.200000047683716, 0.0, 1.0], 1: [-0.940000057220459, -2.0, 0.9399999976158142], 2: [-0.940000057220459, 2.0, 0.9399999976158142], 3: [0.7999999523162842, 0.0, 1.3499999046325684], 4: [-1.2000000476837158, 0.0, 2.0], 5: [0.44999995827674866, 0.0, 0.3499999940395355], 6: [-1.5500000715255737, 0.0, 0.0], 7: [1.3390179872512817, 0.39615708589553833, 0.0], 8: [1.4155547618865967, 0.3809329867362976, 0.0], 9: [1.487650752067566, 0.351069837808609, 0.0], 10: [1.5525354146957397, 0.3077152967453003, 0.0], 11: [1.6077152490615845, 0.2525354325771332, 0.0], 12: [1.6510698795318604, 0.18765076994895935, 0.0], 13: [1.6809329986572266, 0.11555476486682892, 0.0], 14: [1.6961569786071777, 0.039018068462610245, 0.0], 15: [1.6961570978164673, -0.039018068462610245, 0.0], 16: [1.6809329986572266, -0.11555477231740952, 0.0], 17: [1.6510698795318604, -0.18765075504779816, 0.0], 18: [1.6077152490615845, -0.2525354325771332, 0.0], 19: [1.5525354146957397, -0.3077152967453003, 0.0], 20: [1.487650752067566, -0.3510698676109314, 0.0], 21: [1.4155547618865967, -0.3809329867362976, 0.0], 22: [1.3390181064605713, -0.39615708589553833, 0.0], 23: [1.2609819173812866, -0.39615708589553833, 0.0], 24: [1.1844451427459717, -0.3809329867362976, 0.0], 25: [1.1123491525650024, -0.351069837808609, 0.0], 26: [1.0474644899368286, -0.3077152967453003, 0.0], 27: [0.9922846555709839, -0.2525354325771332, 0.0], 28: [0.9489300847053528, -0.18765076994895935, 0.0], 29: [0.9190669655799866, -0.11555476486682892, 0.0], 30: [0.9038428664207458, -0.039018068462610245, 0.0], 31: [0.9038428664207458, 0.039018068462610245, 0.0], 32: [0.9190669655799866, 0.11555477231740952, 0.0], 33: [0.9489301443099976, 0.18765075504779816, 0.0], 34: [0.9922846555709839, 0.2525354325771332, 0.0], 35: [1.0474644899368286, 0.3077152967453003, 0.0], 36: [1.1123491525650024, 0.3510698676109314, 0.0], 37: [1.2999999523162842, -4.6566128730773926e-09, 1.0], 38: [1.1844451427459717, 0.3809329867362976, 0.0], 39: [1.260981798171997, 0.39615708589553833, 0.0], 40: [1.299999713897705, -3.725290298461914e-09, -1.0]}, 'editMode': True}, 'Cube.001', {'tolerance': 10}]
['Move', {'value': (0, 0.3, 0), 'orient_axis_ortho': 'X', 'selectedVertices': [10, 11, 12, 13, 14, 15, 16, 17, 18, 19, 20, 21, 22, 23, 24, 25, 26, 27, 28, 29, 30, 31, 32, 33, 34, 35, 36, 37, 38, 39, 40, 41, 42, 43, 44, 45, 46, 47, 48, 49, 50, 51, 52, 53, 54, 55, 56, 57, 58, 59, 60, 61, 62, 63, 64, 65, 66, 67, 68, 69, 70, 71, 72, 73], 'vertices': {0: [-3.200000047683716, -2.0, 0.0], 1: [-3.200000047683716, -2.0, 2.0], 2: [-3.200000047683716, 2.0, 0.0], 3: [-3.200000047683716, 2.0, 2.0], 4: [0.7999999523162842, -2.0, 2.0], 5: [0.7999999523162842, 2.0, 2.0], 6: [0.09999996423721313, -2.0, 0.0], 7: [0.7999999523162842, -2.0, 0.699999988079071], 8: [0.7999999523162842, 2.0, 0.699999988079071], 9: [0.09999996423721313, 2.0, 0.0], 10: [1.2999999523162842, 0.7000000476837158, -1.0], 11: [1.2999999523162842, 0.7000000476837158, 1.0], 12: [1.3780361413955688, 0.6923141479492188, -1.0], 13: [1.3780361413955688, 0.6923141479492188, 1.0], 14: [1.4530733823776245, 0.6695518493652344, -1.0], 15: [1.4530733823776245, 0.6695518493652344, 1.0], 16: [1.5222281217575073, 0.6325879096984863, -1.0], 17: [1.5222281217575073, 0.6325879096984863, 1.0], 18: [1.5828427076339722, 0.5828427076339722, -1.0], 19: [1.5828427076339722, 0.5828427076339722, 1.0], 20: [1.6325877904891968, 0.5222281217575073, -1.0], 21: [1.6325877904891968, 0.5222281217575073, 1.0], 22: [1.6695518493652344, 0.4530734121799469, -1.0], 23: [1.6695518493652344, 0.4530734121799469, 1.0], 24: [1.6923141479492188, 0.37803614139556885, -1.0], 25: [1.6923141479492188, 0.37803614139556885, 1.0], 26: [1.7000000476837158, 0.30000001192092896, -1.0], 27: [1.7000000476837158, 0.30000001192092896, 1.0], 28: [1.6923141479492188, 0.22196388244628906, -1.0], 29: [1.6923141479492188, 0.22196388244628906, 1.0], 30: [1.6695518493652344, 0.146926611661911, -1.0], 31: [1.6695518493652344, 0.146926611661911, 1.0], 32: [1.6325877904891968, 0.07777188718318939, -1.0], 33: [1.6325877904891968, 0.07777188718318939, 1.0], 34: [1.5828427076339722, 0.017157286405563354, -1.0], 35: [1.5828427076339722, 0.017157286405563354, 1.0], 36: [1.5222281217575073, -0.03258785605430603, -1.0], 37: [1.5222281217575073, -0.03258785605430603, 1.0], 38: [1.4530733823776245, -0.06955182552337646, -1.0], 39: [1.4530733823776245, -0.06955182552337646, 1.0], 40: [1.3780361413955688, -0.09231412410736084, -1.0], 41: [1.3780361413955688, -0.09231412410736084, 1.0], 42: [1.2999999523162842, -0.10000002384185791, -1.0], 43: [1.2999999523162842, -0.10000002384185791, 1.0], 44: [1.2219637632369995, -0.09231412410736084, -1.0], 45: [1.2219637632369995, -0.09231412410736084, 1.0], 46: [1.1469265222549438, -0.06955182552337646, -1.0], 47: [1.1469265222549438, -0.06955182552337646, 1.0], 48: [1.077771782875061, -0.03258785605430603, -1.0], 49: [1.077771782875061, -0.03258785605430603, 1.0], 50: [1.0171571969985962, 0.017157286405563354, -1.0], 51: [1.0171571969985962, 0.017157286405563354, 1.0], 52: [0.9674121141433716, 0.07777188718318939, -1.0], 53: [0.9674121141433716, 0.07777188718318939, 1.0], 54: [0.9304481148719788, 0.146926611661911, -1.0], 55: [0.9304481148719788, 0.146926611661911, 1.0], 56: [0.9076858162879944, 0.22196388244628906, -1.0], 57: [0.9076858162879944, 0.22196388244628906, 1.0], 58: [0.8999999165534973, 0.30000001192092896, -1.0], 59: [0.8999999165534973, 0.30000001192092896, 1.0], 60: [0.9076858162879944, 0.37803614139556885, -1.0], 61: [0.9076858162879944, 0.37803614139556885, 1.0], 62: [0.9304481148719788, 0.4530734121799469, -1.0], 63: [0.9304481148719788, 0.4530734121799469, 1.0], 64: [0.9674121141433716, 0.5222281217575073, -1.0], 65: [0.9674121141433716, 0.5222281217575073, 1.0], 66: [1.0171571969985962, 0.5828427076339722, -1.0], 67: [1.0171571969985962, 0.5828427076339722, 1.0], 68: [1.077771782875061, 0.6325879096984863, -1.0], 69: [1.077771782875061, 0.6325879096984863, 1.0], 70: [1.1469265222549438, 0.6695518493652344, -1.0], 71: [1.1469265222549438, 0.6695518493652344, 1.0], 72: [1.2219637632369995, 0.6923141479492188, -1.0], 73: [1.2219637632369995, 0.6923141479492188, 1.0]}, 'faces': {0: [-3.200000047683716, 0.0, 1.0], 1: [-0.940000057220459, -2.0, 0.9399999976158142], 2: [-0.940000057220459, 2.0, 0.9399999976158142], 3: [0.7999999523162842, 0.0, 1.3499999046325684], 4: [-1.2000000476837158, 0.0, 2.0], 5: [0.44999995827674866, 0.0, 0.3499999940395355], 6: [-1.5500000715255737, 0.0, 0.0], 7: [1.3390179872512817, 0.6961570978164673, 0.0], 8: [1.4155547618865967, 0.6809329986572266, 0.0], 9: [1.487650752067566, 0.6510698795318604, 0.0], 10: [1.5525354146957397, 0.6077153086662292, 0.0], 11: [1.6077152490615845, 0.5525354146957397, 0.0], 12: [1.6510698795318604, 0.4876507520675659, 0.0], 13: [1.6809329986572266, 0.41555479168891907, 0.0], 14: [1.6961569786071777, 0.3390180468559265, 0.0], 15: [1.6961570978164673, 0.260981947183609, 0.0], 16: [1.6809329986572266, 0.18444526195526123, 0.0], 17: [1.6510698795318604, 0.1123492568731308, 0.0], 18: [1.6077152490615845, 0.04746458679437637, 0.0], 19: [1.5525354146957397, -0.007715284824371338, 0.0], 20: [1.487650752067566, -0.05106984078884125, 0.0], 21: [1.4155547618865967, -0.08093297481536865, 0.0], 22: [1.3390181064605713, -0.09615707397460938, 0.0], 23: [1.2609819173812866, -0.09615707397460938, 0.0], 24: [1.1844451427459717, -0.08093297481536865, 0.0], 25: [1.1123491525650024, -0.05106984078884125, 0.0], 26: [1.0474644899368286, -0.007715284824371338, 0.0], 27: [0.9922846555709839, 0.04746458679437637, 0.0], 28: [0.9489300847053528, 0.1123492494225502, 0.0], 29: [0.9190669655799866, 0.18444524705410004, 0.0], 30: [0.9038428664207458, 0.260981947183609, 0.0], 31: [0.9038428664207458, 0.3390180766582489, 0.0], 32: [0.9190669655799866, 0.4155547618865967, 0.0], 33: [0.9489301443099976, 0.4876507818698883, 0.0], 34: [0.9922846555709839, 0.5525354146957397, 0.0], 35: [1.0474644899368286, 0.6077153086662292, 0.0], 36: [1.1123491525650024, 0.6510698795318604, 0.0], 37: [1.2999999523162842, 0.2999999523162842, 1.0], 38: [1.1844451427459717, 0.6809329986572266, 0.0], 39: [1.260981798171997, 0.6961570978164673, 0.0], 40: [1.299999713897705, 0.2999999523162842, -1.0]}, 'editMode': True}, 'Cube.001', {'tolerance': 10}]
['Toggle Edit Mode', {'editMode': False}, 'Cube.001', {'tolerance': 10}]
[' bpy context space_data', {'context': "'MODIFIER'", 'editMode': False}, 'Cube', {'tolerance': 10}]
['Apply Modifier', {'modifier': 'Boolean', 'editMode': False}, 'Cube', {'tolerance': 10}]
['Hide Objects', {'unselected': False, 'editMode': False}, 'Cube.001', {'tolerance': 10}]
['Toggle Edit Mode', {'newVertices': [12, 13, 14, 15, 16, 17, 18, 19, 20, 21, 22, 23, 24, 25, 26, 27, 28, 29, 30, 31, 32, 33, 34, 35, 36, 37, 38, 39, 40, 41, 42, 43, 44, 45, 46, 47, 48, 49, 50, 51, 52, 53, 54, 55, 56, 57, 58, 59, 60, 61, 62, 63, 64, 65, 66, 67, 68, 69, 70, 71, 72, 73, 74, 75, 76, 77, 78, 79, 80], 'newFaces': [8, 9, 10, 11, 12, 13, 14, 15, 16, 17, 18, 19, 20, 21, 22, 23, 24, 25, 26, 27, 28, 29, 30, 31, 32, 33, 34, 35, 36, 37, 38, 39, 40, 41, 42, 43], 'vertices': {0: [2.0, 1.0, 0.30000001192092896], 1: [2.0, 1.0, -0.30000001192092896], 2: [-2.0, -1.0, -0.30000001192092896], 3: [1.0, -1.0, 0.30000001192092896], 4: [2.0, 0.0, 0.30000001192092896], 5: [2.0, 0.0, -0.30000001192092896], 6: [1.0, -1.0, -0.30000001192092896], 7: [-2.0, -0.5, -0.30000001192092896], 8: [-0.5, 1.0, -0.30000001192092896], 9: [0.9304481148719788, 0.4530734121799469, -0.30000001192092896], 10: [1.0171571969985962, 0.5828427076339722, -0.30000001192092896], 11: [0.9674121141433716, 0.5222281217575073, -0.30000001192092896], 12: [1.077771782875061, 0.6325879096984863, -0.30000001192092896], 13: [1.2219637632369995, 0.6923141479492188, -0.30000001192092896], 14: [1.1469265222549438, 0.6695518493652344, -0.30000001192092896], 15: [1.3780361413955688, 0.6923141479492188, -0.30000001192092896], 16: [1.2999999523162842, 0.7000000476837158, -0.30000001192092896], 17: [1.5222281217575073, 0.6325879096984863, -0.30000001192092896], 18: [1.6325877904891968, 0.5222281217575073, -0.30000001192092896], 19: [1.5828427076339722, 0.5828427076339722, -0.30000001192092896], 20: [1.7000000476837158, 0.30000001192092896, -0.30000001192092896], 21: [1.6923141479492188, 0.22196388244628906, -0.30000001192092896], 22: [1.6923141479492188, 0.37803614139556885, -0.30000001192092896], 23: [1.6695518493652344, 0.4530734121799469, -0.30000001192092896], 24: [1.6695518493652344, 0.146926611661911, -0.30000001192092896], 25: [1.4530733823776245, 0.6695518493652344, -0.30000001192092896], 26: [0.8999999165534973, 0.30000001192092896, -0.30000001192092896], 27: [0.9076858162879944, 0.22196388244628906, -0.30000001192092896], 28: [0.9076858162879944, 0.37803614139556885, -0.30000001192092896], 29: [1.077771782875061, -0.03258785605430603, -0.30000001192092896], 30: [1.0171571969985962, 0.017157286405563354, -0.30000001192092896], 31: [0.9674121141433716, 0.07777188718318939, -0.30000001192092896], 32: [0.9304481148719788, 0.146926611661911, -0.30000001192092896], 33: [1.2219637632369995, -0.09231412410736084, -0.30000001192092896], 34: [1.3780361413955688, -0.09231412410736084, -0.30000001192092896], 35: [1.2999999523162842, -0.10000002384185791, -0.30000001192092896], 36: [1.5222281217575073, -0.03258785605430603, -0.30000001192092896], 37: [1.6325877904891968, 0.07777188718318939, -0.30000001192092896], 38: [1.5828427076339722, 0.017157286405563354, -0.30000001192092896], 39: [1.4530733823776245, -0.06955182552337646, -0.30000001192092896], 40: [1.1469265222549438, -0.06955182552337646, -0.30000001192092896], 41: [0.9304481148719788, 0.4530734121799469, 0.30000001192092896], 42: [0.3999999761581421, 0.6399999856948853, 0.30000001192092896], 43: [0.3999999761581421, 1.0, 0.30000001192092896], 44: [1.0171571969985962, 0.5828427076339722, 0.30000001192092896], 45: [0.9674121141433716, 0.5222281217575073, 0.30000001192092896], 46: [1.1469265222549438, 0.6695518493652344, 0.30000001192092896], 47: [1.3780361413955688, 0.6923141479492188, 0.30000001192092896], 48: [1.2999999523162842, 0.7000000476837158, 0.30000001192092896], 49: [1.2219637632369995, 0.6923141479492188, 0.30000001192092896], 50: [1.077771782875061, 0.6325879096984863, 0.30000001192092896], 51: [1.5222281217575073, 0.6325879096984863, 0.30000001192092896], 52: [1.6325877904891968, 0.5222281217575073, 0.30000001192092896], 53: [1.5828427076339722, 0.5828427076339722, 0.30000001192092896], 54: [1.7000000476837158, 0.30000001192092896, 0.30000001192092896], 55: [1.6923141479492188, 0.22196388244628906, 0.30000001192092896], 56: [1.6923141479492188, 0.37803614139556885, 0.30000001192092896], 57: [1.6695518493652344, 0.4530734121799469, 0.30000001192092896], 58: [1.6695518493652344, 0.146926611661911, 0.30000001192092896], 59: [1.4530733823776245, 0.6695518493652344, 0.30000001192092896], 60: [0.3999999761581421, -1.0, 0.30000001192092896], 61: [0.9076858162879944, 0.22196388244628906, 0.30000001192092896], 62: [0.8999999165534973, 0.30000001192092896, 0.30000001192092896], 63: [1.0171571969985962, 0.017157286405563354, 0.30000001192092896], 64: [0.9674121141433716, 0.07777188718318939, 0.30000001192092896], 65: [0.9304481148719788, 0.146926611661911, 0.30000001192092896], 66: [0.9076858162879944, 0.37803614139556885, 0.30000001192092896], 67: [1.1469265222549438, -0.06955182552337646, 0.30000001192092896], 68: [1.3780361413955688, -0.09231412410736084, 0.30000001192092896], 69: [1.2999999523162842, -0.10000002384185791, 0.30000001192092896], 70: [1.2219637632369995, -0.09231412410736084, 0.30000001192092896], 71: [1.5222281217575073, -0.03258785605430603, 0.30000001192092896], 72: [1.6325877904891968, 0.07777188718318939, 0.30000001192092896], 73: [1.4530733823776245, -0.06955182552337646, 0.30000001192092896], 74: [1.5828427076339722, 0.017157286405563354, 0.30000001192092896], 75: [1.077771782875061, -0.03258785605430603, 0.30000001192092896], 76: [0.09999996423721313, -1.0, 0.0], 77: [-2.0, -1.0, 0.0], 78: [-2.0, -0.5, 0.0], 79: [-0.5, 1.0, 0.0], 80: [0.09999996423721313, 1.0, 0.0]}, 'faces': {0: [1.0216131210327148, 0.2189302146434784, -0.3000001013278961], 1: [1.737684726715088, 0.40056344866752625, -0.29999998211860657], 2: [1.3549609184265137, 0.5472440123558044, 0.30000007152557373], 3: [1.1593248844146729, -0.0005772653385065496, 0.30000007152557373], 4: [-0.25, -1.0, 0.0], 5: [-2.0, -0.75, -0.15000000596046448], 6: [1.5, -0.5, 0.0], 7: [2.0, 0.5, 0.0], 8: [-1.25, 0.25, -0.15000000596046448], 9: [0.5833333730697632, 1.0, 0.0], 10: [0.2799999713897705, 0.12800000607967377, 0.18000000715255737], 11: [-0.8600000739097595, -0.10000000149011612, 0.0], 12: [1.3390179872512817, 0.6961570978164673, 0.0], 13: [1.4155547618865967, 0.6809329986572266, 0.0], 14: [1.487650752067566, 0.6510698795318604, 0.0], 15: [1.5525354146957397, 0.6077153086662292, 0.0], 16: [1.6077152490615845, 0.5525354146957397, 0.0], 17: [1.6510698795318604, 0.4876507520675659, 0.0], 18: [1.6809329986572266, 0.4155547618865967, 0.0], 19: [1.6961570978164673, 0.3390180766582489, 0.0], 20: [1.6961569786071777, 0.260981947183609, 0.0], 21: [1.6809329986572266, 0.18444524705410004, 0.0], 22: [1.6510698795318604, 0.1123492494225502, 0.0], 23: [1.6077152490615845, 0.04746458679437637, 0.0], 24: [1.5525354146957397, -0.007715284824371338, 0.0], 25: [1.487650752067566, -0.05106984078884125, 0.0], 26: [1.4155547618865967, -0.08093297481536865, 0.0], 27: [1.3390181064605713, -0.09615707397460938, 0.0], 28: [1.260981798171997, -0.09615707397460938, 0.0], 29: [1.1844451427459717, -0.08093297481536865, 0.0], 30: [1.1123491525650024, -0.05106984078884125, 0.0], 31: [1.0474644899368286, -0.007715284824371338, 0.0], 32: [0.9922846555709839, 0.04746458679437637, 0.0], 33: [0.9489300847053528, 0.1123492494225502, 0.0], 34: [0.9190669655799866, 0.18444524705410004, 0.0], 35: [0.9038428664207458, 0.260981947183609, 0.0], 36: [0.9038428664207458, 0.3390180766582489, 0.0], 37: [0.9190669655799866, 0.4155547618865967, 0.0], 38: [0.9489301443099976, 0.4876507818698883, 0.0], 39: [0.9922846555709839, 0.5525354146957397, 0.0], 40: [1.0474644899368286, 0.6077153086662292, 0.0], 41: [1.1123491525650024, 0.6510698795318604, 0.0], 42: [1.1844451427459717, 0.6809329986572266, 0.0], 43: [1.260981798171997, 0.6961570978164673, 0.0]}, 'editMode': True}, 'Cube', {'tolerance': 10}]
['Bevel', {'offset': 0.05, 'offset_pct': 0, 'newVertices': [81, 82, 83, 84, 85, 86, 87, 88, 89, 90, 91, 92, 93, 94, 95, 96, 97, 98, 99, 100], 'newFaces': [44, 45, 46, 47, 48, 49, 50, 51, 52, 53, 54, 55], 'vertices': {0: [2.0, 1.0, 0.30000001192092896], 1: [2.0, 1.0, -0.30000001192092896], 2: [-2.0, -1.0, -0.30000001192092896], 3: [1.0, -1.0, 0.30000001192092896], 4: [2.0, 0.0, 0.30000001192092896], 5: [2.0, 0.0, -0.30000001192092896], 6: [1.0, -1.0, -0.30000001192092896], 7: [-2.0, -0.5, -0.30000001192092896], 8: [-0.5, 1.0, -0.30000001192092896], 9: [0.9304481148719788, 0.4530734121799469, -0.30000001192092896], 10: [1.0171571969985962, 0.5828427076339722, -0.30000001192092896], 11: [0.9674121141433716, 0.5222281217575073, -0.30000001192092896], 12: [1.077771782875061, 0.6325879096984863, -0.30000001192092896], 13: [1.2219637632369995, 0.6923141479492188, -0.30000001192092896], 14: [1.1469265222549438, 0.6695518493652344, -0.30000001192092896], 15: [1.3780361413955688, 0.6923141479492188, -0.30000001192092896], 16: [1.2999999523162842, 0.7000000476837158, -0.30000001192092896], 17: [1.5222281217575073, 0.6325879096984863, -0.30000001192092896], 18: [1.6325877904891968, 0.5222281217575073, -0.30000001192092896], 19: [1.5828427076339722, 0.5828427076339722, -0.30000001192092896], 20: [1.7000000476837158, 0.30000001192092896, -0.30000001192092896], 21: [1.6923141479492188, 0.22196388244628906, -0.30000001192092896], 22: [1.6923141479492188, 0.37803614139556885, -0.30000001192092896], 23: [1.6695518493652344, 0.4530734121799469, -0.30000001192092896], 24: [1.6695518493652344, 0.146926611661911, -0.30000001192092896], 25: [1.4530733823776245, 0.6695518493652344, -0.30000001192092896], 26: [0.8999999165534973, 0.30000001192092896, -0.30000001192092896], 27: [0.9076858162879944, 0.22196388244628906, -0.30000001192092896], 28: [0.9076858162879944, 0.37803614139556885, -0.30000001192092896], 29: [1.077771782875061, -0.03258785605430603, -0.30000001192092896], 30: [1.0171571969985962, 0.017157286405563354, -0.30000001192092896], 31: [0.9674121141433716, 0.07777188718318939, -0.30000001192092896], 32: [0.9304481148719788, 0.146926611661911, -0.30000001192092896], 33: [1.2219637632369995, -0.09231412410736084, -0.30000001192092896], 34: [1.3780361413955688, -0.09231412410736084, -0.30000001192092896], 35: [1.2999999523162842, -0.10000002384185791, -0.30000001192092896], 36: [1.5222281217575073, -0.03258785605430603, -0.30000001192092896], 37: [1.6325877904891968, 0.07777188718318939, -0.30000001192092896], 38: [1.5828427076339722, 0.017157286405563354, -0.30000001192092896], 39: [1.4530733823776245, -0.06955182552337646, -0.30000001192092896], 40: [1.1469265222549438, -0.06955182552337646, -0.30000001192092896], 41: [0.9304481148719788, 0.4530734121799469, 0.30000001192092896], 42: [1.0171571969985962, 0.5828427076339722, 0.30000001192092896], 43: [0.9674121141433716, 0.5222281217575073, 0.30000001192092896], 44: [1.1469265222549438, 0.6695518493652344, 0.30000001192092896], 45: [1.3780361413955688, 0.6923141479492188, 0.30000001192092896], 46: [1.2999999523162842, 0.7000000476837158, 0.30000001192092896], 47: [1.2219637632369995, 0.6923141479492188, 0.30000001192092896], 48: [1.077771782875061, 0.6325879096984863, 0.30000001192092896], 49: [1.5222281217575073, 0.6325879096984863, 0.30000001192092896], 50: [1.6325877904891968, 0.5222281217575073, 0.30000001192092896], 51: [1.5828427076339722, 0.5828427076339722, 0.30000001192092896], 52: [1.7000000476837158, 0.30000001192092896, 0.30000001192092896], 53: [1.6923141479492188, 0.22196388244628906, 0.30000001192092896], 54: [1.6923141479492188, 0.37803614139556885, 0.30000001192092896], 55: [1.6695518493652344, 0.4530734121799469, 0.30000001192092896], 56: [1.6695518493652344, 0.146926611661911, 0.30000001192092896], 57: [1.4530733823776245, 0.6695518493652344, 0.30000001192092896], 58: [0.9076858162879944, 0.22196388244628906, 0.30000001192092896], 59: [0.8999999165534973, 0.30000001192092896, 0.30000001192092896], 60: [1.0171571969985962, 0.017157286405563354, 0.30000001192092896], 61: [0.9674121141433716, 0.07777188718318939, 0.30000001192092896], 62: [0.9304481148719788, 0.146926611661911, 0.30000001192092896], 63: [0.9076858162879944, 0.37803614139556885, 0.30000001192092896], 64: [1.1469265222549438, -0.06955182552337646, 0.30000001192092896], 65: [1.3780361413955688, -0.09231412410736084, 0.30000001192092896], 66: [1.2999999523162842, -0.10000002384185791, 0.30000001192092896], 67: [1.2219637632369995, -0.09231412410736084, 0.30000001192092896], 68: [1.5222281217575073, -0.03258785605430603, 0.30000001192092896], 69: [1.6325877904891968, 0.07777188718318939, 0.30000001192092896], 70: [1.4530733823776245, -0.06955182552337646, 0.30000001192092896], 71: [1.5828427076339722, 0.017157286405563354, 0.30000001192092896], 72: [1.077771782875061, -0.03258785605430603, 0.30000001192092896], 73: [-2.0, -1.0, 0.0], 74: [-2.0, -0.5, 0.0], 75: [-0.5, 1.0, 0.0], 76: [0.3646446466445923, 0.6399999856948853, 0.26464468240737915], 77: [0.44999998807907104, 0.6223803162574768, 0.30000001192092896], 78: [0.3819805681705475, 0.6386587619781494, 0.27817457914352417], 79: [0.4042893052101135, 0.6348392963409424, 0.28964468836784363], 80: [0.42817455530166626, 0.6291230916976929, 0.2973087430000305], 81: [0.3646446466445923, 1.0, 0.26464468240737915], 82: [0.44999998807907104, 1.0, 0.30000001192092896], 83: [0.3819805681705475, 1.0, 0.27817457914352417], 84: [0.4042893052101135, 1.0, 0.28964468836784363], 85: [0.42817455530166626, 1.0, 0.2973087430000305], 86: [0.44999998807907104, -1.0, 0.30000001192092896], 87: [0.3646446466445923, -1.0, 0.26464468240737915], 88: [0.42817455530166626, -1.0, 0.2973087430000305], 89: [0.4042893052101135, -1.0, 0.28964468836784363], 90: [0.3819805681705475, -1.0, 0.27817457914352417], 91: [0.13535530865192413, -1.0, 0.035355344414711], 92: [0.049999963492155075, -1.0, 0.0], 93: [0.11801938712596893, -1.0, 0.021825440227985382], 94: [0.0957106500864029, -1.0, 0.01035534031689167], 95: [0.07182539999485016, -1.0, 0.002691265195608139], 96: [0.04999995976686478, 1.0, 0.0], 97: [0.13535530865192413, 1.0, 0.0353553406894207], 98: [0.07182540744543076, 1.0, 0.002691265195608139], 99: [0.0957106500864029, 1.0, 0.01035534031689167], 100: [0.11801938712596893, 1.0, 0.021825436502695084]}, 'faces': {0: [1.0216131210327148, 0.2189302146434784, -0.3000001013278961], 1: [1.737684726715088, 0.40056344866752625, -0.29999998211860657], 2: [1.1640868186950684, -0.0014162943698465824, 0.30000007152557373], 3: [0.3928571939468384, 1.0, 0.08571429550647736], 4: [-0.8800000548362732, -0.10000000149011612, 0.0], 5: [-2.0, -0.75, -0.15000000596046448], 6: [1.5, -0.5, 0.0], 7: [2.0, 0.5, 0.0], 8: [-1.25, 0.25, -0.15000000596046448], 9: [0.03571426868438721, -1.0, 0.08571429550647736], 10: [1.3597228527069092, 0.5464049577713013, 0.30000007152557373], 11: [1.3390179872512817, 0.6961570978164673, 0.0], 12: [1.4155547618865967, 0.6809329986572266, 0.0], 13: [1.487650752067566, 0.6510698795318604, 0.0], 14: [1.5525354146957397, 0.6077153086662292, 0.0], 15: [1.6077152490615845, 0.5525354146957397, 0.0], 16: [1.6510698795318604, 0.4876507520675659, 0.0], 17: [1.6809329986572266, 0.4155547618865967, 0.0], 18: [1.6961570978164673, 0.3390180766582489, 0.0], 19: [1.6961569786071777, 0.260981947183609, 0.0], 20: [1.6809329986572266, 0.18444524705410004, 0.0], 21: [1.6510698795318604, 0.1123492494225502, 0.0], 22: [1.6077152490615845, 0.04746458679437637, 0.0], 23: [1.5525354146957397, -0.007715284824371338, 0.0], 24: [1.487650752067566, -0.05106984078884125, 0.0], 25: [1.4155547618865967, -0.08093297481536865, 0.0], 26: [1.3390181064605713, -0.09615707397460938, 0.0], 27: [1.260981798171997, -0.09615707397460938, 0.0], 28: [1.1844451427459717, -0.08093297481536865, 0.0], 29: [1.1123491525650024, -0.05106984078884125, 0.0], 30: [1.0474644899368286, -0.007715284824371338, 0.0], 31: [0.9922846555709839, 0.04746458679437637, 0.0], 32: [0.9489300847053528, 0.1123492494225502, 0.0], 33: [0.9190669655799866, 0.18444524705410004, 0.0], 34: [0.9038428664207458, 0.260981947183609, 0.0], 35: [0.9038428664207458, 0.3390180766582489, 0.0], 36: [0.9190669655799866, 0.4155547618865967, 0.0], 37: [0.9489301443099976, 0.4876507818698883, 0.0], 38: [0.9922846555709839, 0.5525354146957397, 0.0], 39: [1.0474644899368286, 0.6077153086662292, 0.0], 40: [1.1123491525650024, 0.6510698795318604, 0.0], 41: [1.1844451427459717, 0.6809329986572266, 0.0], 42: [1.260981798171997, 0.6961570978164673, 0.0], 43: [0.43908727169036865, 0.8128758668899536, 0.29865437746047974], 44: [0.4162319302558899, 0.8159906268119812, 0.29347673058509827], 45: [0.3931349217891693, 0.818374514579773, 0.2839096188545227], 46: [0.3733126223087311, 0.819664716720581, 0.27140963077545166], 47: [0.3733125925064087, -0.18033531308174133, 0.27140963077545166], 48: [0.3931349515914917, -0.18162548542022705, 0.2839096486568451], 49: [0.4162319302558899, -0.1840094029903412, 0.2934767007827759], 50: [0.43908727169036865, -0.18712414801120758, 0.29865437746047974], 51: [0.12668734788894653, 0.0, 0.02859039045870304], 52: [0.10686501860618591, 0.0, 0.01609038934111595], 53: [0.08376802504062653, 0.0, 0.006523302756249905], 54: [0.06091267988085747, 0.0, 0.0013456325978040695], 55: [0.272928923368454, 0.12800000607967377, 0.17292894423007965]}, 'editMode': True}, 'Cube', {'tolerance': 10}]
['Bevel', {'offset': 0.2, 'offset_pct': 0, 'newVertices': [101, 102, 103, 104, 105, 106, 107, 108, 109, 110, 111, 112, 113, 114, 115, 116, 117, 118, 119, 120, 121, 122, 123, 124, 125, 126, 127, 128, 129, 130, 131, 132, 133, 134, 135, 136, 137, 138, 139, 140, 141, 142, 143, 144, 145, 146, 147, 148, 149, 150, 151, 152, 153, 154, 155, 156, 157, 158, 159, 160, 161, 162, 163], 'newFaces': [56, 57, 58, 59, 60, 61, 62, 63, 64, 65, 66, 67, 68, 69, 70, 71, 72, 73, 74, 75, 76, 77, 78, 79, 80, 81, 82, 83, 84, 85, 86, 87, 88, 89, 90, 91, 92, 93, 94, 95, 96, 97, 98, 99, 100], 'vertices': {0: [0.9304481148719788, 0.4530734121799469, -0.30000001192092896], 1: [1.0171571969985962, 0.5828427076339722, -0.30000001192092896], 2: [0.9674121141433716, 0.5222281217575073, -0.30000001192092896], 3: [1.077771782875061, 0.6325879096984863, -0.30000001192092896], 4: [1.2219637632369995, 0.6923141479492188, -0.30000001192092896], 5: [1.1469265222549438, 0.6695518493652344, -0.30000001192092896], 6: [1.3780361413955688, 0.6923141479492188, -0.30000001192092896], 7: [1.2999999523162842, 0.7000000476837158, -0.30000001192092896], 8: [1.5222281217575073, 0.6325879096984863, -0.30000001192092896], 9: [1.6325877904891968, 0.5222281217575073, -0.30000001192092896], 10: [1.5828427076339722, 0.5828427076339722, -0.30000001192092896], 11: [1.7000000476837158, 0.30000001192092896, -0.30000001192092896], 12: [1.6923141479492188, 0.22196388244628906, -0.30000001192092896], 13: [1.6923141479492188, 0.37803614139556885, -0.30000001192092896], 14: [1.6695518493652344, 0.4530734121799469, -0.30000001192092896], 15: [1.6695518493652344, 0.146926611661911, -0.30000001192092896], 16: [1.4530733823776245, 0.6695518493652344, -0.30000001192092896], 17: [0.8999999165534973, 0.30000001192092896, -0.30000001192092896], 18: [0.9076858162879944, 0.22196388244628906, -0.30000001192092896], 19: [0.9076858162879944, 0.37803614139556885, -0.30000001192092896], 20: [1.077771782875061, -0.03258785605430603, -0.30000001192092896], 21: [1.0171571969985962, 0.017157286405563354, -0.30000001192092896], 22: [0.9674121141433716, 0.07777188718318939, -0.30000001192092896], 23: [0.9304481148719788, 0.146926611661911, -0.30000001192092896], 24: [1.2219637632369995, -0.09231412410736084, -0.30000001192092896], 25: [1.3780361413955688, -0.09231412410736084, -0.30000001192092896], 26: [1.2999999523162842, -0.10000002384185791, -0.30000001192092896], 27: [1.5222281217575073, -0.03258785605430603, -0.30000001192092896], 28: [1.6325877904891968, 0.07777188718318939, -0.30000001192092896], 29: [1.5828427076339722, 0.017157286405563354, -0.30000001192092896], 30: [1.4530733823776245, -0.06955182552337646, -0.30000001192092896], 31: [1.1469265222549438, -0.06955182552337646, -0.30000001192092896], 32: [0.9304481148719788, 0.4530734121799469, 0.30000001192092896], 33: [1.0171571969985962, 0.5828427076339722, 0.30000001192092896], 34: [0.9674121141433716, 0.5222281217575073, 0.30000001192092896], 35: [1.1469265222549438, 0.6695518493652344, 0.30000001192092896], 36: [1.3780361413955688, 0.6923141479492188, 0.30000001192092896], 37: [1.2999999523162842, 0.7000000476837158, 0.30000001192092896], 38: [1.2219637632369995, 0.6923141479492188, 0.30000001192092896], 39: [1.077771782875061, 0.6325879096984863, 0.30000001192092896], 40: [1.5222281217575073, 0.6325879096984863, 0.30000001192092896], 41: [1.6325877904891968, 0.5222281217575073, 0.30000001192092896], 42: [1.5828427076339722, 0.5828427076339722, 0.30000001192092896], 43: [1.7000000476837158, 0.30000001192092896, 0.30000001192092896], 44: [1.6923141479492188, 0.22196388244628906, 0.30000001192092896], 45: [1.6923141479492188, 0.37803614139556885, 0.30000001192092896], 46: [1.6695518493652344, 0.4530734121799469, 0.30000001192092896], 47: [1.6695518493652344, 0.146926611661911, 0.30000001192092896], 48: [1.4530733823776245, 0.6695518493652344, 0.30000001192092896], 49: [0.9076858162879944, 0.22196388244628906, 0.30000001192092896], 50: [0.8999999165534973, 0.30000001192092896, 0.30000001192092896], 51: [1.0171571969985962, 0.017157286405563354, 0.30000001192092896], 52: [0.9674121141433716, 0.07777188718318939, 0.30000001192092896], 53: [0.9304481148719788, 0.146926611661911, 0.30000001192092896], 54: [0.9076858162879944, 0.37803614139556885, 0.30000001192092896], 55: [1.1469265222549438, -0.06955182552337646, 0.30000001192092896], 56: [1.3780361413955688, -0.09231412410736084, 0.30000001192092896], 57: [1.2999999523162842, -0.10000002384185791, 0.30000001192092896], 58: [1.2219637632369995, -0.09231412410736084, 0.30000001192092896], 59: [1.5222281217575073, -0.03258785605430603, 0.30000001192092896], 60: [1.6325877904891968, 0.07777188718318939, 0.30000001192092896], 61: [1.4530733823776245, -0.06955182552337646, 0.30000001192092896], 62: [1.5828427076339722, 0.017157286405563354, 0.30000001192092896], 63: [1.077771782875061, -0.03258785605430603, 0.30000001192092896], 64: [0.3646446466445923, 0.6399999856948853, 0.26464468240737915], 65: [0.44999998807907104, 0.6223803162574768, 0.30000001192092896], 66: [0.3819805681705475, 0.6386587619781494, 0.27817457914352417], 67: [0.4042893052101135, 0.6348392963409424, 0.28964468836784363], 68: [0.42817455530166626, 0.6291230916976929, 0.2973087430000305], 69: [0.3646446466445923, 1.0, 0.26464468240737915], 70: [0.44999998807907104, 1.0, 0.30000001192092896], 71: [0.3819805681705475, 1.0, 0.27817457914352417], 72: [0.4042893052101135, 1.0, 0.28964468836784363], 73: [0.42817455530166626, 1.0, 0.2973087430000305], 74: [0.44999998807907104, -1.0, 0.30000001192092896], 75: [0.3646446466445923, -1.0, 0.26464468240737915], 76: [0.42817455530166626, -1.0, 0.2973087430000305], 77: [0.4042893052101135, -1.0, 0.28964468836784363], 78: [0.3819805681705475, -1.0, 0.27817457914352417], 79: [0.13535530865192413, -1.0, 0.035355344414711], 80: [0.049999963492155075, -1.0, 0.0], 81: [0.11801938712596893, -1.0, 0.021825440227985382], 82: [0.0957106500864029, -1.0, 0.01035534031689167], 83: [0.07182539999485016, -1.0, 0.002691265195608139], 84: [0.04999995976686478, 1.0, 0.0], 85: [0.13535530865192413, 1.0, 0.0353553406894207], 86: [0.07182540744543076, 1.0, 0.002691265195608139], 87: [0.0957106500864029, 1.0, 0.01035534031689167], 88: [0.11801938712596893, 1.0, 0.021825436502695084], 89: [2.0, 0.800000011920929, 0.30000001192092896], 90: [1.7999999523162842, 1.0, 0.30000001192092896], 91: [1.9902112483978271, 0.8618033528327942, 0.30000001192092896], 92: [1.9618034362792969, 0.9175570011138916, 0.30000001192092896], 93: [1.9175570011138916, 0.9618033170700073, 0.30000001192092896], 94: [1.861803412437439, 0.9902112483978271, 0.30000001192092896], 95: [1.7999999523162842, 1.0, -0.30000001192092896], 96: [2.0, 0.800000011920929, -0.30000001192092896], 97: [1.8585786819458008, 0.858578622341156, -0.30000001192092896], 98: [1.861803412437439, 0.9902112483978271, -0.30000001192092896], 99: [1.9175570011138916, 0.9618033170700073, -0.30000001192092896], 100: [1.9618034362792969, 0.9175570011138916, -0.30000001192092896], 101: [1.9902112483978271, 0.8618033528327942, -0.30000001192092896], 102: [-1.7999999523162842, -1.0, -0.30000001192092896], 103: [-2.0, -0.800000011920929, -0.30000001192092896], 104: [-1.861803412437439, -0.9902112483978271, -0.30000001192092896], 105: [-1.9175570011138916, -0.9618033170700073, -0.30000001192092896], 106: [-1.9618034362792969, -0.9175570011138916, -0.30000001192092896], 107: [-1.9902112483978271, -0.8618033528327942, -0.30000001192092896], 108: [0.800000011920929, -1.0, 0.30000001192092896], 109: [1.1414213180541992, -0.858578622341156, 0.30000001192092896], 110: [0.8687250018119812, -0.9930784106254578, 0.30000001192092896], 111: [0.9445660710334778, -0.9729909896850586, 0.30000001192092896], 112: [1.0200992822647095, -0.9417040944099426, 0.30000001192092896], 113: [1.0879309177398682, -0.9022802710533142, 0.30000001192092896], 114: [1.8585786819458008, -0.1414213478565216, 0.30000001192092896], 115: [2.0, 0.20000000298023224, 0.30000001192092896], 116: [1.81725013256073, 0.08125575631856918, 0.30000001192092896], 117: [1.902280330657959, -0.08793105185031891, 0.30000001192092896], 118: [1.9417040348052979, -0.020099371671676636, 0.30000001192092896], 119: [1.9729909896850586, 0.055433884263038635, 0.30000001192092896], 120: [1.993078351020813, 0.13127495348453522, 0.30000001192092896], 121: [2.0, 0.20000000298023224, -0.30000001192092896], 122: [1.8585786819458008, -0.1414213627576828, -0.30000001192092896], 123: [1.81725013256073, 0.08125575631856918, -0.30000001192092896], 124: [1.993078351020813, 0.13127495348453522, -0.30000001192092896], 125: [1.9729909896850586, 0.05543387681245804, -0.30000001192092896], 126: [1.9417040348052979, -0.020099379122257233, -0.30000001192092896], 127: [1.902280330657959, -0.0879310667514801, -0.30000001192092896], 128: [1.1414213180541992, -0.8585786819458008, -0.30000001192092896], 129: [0.800000011920929, -1.0, -0.30000001192092896], 130: [1.0879309177398682, -0.9022802710533142, -0.30000001192092896], 131: [1.0200992822647095, -0.9417040348052979, -0.30000001192092896], 132: [0.9445660710334778, -0.9729909300804138, -0.30000001192092896], 133: [0.8687250018119812, -0.993078351020813, -0.30000001192092896], 134: [-2.0, -0.699999988079071, -0.30000001192092896], 135: [-1.8585786819458008, -0.358578622341156, -0.30000001192092896], 136: [-1.993078351020813, -0.631274938583374, -0.30000001192092896], 137: [-1.9729909896850586, -0.5554338693618774, -0.30000001192092896], 138: [-1.9417040348052979, -0.479900598526001, -0.30000001192092896], 139: [-1.902280330657959, -0.4120689332485199, -0.30000001192092896], 140: [-0.641421377658844, 0.858578622341156, -0.30000001192092896], 141: [-0.30000001192092896, 1.0, -0.30000001192092896], 142: [-0.5879310369491577, 0.9022802710533142, -0.30000001192092896], 143: [-0.520099401473999, 0.9417040944099426, -0.30000001192092896], 144: [-0.44456613063812256, 0.9729909896850586, -0.30000001192092896], 145: [-0.368725061416626, 0.9930784106254578, -0.30000001192092896], 146: [-2.0, -0.800000011920929, 0.0], 147: [-1.7999999523162842, -1.0, 0.0], 148: [-1.9902112483978271, -0.8618033528327942, 0.0], 149: [-1.9618034362792969, -0.9175570011138916, 0.0], 150: [-1.9175570011138916, -0.9618033170700073, 0.0], 151: [-1.861803412437439, -0.9902112483978271, 0.0], 152: [-1.8585786819458008, -0.3585786521434784, 0.0], 153: [-2.0, -0.699999988079071, 0.0], 154: [-1.902280330657959, -0.4120689034461975, 0.0], 155: [-1.9417040348052979, -0.479900598526001, 0.0], 156: [-1.9729909896850586, -0.5554338693618774, 0.0], 157: [-1.993078351020813, -0.631274938583374, 0.0], 158: [-0.30000001192092896, 1.0, 0.0], 159: [-0.641421377658844, 0.858578622341156, 0.0], 160: [-0.368725061416626, 0.9930784106254578, 0.0], 161: [-0.44456613063812256, 0.9729909896850586, 0.0], 162: [-0.520099401473999, 0.9417040944099426, 0.0], 163: [-0.5879310369491577, 0.9022802710533142, 0.0]}, 'faces': {0: [-2.0, -0.75, -0.15000000596046448], 1: [0.3699568808078766, 0.015535982325673103, -0.3000001013278961], 2: [-1.25, 0.25, -0.15000000596046448], 3: [1.7559083700180054, 0.41317319869995117, -0.29999998211860657], 4: [0.03571426868438721, -1.0, 0.08571429550647736], 5: [1.1475701332092285, -0.17624230682849884, 0.3000001013278961], 6: [1.477881669998169, 0.6032272577285767, 0.3000001013278961], 7: [-1.2981375455856323, -0.15000000596046448, 0.0], 8: [1.5, -0.5, 0.0], 9: [0.392857164144516, 1.0, 0.08571429550647736], 10: [1.3390179872512817, 0.6961570978164673, 0.0], 11: [1.4155547618865967, 0.6809329986572266, 0.0], 12: [1.487650752067566, 0.6510698795318604, 0.0], 13: [1.5525354146957397, 0.6077153086662292, 0.0], 14: [1.6077152490615845, 0.5525354146957397, 0.0], 15: [1.6510698795318604, 0.4876507520675659, 0.0], 16: [1.6809329986572266, 0.4155547618865967, 0.0], 17: [1.6961570978164673, 0.3390180766582489, 0.0], 18: [1.6961569786071777, 0.260981947183609, 0.0], 19: [1.6809329986572266, 0.18444524705410004, 0.0], 20: [1.6510698795318604, 0.1123492494225502, 0.0], 21: [1.6077152490615845, 0.04746458679437637, 0.0], 22: [1.5525354146957397, -0.007715284824371338, 0.0], 23: [1.487650752067566, -0.05106984078884125, 0.0], 24: [1.4155547618865967, -0.08093297481536865, 0.0], 25: [1.3390181064605713, -0.09615707397460938, 0.0], 26: [1.260981798171997, -0.09615707397460938, 0.0], 27: [1.1844451427459717, -0.08093297481536865, 0.0], 28: [1.1123491525650024, -0.05106984078884125, 0.0], 29: [1.0474644899368286, -0.007715284824371338, 0.0], 30: [0.9922846555709839, 0.04746458679437637, 0.0], 31: [0.9489300847053528, 0.1123492494225502, 0.0], 32: [0.9190669655799866, 0.18444524705410004, 0.0], 33: [0.9038428664207458, 0.260981947183609, 0.0], 34: [0.9038428664207458, 0.3390180766582489, 0.0], 35: [0.9190669655799866, 0.4155547618865967, 0.0], 36: [0.9489301443099976, 0.4876507818698883, 0.0], 37: [0.9922846555709839, 0.5525354146957397, 0.0], 38: [1.0474644899368286, 0.6077153086662292, 0.0], 39: [1.1123491525650024, 0.6510698795318604, 0.0], 40: [1.1844451427459717, 0.6809329986572266, 0.0], 41: [1.260981798171997, 0.6961570978164673, 0.0], 42: [0.43908727169036865, 0.8128758668899536, 0.29865437746047974], 43: [0.4162319302558899, 0.8159906268119812, 0.29347673058509827], 44: [0.3931349217891693, 0.818374514579773, 0.2839096188545227], 45: [0.3733126223087311, 0.819664716720581, 0.27140963077545166], 46: [0.3733125925064087, -0.18033531308174133, 0.27140963077545166], 47: [0.3931349515914917, -0.18162548542022705, 0.2839096486568451], 48: [0.4162319302558899, -0.1840094029903412, 0.2934767007827759], 49: [0.43908727169036865, -0.18712414801120758, 0.29865437746047974], 50: [0.12668734788894653, 0.0, 0.02859039045870304], 51: [0.10686501860618591, 0.0, 0.01609038934111595], 52: [0.08376802504062653, 0.0, 0.006523302756249905], 53: [0.06091267988085747, 0.0, 0.0013456325978040695], 54: [0.272928923368454, 0.12800000607967377, 0.17292894423007965], 55: [1.8401273488998413, 0.949596643447876, -0.30000001192092896], 56: [1.8793129920959473, 0.9368643760681152, -0.30000001192092896], 57: [1.9126462936401367, 0.9126462936401367, -0.30000001192092896], 58: [1.9368646144866943, 0.8793129920959473, -0.30000001192092896], 59: [1.9495967626571655, 0.8401273488998413, -0.30000001192092896], 60: [1.8593697547912598, -0.04936555027961731, 0.30000001192092896], 61: [1.8870781660079956, -0.008924889378249645, 0.30000001192092896], 62: [1.9106483459472656, 0.038863424211740494, 0.30000001192092896], 63: [1.9277732372283936, 0.08932153880596161, 0.30000001192092896], 64: [1.9367761611938477, 0.1375102400779724, 0.30000001192092896], 65: [1.9367761611938477, 0.1375102400779724, -0.30000001192092896], 66: [1.9277732372283936, 0.08932153880596161, -0.30000001192092896], 67: [1.9106483459472656, 0.038863420486450195, -0.30000001192092896], 68: [1.8870781660079956, -0.008924896828830242, -0.30000001192092896], 69: [1.8593697547912598, -0.049365561455488205, -0.30000001192092896], 70: [1.9951057434082031, 0.8309016823768616, 0.0], 71: [1.976007342338562, 0.8896802067756653, 0.0], 72: [1.9396800994873047, 0.9396802186965942, 0.0], 73: [1.88968026638031, 0.9760072827339172, 0.0], 74: [1.8309016227722168, 0.9951056241989136, 0.0], 75: [0.8343625068664551, -0.9965391755104065, 0.0], 76: [0.9066455364227295, -0.9830346703529358, 0.0], 77: [0.982332706451416, -0.9573475122451782, 0.0], 78: [1.0540151596069336, -0.9219921827316284, 0.0], 79: [1.1146761178970337, -0.8804295063018799, 0.0], 80: [1.8804295063018799, -0.11467620730400085, 0.0], 81: [1.9219920635223389, -0.05401521921157837, 0.0], 82: [1.9573475122451782, 0.0176672525703907, 0.0], 83: [1.983034610748291, 0.09335441887378693, 0.0], 84: [1.9965391159057617, 0.16563747823238373, 0.0], 85: [-1.9965391159057617, -0.6656374335289001, -0.15000000596046448], 86: [-1.983034610748291, -0.5933544039726257, -0.15000000596046448], 87: [-1.9573473930358887, -0.5176672339439392, -0.15000000596046448], 88: [-1.9219921827316284, -0.44598475098609924, -0.15000000596046448], 89: [-1.8804295063018799, -0.38532376289367676, -0.15000000596046448], 90: [-0.6146762371063232, 0.8804294466972351, -0.15000000596046448], 91: [-0.5540152192115784, 0.9219921827316284, -0.15000000596046448], 92: [-0.4823327660560608, 0.9573475122451782, -0.15000000596046448], 93: [-0.40664559602737427, 0.9830347299575806, -0.15000000596046448], 94: [-0.3343625068664551, 0.9965392351150513, -0.15000000596046448], 95: [-1.8309017419815063, -0.9951056241989136, -0.15000000596046448], 96: [-1.8896801471710205, -0.976007342338562, -0.15000000596046448], 97: [-1.9396802186965942, -0.9396801590919495, -0.15000000596046448], 98: [-1.9760074615478516, -0.8896801471710205, -0.15000000596046448], 99: [-1.9951056241989136, -0.8309016823768616, -0.15000000596046448], 100: [2.0, 0.5, 0.0]}, 'editMode': True}, 'Cube', {'tolerance': 10}]
['Bevel', {'offset': 0.05, 'offset_pct': 0, 'newVertices': [164, 165, 166, 167, 168, 169, 170, 171, 172, 173, 174, 175, 176, 177, 178, 179, 180, 181, 182, 183, 184, 185, 186, 187, 188, 189, 190, 191, 192, 193, 194, 195, 196, 197, 198, 199, 200, 201, 202, 203, 204, 205, 206, 207, 208, 209, 210, 211, 212, 213, 214, 215, 216, 217, 218, 219, 220, 221, 222, 223, 224, 225, 226, 227, 228, 229, 230, 231, 232, 233, 234, 235, 236, 237, 238, 239, 240, 241, 242, 243, 244, 245, 246, 247, 248, 249, 250, 251, 252, 253, 254, 255, 256, 257, 258, 259, 260, 261, 262, 263, 264, 265, 266, 267, 268, 269, 270, 271, 272, 273, 274, 275, 276, 277, 278, 279, 280, 281, 282, 283, 284, 285, 286, 287, 288, 289, 290, 291, 292, 293, 294, 295, 296, 297, 298, 299, 300, 301, 302, 303, 304, 305, 306, 307, 308, 309, 310, 311, 312, 313, 314, 315, 316, 317, 318, 319, 320, 321, 322, 323, 324, 325, 326, 327, 328, 329, 330, 331, 332, 333, 334, 335, 336, 337, 338, 339, 340, 341, 342, 343, 344, 345, 346, 347, 348, 349, 350, 351, 352, 353, 354, 355], 'newFaces': [101, 102, 103, 104, 105, 106, 107, 108, 109, 110, 111, 112, 113, 114, 115, 116, 117, 118, 119, 120, 121, 122, 123, 124, 125, 126, 127, 128, 129, 130, 131, 132, 133, 134, 135, 136, 137, 138, 139, 140, 141, 142, 143, 144, 145, 146, 147, 148, 149, 150, 151, 152, 153, 154, 155, 156, 157, 158, 159, 160, 161, 162, 163, 164, 165, 166, 167, 168, 169, 170, 171, 172, 173, 174, 175, 176, 177, 178, 179, 180, 181, 182, 183, 184, 185, 186, 187, 188, 189, 190, 191, 192, 193, 194, 195, 196, 197, 198, 199, 200, 201, 202, 203, 204, 205, 206, 207, 208, 209, 210, 211, 212, 213, 214, 215, 216, 217, 218, 219, 220, 221, 222, 223, 224, 225, 226, 227, 228, 229, 230, 231, 232, 233, 234, 235, 236, 237, 238, 239, 240, 241, 242, 243, 244, 245, 246, 247, 248, 249, 250, 251, 252, 253, 254, 255, 256, 257, 258, 259, 260, 261, 262, 263, 264, 265, 266, 267, 268, 269, 270, 271, 272, 273, 274, 275, 276, 277, 278, 279, 280, 281, 282, 283, 284, 285, 286, 287, 288, 289, 290, 291, 292], 'vertices': {0: [0.3646446466445923, 0.6399999856948853, 0.26464468240737915], 1: [0.44999998807907104, 0.6223803162574768, 0.30000001192092896], 2: [0.3819805681705475, 0.6386587619781494, 0.27817457914352417], 3: [0.4042893052101135, 0.6348392963409424, 0.28964468836784363], 4: [0.42817455530166626, 0.6291230916976929, 0.2973087430000305], 5: [0.3646446466445923, 1.0, 0.26464468240737915], 6: [0.44999998807907104, 1.0, 0.30000001192092896], 7: [0.3819805681705475, 1.0, 0.27817457914352417], 8: [0.4042893052101135, 1.0, 0.28964468836784363], 9: [0.42817455530166626, 1.0, 0.2973087430000305], 10: [0.44999998807907104, -1.0, 0.30000001192092896], 11: [0.3646446466445923, -1.0, 0.26464468240737915], 12: [0.42817455530166626, -1.0, 0.2973087430000305], 13: [0.4042893052101135, -1.0, 0.28964468836784363], 14: [0.3819805681705475, -1.0, 0.27817457914352417], 15: [0.13535530865192413, -1.0, 0.035355344414711], 16: [0.049999963492155075, -1.0, 0.0], 17: [0.11801938712596893, -1.0, 0.021825440227985382], 18: [0.0957106500864029, -1.0, 0.01035534031689167], 19: [0.07182539999485016, -1.0, 0.002691265195608139], 20: [0.04999995976686478, 1.0, 0.0], 21: [0.13535530865192413, 1.0, 0.0353553406894207], 22: [0.07182540744543076, 1.0, 0.002691265195608139], 23: [0.0957106500864029, 1.0, 0.01035534031689167], 24: [0.11801938712596893, 1.0, 0.021825436502695084], 25: [2.0, 0.800000011920929, 0.30000001192092896], 26: [1.7999999523162842, 1.0, 0.30000001192092896], 27: [1.9902112483978271, 0.8618033528327942, 0.30000001192092896], 28: [1.9618034362792969, 0.9175570011138916, 0.30000001192092896], 29: [1.9175570011138916, 0.9618033170700073, 0.30000001192092896], 30: [1.861803412437439, 0.9902112483978271, 0.30000001192092896], 31: [1.7999999523162842, 1.0, -0.30000001192092896], 32: [2.0, 0.800000011920929, -0.30000001192092896], 33: [1.8585786819458008, 0.858578622341156, -0.30000001192092896], 34: [1.861803412437439, 0.9902112483978271, -0.30000001192092896], 35: [1.9175570011138916, 0.9618033170700073, -0.30000001192092896], 36: [1.9618034362792969, 0.9175570011138916, -0.30000001192092896], 37: [1.9902112483978271, 0.8618033528327942, -0.30000001192092896], 38: [-1.7999999523162842, -1.0, -0.30000001192092896], 39: [-2.0, -0.800000011920929, -0.30000001192092896], 40: [-1.861803412437439, -0.9902112483978271, -0.30000001192092896], 41: [-1.9175570011138916, -0.9618033170700073, -0.30000001192092896], 42: [-1.9618034362792969, -0.9175570011138916, -0.30000001192092896], 43: [-1.9902112483978271, -0.8618033528327942, -0.30000001192092896], 44: [0.800000011920929, -1.0, 0.30000001192092896], 45: [1.1414213180541992, -0.858578622341156, 0.30000001192092896], 46: [0.8687250018119812, -0.9930784106254578, 0.30000001192092896], 47: [0.9445660710334778, -0.9729909896850586, 0.30000001192092896], 48: [1.0200992822647095, -0.9417040944099426, 0.30000001192092896], 49: [1.0879309177398682, -0.9022802710533142, 0.30000001192092896], 50: [1.8585786819458008, -0.1414213478565216, 0.30000001192092896], 51: [2.0, 0.20000000298023224, 0.30000001192092896], 52: [1.81725013256073, 0.08125575631856918, 0.30000001192092896], 53: [1.902280330657959, -0.08793105185031891, 0.30000001192092896], 54: [1.9417040348052979, -0.020099371671676636, 0.30000001192092896], 55: [1.9729909896850586, 0.055433884263038635, 0.30000001192092896], 56: [1.993078351020813, 0.13127495348453522, 0.30000001192092896], 57: [2.0, 0.20000000298023224, -0.30000001192092896], 58: [1.8585786819458008, -0.1414213627576828, -0.30000001192092896], 59: [1.81725013256073, 0.08125575631856918, -0.30000001192092896], 60: [1.993078351020813, 0.13127495348453522, -0.30000001192092896], 61: [1.9729909896850586, 0.05543387681245804, -0.30000001192092896], 62: [1.9417040348052979, -0.020099379122257233, -0.30000001192092896], 63: [1.902280330657959, -0.0879310667514801, -0.30000001192092896], 64: [1.1414213180541992, -0.8585786819458008, -0.30000001192092896], 65: [0.800000011920929, -1.0, -0.30000001192092896], 66: [1.0879309177398682, -0.9022802710533142, -0.30000001192092896], 67: [1.0200992822647095, -0.9417040348052979, -0.30000001192092896], 68: [0.9445660710334778, -0.9729909300804138, -0.30000001192092896], 69: [0.8687250018119812, -0.993078351020813, -0.30000001192092896], 70: [-2.0, -0.699999988079071, -0.30000001192092896], 71: [-1.8585786819458008, -0.358578622341156, -0.30000001192092896], 72: [-1.993078351020813, -0.631274938583374, -0.30000001192092896], 73: [-1.9729909896850586, -0.5554338693618774, -0.30000001192092896], 74: [-1.9417040348052979, -0.479900598526001, -0.30000001192092896], 75: [-1.902280330657959, -0.4120689332485199, -0.30000001192092896], 76: [-0.641421377658844, 0.858578622341156, -0.30000001192092896], 77: [-0.30000001192092896, 1.0, -0.30000001192092896], 78: [-0.5879310369491577, 0.9022802710533142, -0.30000001192092896], 79: [-0.520099401473999, 0.9417040944099426, -0.30000001192092896], 80: [-0.44456613063812256, 0.9729909896850586, -0.30000001192092896], 81: [-0.368725061416626, 0.9930784106254578, -0.30000001192092896], 82: [-2.0, -0.800000011920929, 0.0], 83: [-1.7999999523162842, -1.0, 0.0], 84: [-1.9902112483978271, -0.8618033528327942, 0.0], 85: [-1.9618034362792969, -0.9175570011138916, 0.0], 86: [-1.9175570011138916, -0.9618033170700073, 0.0], 87: [-1.861803412437439, -0.9902112483978271, 0.0], 88: [-1.8585786819458008, -0.3585786521434784, 0.0], 89: [-2.0, -0.699999988079071, 0.0], 90: [-1.902280330657959, -0.4120689034461975, 0.0], 91: [-1.9417040348052979, -0.479900598526001, 0.0], 92: [-1.9729909896850586, -0.5554338693618774, 0.0], 93: [-1.993078351020813, -0.631274938583374, 0.0], 94: [-0.30000001192092896, 1.0, 0.0], 95: [-0.641421377658844, 0.858578622341156, 0.0], 96: [-0.368725061416626, 0.9930784106254578, 0.0], 97: [-0.44456613063812256, 0.9729909896850586, 0.0], 98: [-0.520099401473999, 0.9417040944099426, 0.0], 99: [-0.5879310369491577, 0.9022802710533142, 0.0], 100: [0.8840305805206299, 0.47230008244514465, -0.30000001192092896], 101: [0.9304481148719788, 0.4530734121799469, -0.25], 102: [0.9072393178939819, 0.46268677711486816, -0.2933012843132019], 103: [0.9242292642593384, 0.45564931631088257, -0.2750000059604645], 104: [0.9816307425498962, 0.6183691024780273, -0.30000001192092896], 105: [1.0171571969985962, 0.5828427076339722, -0.25], 106: [0.9993939399719238, 0.6006059646606445, -0.2933012843132019], 107: [1.0123975276947021, 0.5876023769378662, -0.2750000059604645], 108: [0.9674121141433716, 0.5222281217575073, -0.25], 109: [0.9256374835968018, 0.5501410365104675, -0.30000001192092896], 110: [0.9618154168128967, 0.5259677171707153, -0.2750000059604645], 111: [0.9465248584747314, 0.536184549331665, -0.2933012843132019], 112: [1.049858808517456, 0.6743624806404114, -0.30000001192092896], 113: [1.077771782875061, 0.6325879096984863, -0.25], 114: [1.0638153553009033, 0.6534751653671265, -0.2933012843132019], 115: [1.074032187461853, 0.6381845474243164, -0.2750000059604645], 116: [1.212161898612976, 0.7415906190872192, -0.30000001192092896], 117: [1.2219637632369995, 0.6923141479492188, -0.25], 118: [1.2170628309249878, 0.716952383518219, -0.2933012843132019], 119: [1.220650553703308, 0.698915958404541, -0.2750000059604645], 120: [1.127699851989746, 0.7159693837165833, -0.30000001192092896], 121: [1.1469265222549438, 0.6695518493652344, -0.25], 122: [1.1373132467269897, 0.6927605867385864, -0.2933012843132019], 123: [1.1443506479263306, 0.67577064037323, -0.2750000059604645], 124: [1.3878380060195923, 0.7415906190872192, -0.30000001192092896], 125: [1.3780361413955688, 0.6923141479492188, -0.25], 126: [1.3829370737075806, 0.716952383518219, -0.2933012843132019], 127: [1.3793493509292603, 0.698915958404541, -0.2750000059604645], 128: [1.2999999523162842, 0.7502419352531433, -0.30000001192092896], 129: [1.2999999523162842, 0.7000000476837158, -0.25], 130: [1.2999999523162842, 0.7251210808753967, -0.2933012843132019], 131: [1.2999999523162842, 0.7067312598228455, -0.2750000059604645], 132: [1.5501410961151123, 0.6743624806404114, -0.30000001192092896], 133: [1.5222281217575073, 0.6325879096984863, -0.25], 134: [1.536184549331665, 0.6534751653671265, -0.2933012843132019], 135: [1.5259677171707153, 0.6381845474243164, -0.2750000059604645], 136: [1.674362301826477, 0.5501412153244019, -0.30000001192092896], 137: [1.6325877904891968, 0.5222281217575073, -0.25], 138: [1.653475046157837, 0.5361846685409546, -0.2933012843132019], 139: [1.6381845474243164, 0.5259677767753601, -0.2750000059604645], 140: [1.6183691024780273, 0.6183691024780273, -0.30000001192092896], 141: [1.5828427076339722, 0.5828427076339722, -0.25], 142: [1.6006059646606445, 0.6006059646606445, -0.2933012843132019], 143: [1.5876023769378662, 0.5876023769378662, -0.2750000059604645], 144: [1.7000000476837158, 0.30000001192092896, -0.25], 145: [1.750241994857788, 0.30000001192092896, -0.30000001192092896], 146: [1.7067312002182007, 0.30000001192092896, -0.2750000059604645], 147: [1.725121021270752, 0.30000001192092896, -0.2933012843132019], 148: [1.741652011871338, 0.21278436481952667, -0.30000001192092896], 149: [1.6923141479492188, 0.22196388244628906, -0.25], 150: [1.7169830799102783, 0.21737411618232727, -0.2933012843132019], 151: [1.69892418384552, 0.22073405981063843, -0.2750000059604645], 152: [1.6923141479492188, 0.37803614139556885, -0.25], 153: [1.7415907382965088, 0.3878377676010132, -0.30000001192092896], 154: [1.698915958404541, 0.37934932112693787, -0.2750000059604645], 155: [1.7169524431228638, 0.382936954498291, -0.2933012843132019], 156: [1.715969443321228, 0.4722999036312103, -0.30000001192092896], 157: [1.6695518493652344, 0.4530734121799469, -0.25], 158: [1.692760705947876, 0.4626867175102234, -0.2933012843132019], 159: [1.6757707595825195, 0.45564931631088257, -0.2750000059604645], 160: [1.7154752016067505, 0.12650777399539948, -0.30000001192092896], 161: [1.6695518493652344, 0.146926611661911, -0.25], 162: [1.692513346672058, 0.13671725988388062, -0.2933012843132019], 163: [1.6757042407989502, 0.14419107139110565, -0.2750000059604645], 164: [1.4723000526428223, 0.7159693837165833, -0.30000001192092896], 165: [1.4530733823776245, 0.6695518493652344, -0.25], 166: [1.4626866579055786, 0.6927605867385864, -0.2933012843132019], 167: [1.4556492567062378, 0.67577064037323, -0.2750000059604645], 168: [0.8497580289840698, 0.30000001192092896, -0.30000001192092896], 169: [0.8999999165534973, 0.30000001192092896, -0.25], 170: [0.874879002571106, 0.30000001192092896, -0.2933012843132019], 171: [0.8932688236236572, 0.30000001192092896, -0.2750000059604645], 172: [0.9076858162879944, 0.22196388244628906, -0.25], 173: [0.8584093451499939, 0.21216197311878204, -0.30000001192092896], 174: [0.9010840058326721, 0.22065067291259766, -0.2750000059604645], 175: [0.8830475807189941, 0.21706292033195496, -0.2933012843132019], 176: [0.9076858162879944, 0.37803614139556885, -0.25], 177: [0.8584093451499939, 0.38783806562423706, -0.30000001192092896], 178: [0.9010840058326721, 0.37934935092926025, -0.2750000059604645], 179: [0.8830475807189941, 0.38293710350990295, -0.2933012843132019], 180: [1.077771782875061, -0.03258785605430603, -0.25], 181: [1.049858808517456, -0.07436246424913406, -0.30000001192092896], 182: [1.074032187461853, -0.03818453103303909, -0.2750000059604645], 183: [1.0638153553009033, -0.053475089371204376, -0.2933012843132019], 184: [0.9816308617591858, -0.018369171768426895, -0.30000001192092896], 185: [1.0171571969985962, 0.017157286405563354, -0.25], 186: [0.9993940591812134, -0.0006059071747586131, -0.2933012843132019], 187: [1.0123976469039917, 0.012397672049701214, -0.2750000059604645], 188: [0.925637423992157, 0.04985903203487396, -0.30000001192092896], 189: [0.9674121141433716, 0.07777188718318939, -0.25], 190: [0.9465247392654419, 0.06381542980670929, -0.2933012843132019], 191: [0.961815357208252, 0.0740322470664978, -0.2750000059604645], 192: [0.8840305805206299, 0.12769991159439087, -0.30000001192092896], 193: [0.9304481148719788, 0.146926611661911, -0.25], 194: [0.9072393178939819, 0.13731324672698975, -0.2933012843132019], 195: [0.9242292642593384, 0.14435070753097534, -0.2750000059604645], 196: [1.2121620178222656, -0.1415906697511673, -0.30000001192092896], 197: [1.2219637632369995, -0.09231412410736084, -0.25], 198: [1.2170629501342773, -0.11695237457752228, -0.2933012843132019], 199: [1.220650553703308, -0.09891590476036072, -0.2750000059604645], 200: [1.3878378868103027, -0.1415906697511673, -0.30000001192092896], 201: [1.3780361413955688, -0.09231412410736084, -0.25], 202: [1.382936954498291, -0.11695237457752228, -0.2933012843132019], 203: [1.3793493509292603, -0.09891590476036072, -0.2750000059604645], 204: [1.2999999523162842, -0.15024195611476898, -0.30000001192092896], 205: [1.2999999523162842, -0.10000002384185791, -0.25], 206: [1.2999999523162842, -0.12512101233005524, -0.2933012843132019], 207: [1.2999999523162842, -0.10673118382692337, -0.2750000059604645], 208: [1.5501410961151123, -0.07436246424913406, -0.30000001192092896], 209: [1.5222281217575073, -0.03258785605430603, -0.25], 210: [1.536184549331665, -0.053475089371204376, -0.2933012843132019], 211: [1.5259677171707153, -0.03818453103303909, -0.2750000059604645], 212: [1.6747570037841797, 0.05033975839614868, -0.30000001192092896], 213: [1.6325877904891968, 0.07777188718318939, -0.25], 214: [1.653672456741333, 0.06405577063560486, -0.2933012843132019], 215: [1.638237476348877, 0.07409664988517761, -0.2750000059604645], 216: [1.5828427076339722, 0.017157286405563354, -0.25], 217: [1.6183691024780273, -0.018369168043136597, -0.30000001192092896], 218: [1.5876023769378662, 0.012397593818604946, -0.2750000059604645], 219: [1.6006059646606445, -0.0006059766747057438, -0.2933012843132019], 220: [1.4723001718521118, -0.11596930027008057, -0.30000001192092896], 221: [1.4530733823776245, -0.06955182552337646, -0.25], 222: [1.4626867771148682, -0.09276054799556732, -0.2933012843132019], 223: [1.4556492567062378, -0.07577059417963028, -0.2750000059604645], 224: [1.1276997327804565, -0.11596930027008057, -0.30000001192092896], 225: [1.1469265222549438, -0.06955182552337646, -0.25], 226: [1.1373131275177002, -0.09276054799556732, -0.2933012843132019], 227: [1.1443506479263306, -0.07577059417963028, -0.2750000059604645], 228: [0.8829947710037231, 0.46979567408561707, 0.30000001192092896], 229: [0.9304481148719788, 0.4530734121799469, 0.25], 230: [0.9067214727401733, 0.4614345133304596, 0.2933012843132019], 231: [0.9240906238555908, 0.4553137421607971, 0.2750000059604645], 232: [0.9816307425498962, 0.6183691024780273, 0.30000001192092896], 233: [1.0171571969985962, 0.5828427076339722, 0.25], 234: [0.9993939399719238, 0.6006059646606445, 0.2933012843132019], 235: [1.0123975276947021, 0.5876023769378662, 0.2750000059604645], 236: [0.9674121141433716, 0.5222281217575073, 0.25], 237: [0.9264724254608154, 0.5511584281921387, 0.30000001192092896], 238: [0.9619271755218506, 0.5261040925979614, 0.2750000059604645], 239: [0.9469422698020935, 0.536693274974823, 0.2933012843132019], 240: [1.127699851989746, 0.7159693837165833, 0.30000001192092896], 241: [1.1469265222549438, 0.6695518493652344, 0.25], 242: [1.1373132467269897, 0.6927605867385864, 0.2933012843132019], 243: [1.1443506479263306, 0.67577064037323, 0.2750000059604645], 244: [1.3780361413955688, 0.6923141479492188, 0.25], 245: [1.3878380060195923, 0.7415906190872192, 0.30000001192092896], 246: [1.3793493509292603, 0.698915958404541, 0.2750000059604645], 247: [1.3829370737075806, 0.716952383518219, 0.2933012843132019], 248: [1.2999999523162842, 0.7502419352531433, 0.30000001192092896], 249: [1.2999999523162842, 0.7000000476837158, 0.25], 250: [1.2999999523162842, 0.7251210808753967, 0.2933012843132019], 251: [1.2999999523162842, 0.7067312598228455, 0.2750000059604645], 252: [1.212161898612976, 0.7415906190872192, 0.30000001192092896], 253: [1.2219637632369995, 0.6923141479492188, 0.25], 254: [1.2170628309249878, 0.716952383518219, 0.2933012843132019], 255: [1.220650553703308, 0.698915958404541, 0.2750000059604645], 256: [1.049858808517456, 0.6743624806404114, 0.30000001192092896], 257: [1.077771782875061, 0.6325879096984863, 0.25], 258: [1.0638153553009033, 0.6534751653671265, 0.2933012843132019], 259: [1.074032187461853, 0.6381845474243164, 0.2750000059604645], 260: [1.5501410961151123, 0.6743624806404114, 0.30000001192092896], 261: [1.5222281217575073, 0.6325879096984863, 0.25], 262: [1.536184549331665, 0.6534751653671265, 0.2933012843132019], 263: [1.5259677171707153, 0.6381845474243164, 0.2750000059604645], 264: [1.674362301826477, 0.5501412749290466, 0.30000001192092896], 265: [1.6325877904891968, 0.5222281217575073, 0.25], 266: [1.653475046157837, 0.5361846685409546, 0.2933012843132019], 267: [1.6381845474243164, 0.5259677767753601, 0.2750000059604645], 268: [1.6183691024780273, 0.6183691024780273, 0.30000001192092896], 269: [1.5828427076339722, 0.5828427076339722, 0.25], 270: [1.6006059646606445, 0.6006059646606445, 0.2933012843132019], 271: [1.5876023769378662, 0.5876023769378662, 0.2750000059604645], 272: [1.750241994857788, 0.30000001192092896, 0.30000001192092896], 273: [1.7000000476837158, 0.30000001192092896, 0.25], 274: [1.725121021270752, 0.30000001192092896, 0.2933012843132019], 275: [1.7067312002182007, 0.30000001192092896, 0.2750000059604645], 276: [1.741652011871338, 0.21278436481952667, 0.30000001192092896], 277: [1.6923141479492188, 0.22196388244628906, 0.25], 278: [1.7169830799102783, 0.21737411618232727, 0.2933012843132019], 279: [1.69892418384552, 0.22073405981063843, 0.2750000059604645], 280: [1.7415907382965088, 0.3878377676010132, 0.30000001192092896], 281: [1.6923141479492188, 0.37803614139556885, 0.25], 282: [1.7169524431228638, 0.382936954498291, 0.2933012843132019], 283: [1.698915958404541, 0.37934932112693787, 0.2750000059604645], 284: [1.715969443321228, 0.4722999036312103, 0.30000001192092896], 285: [1.6695518493652344, 0.4530734121799469, 0.25], 286: [1.692760705947876, 0.4626867175102234, 0.2933012843132019], 287: [1.6757707595825195, 0.45564931631088257, 0.2750000059604645], 288: [1.7154752016067505, 0.12650777399539948, 0.30000001192092896], 289: [1.6695518493652344, 0.146926611661911, 0.25], 290: [1.692513346672058, 0.13671725988388062, 0.2933012843132019], 291: [1.6757042407989502, 0.14419107139110565, 0.2750000059604645], 292: [1.4530733823776245, 0.6695518493652344, 0.25], 293: [1.4723000526428223, 0.7159693837165833, 0.30000001192092896], 294: [1.4556492567062378, 0.67577064037323, 0.2750000059604645], 295: [1.4626866579055786, 0.6927605867385864, 0.2933012843132019], 296: [0.9076858162879944, 0.22196388244628906, 0.25], 297: [0.8584093451499939, 0.21216197311878204, 0.30000001192092896], 298: [0.9010840058326721, 0.22065067291259766, 0.2750000059604645], 299: [0.8830475807189941, 0.21706292033195496, 0.2933012843132019], 300: [0.8497580289840698, 0.30000001192092896, 0.30000001192092896], 301: [0.8999999165534973, 0.30000001192092896, 0.25], 302: [0.874879002571106, 0.30000001192092896, 0.2933012843132019], 303: [0.8932688236236572, 0.30000001192092896, 0.2750000059604645], 304: [0.9816308617591858, -0.018369168043136597, 0.30000001192092896], 305: [1.0171571969985962, 0.017157286405563354, 0.25], 306: [0.9993940591812134, -0.0006059055449441075, 0.2933012843132019], 307: [1.0123976469039917, 0.012397672981023788, 0.2750000059604645], 308: [0.9674121141433716, 0.07777188718318939, 0.25], 309: [0.925637423992157, 0.04985903203487396, 0.30000001192092896], 310: [0.961815357208252, 0.0740322470664978, 0.2750000059604645], 311: [0.9465247392654419, 0.06381542980670929, 0.2933012843132019], 312: [0.8840305805206299, 0.12769991159439087, 0.30000001192092896], 313: [0.9304481148719788, 0.146926611661911, 0.25], 314: [0.9072393178939819, 0.13731324672698975, 0.2933012843132019], 315: [0.9242292642593384, 0.14435070753097534, 0.2750000059604645], 316: [0.9076858162879944, 0.37803614139556885, 0.25], 317: [0.858536958694458, 0.38913410902023315, 0.30000001192092896], 318: [0.9011010527610779, 0.37952300906181335, 0.2750000059604645], 319: [0.8831113576889038, 0.3835851550102234, 0.2933012843132019], 320: [1.1276997327804565, -0.11596930027008057, 0.30000001192092896], 321: [1.1469265222549438, -0.06955182552337646, 0.25], 322: [1.1373131275177002, -0.09276054799556732, 0.2933012843132019], 323: [1.1443506479263306, -0.07577059417963028, 0.2750000059604645], 324: [1.3878378868103027, -0.1415906697511673, 0.30000001192092896], 325: [1.3780361413955688, -0.09231412410736084, 0.25], 326: [1.382936954498291, -0.11695237457752228, 0.2933012843132019], 327: [1.3793493509292603, -0.09891590476036072, 0.2750000059604645], 328: [1.2999999523162842, -0.15024195611476898, 0.30000001192092896], 329: [1.2999999523162842, -0.10000002384185791, 0.25], 330: [1.2999999523162842, -0.12512101233005524, 0.2933012843132019], 331: [1.2999999523162842, -0.10673118382692337, 0.2750000059604645], 332: [1.2121620178222656, -0.1415906697511673, 0.30000001192092896], 333: [1.2219637632369995, -0.09231412410736084, 0.25], 334: [1.2170629501342773, -0.11695237457752228, 0.2933012843132019], 335: [1.220650553703308, -0.09891590476036072, 0.2750000059604645], 336: [1.5501410961151123, -0.07436246424913406, 0.30000001192092896], 337: [1.5222281217575073, -0.03258785605430603, 0.25], 338: [1.536184549331665, -0.053475089371204376, 0.2933012843132019], 339: [1.5259677171707153, -0.03818453103303909, 0.2750000059604645], 340: [1.6325877904891968, 0.07777188718318939, 0.25], 341: [1.6747570037841797, 0.05033976212143898, 0.30000001192092896], 342: [1.638237476348877, 0.07409664988517761, 0.2750000059604645], 343: [1.653672456741333, 0.06405577063560486, 0.2933012843132019], 344: [1.4530733823776245, -0.06955182552337646, 0.25], 345: [1.4723001718521118, -0.11596930027008057, 0.30000001192092896], 346: [1.4556492567062378, -0.07577059417963028, 0.2750000059604645], 347: [1.4626867771148682, -0.09276054799556732, 0.2933012843132019], 348: [1.6183691024780273, -0.018369171768426895, 0.30000001192092896], 349: [1.5828427076339722, 0.017157286405563354, 0.25], 350: [1.6006059646606445, -0.0006059768493287265, 0.2933012843132019], 351: [1.5876023769378662, 0.01239759474992752, 0.2750000059604645], 352: [1.049858808517456, -0.07436246424913406, 0.30000001192092896], 353: [1.077771782875061, -0.03258785605430603, 0.25], 354: [1.0638153553009033, -0.053475089371204376, 0.2933012843132019], 355: [1.074032187461853, -0.03818453475832939, 0.2750000059604645]}, 'faces': {0: [-2.0, -0.75, -0.15000000596046448], 1: [0.9922846555709839, 0.5525354146957397, 0.0], 2: [-1.25, 0.25, -0.15000000596046448], 3: [1.6961569786071777, 0.260981947183609, 0.0], 4: [0.03571426868438721, -1.0, 0.08571429550647736], 5: [1.1403025388717651, -0.19376829266548157, 0.3000001013278961], 6: [-1.2981375455856323, -0.15000000596046448, 0.0], 7: [1.5, -0.5, 0.0], 8: [0.392857164144516, 1.0, 0.08571429550647736], 9: [1.4155547618865967, 0.6809329986572266, 0.0], 10: [1.487650752067566, 0.6510698795318604, 0.0], 11: [1.5525354146957397, 0.6077153086662292, 0.0], 12: [1.6510698795318604, 0.4876507520675659, 0.0], 13: [1.784862756729126, 0.4188886284828186, -0.29999998211860657], 14: [1.6077152490615845, 0.5525354146957397, 0.0], 15: [1.6510698795318604, 0.1123492494225502, 0.0], 16: [1.6809329986572266, 0.18444524705410004, 0.0], 17: [1.6961570978164673, 0.3390180766582489, 0.0], 18: [1.6809329986572266, 0.4155547618865967, 0.0], 19: [0.9038428664207458, 0.260981947183609, 0.0], 20: [1.4850883483886719, 0.6206058859825134, 0.3000001013278961], 21: [1.487650752067566, -0.05106984078884125, 0.0], 22: [1.6077152490615845, 0.04746458679437637, 0.0], 23: [1.3390181064605713, -0.09615707397460938, 0.0], 24: [1.5525354146957397, -0.007715284824371338, 0.0], 25: [1.1844451427459717, -0.08093297481536865, 0.0], 26: [1.4155547618865967, -0.08093297481536865, 0.0], 27: [0.9922846555709839, 0.04746458679437637, 0.0], 28: [1.1123491525650024, -0.05106984078884125, 0.0], 29: [0.9489300847053528, 0.1123492494225502, 0.0], 30: [1.260981798171997, -0.09615707397460938, 0.0], 31: [1.0474644899368286, -0.007715284824371338, 0.0], 32: [0.9038428664207458, 0.3390180766582489, 0.0], 33: [0.9190669655799866, 0.18444524705410004, 0.0], 34: [0.9489301443099976, 0.4876507818698883, 0.0], 35: [0.36564624309539795, 0.014665955677628517, -0.3000001013278961], 36: [1.0474644899368286, 0.6077153086662292, 0.0], 37: [1.1123491525650024, 0.6510698795318604, 0.0], 38: [1.1844451427459717, 0.6809329986572266, 0.0], 39: [1.260981798171997, 0.6961570978164673, 0.0], 40: [1.3390179872512817, 0.6961570978164673, 0.0], 41: [0.43908727169036865, 0.8128758668899536, 0.29865437746047974], 42: [0.4162319302558899, 0.8159906268119812, 0.29347673058509827], 43: [0.3931349217891693, 0.818374514579773, 0.2839096188545227], 44: [0.3733126223087311, 0.819664716720581, 0.27140963077545166], 45: [0.3733125925064087, -0.18033531308174133, 0.27140963077545166], 46: [0.3931349515914917, -0.18162548542022705, 0.2839096486568451], 47: [0.4162319302558899, -0.1840094029903412, 0.2934767007827759], 48: [0.43908727169036865, -0.18712414801120758, 0.29865437746047974], 49: [0.12668734788894653, 0.0, 0.02859039045870304], 50: [0.10686501860618591, 0.0, 0.01609038934111595], 51: [0.08376802504062653, 0.0, 0.006523302756249905], 52: [0.06091267988085747, 0.0, 0.0013456325978040695], 53: [0.272928923368454, 0.12800000607967377, 0.17292894423007965], 54: [1.8401273488998413, 0.949596643447876, -0.30000001192092896], 55: [1.8793129920959473, 0.9368643760681152, -0.30000001192092896], 56: [1.9126462936401367, 0.9126462936401367, -0.30000001192092896], 57: [1.9368646144866943, 0.8793129920959473, -0.30000001192092896], 58: [1.9495967626571655, 0.8401273488998413, -0.30000001192092896], 59: [1.8593697547912598, -0.04936555027961731, 0.30000001192092896], 60: [1.8870781660079956, -0.008924889378249645, 0.30000001192092896], 61: [1.9106483459472656, 0.038863424211740494, 0.30000001192092896], 62: [1.9277732372283936, 0.08932153880596161, 0.30000001192092896], 63: [1.9367761611938477, 0.1375102400779724, 0.30000001192092896], 64: [1.9367761611938477, 0.1375102400779724, -0.30000001192092896], 65: [1.9277732372283936, 0.08932153880596161, -0.30000001192092896], 66: [1.9106483459472656, 0.038863420486450195, -0.30000001192092896], 67: [1.8870781660079956, -0.008924896828830242, -0.30000001192092896], 68: [1.8593697547912598, -0.049365561455488205, -0.30000001192092896], 69: [1.9951057434082031, 0.8309016823768616, 0.0], 70: [1.976007342338562, 0.8896802067756653, 0.0], 71: [1.9396800994873047, 0.9396802186965942, 0.0], 72: [1.88968026638031, 0.9760072827339172, 0.0], 73: [1.8309016227722168, 0.9951056241989136, 0.0], 74: [0.8343625068664551, -0.9965391755104065, 0.0], 75: [0.9066455364227295, -0.9830346703529358, 0.0], 76: [0.982332706451416, -0.9573475122451782, 0.0], 77: [1.0540151596069336, -0.9219921827316284, 0.0], 78: [1.1146761178970337, -0.8804295063018799, 0.0], 79: [1.8804295063018799, -0.11467620730400085, 0.0], 80: [1.9219920635223389, -0.05401521921157837, 0.0], 81: [1.9573475122451782, 0.0176672525703907, 0.0], 82: [1.983034610748291, 0.09335441887378693, 0.0], 83: [1.9965391159057617, 0.16563747823238373, 0.0], 84: [-1.9965391159057617, -0.6656374335289001, -0.15000000596046448], 85: [-1.983034610748291, -0.5933544039726257, -0.15000000596046448], 86: [-1.9573473930358887, -0.5176672339439392, -0.15000000596046448], 87: [-1.9219921827316284, -0.44598475098609924, -0.15000000596046448], 88: [-1.8804295063018799, -0.38532376289367676, -0.15000000596046448], 89: [-0.6146762371063232, 0.8804294466972351, -0.15000000596046448], 90: [-0.5540152192115784, 0.9219921827316284, -0.15000000596046448], 91: [-0.4823327660560608, 0.9573475122451782, -0.15000000596046448], 92: [-0.40664559602737427, 0.9830347299575806, -0.15000000596046448], 93: [-0.3343625068664551, 0.9965392351150513, -0.15000000596046448], 94: [-1.8309017419815063, -0.9951056241989136, -0.15000000596046448], 95: [-1.8896801471710205, -0.976007342338562, -0.15000000596046448], 96: [-1.9396802186965942, -0.9396801590919495, -0.15000000596046448], 97: [-1.9760074615478516, -0.8896801471710205, -0.15000000596046448], 98: [-1.9951056241989136, -0.8309016823768616, -0.15000000596046448], 99: [2.0, 0.5, 0.0], 100: [0.8831816911697388, 0.1735595166683197, 0.29665064811706543], 101: [0.9039000272750854, 0.17984437942504883, 0.284150630235672], 102: [0.9158617854118347, 0.18347296118736267, 0.26249998807907104], 103: [1.6841418743133545, 0.5053281784057617, -0.29665064811706543], 104: [1.6650477647781372, 0.49512213468551636, -0.284150630235672], 105: [1.6540237665176392, 0.48922964930534363, -0.26249998807907104], 106: [0.9896955490112305, 0.5546602010726929, -0.26249998807907104], 107: [0.9800329208374023, 0.5625901222229004, -0.2841506600379944], 108: [0.9632967710494995, 0.5763251781463623, -0.29665064811706543], 109: [1.023674726486206, 0.6367031335830688, -0.29665064811706543], 110: [1.037409782409668, 0.619966983795166, -0.284150630235672], 111: [1.045339584350586, 0.6103043556213379, -0.26249998807907104], 112: [1.1834728717803955, 0.6841381788253784, -0.26249998807907104], 113: [1.1798443794250488, 0.6960998773574829, -0.2841506600379944], 114: [1.1735594272613525, 0.7168182134628296, -0.29665064811706543], 115: [1.3393464088439941, 0.6994903683662415, -0.26249998807907104], 116: [1.340571641921997, 0.7119301557540894, -0.2841506600379944], 117: [1.34269380569458, 0.7334765195846558, -0.29665064811706543], 118: [1.733499526977539, 0.25753962993621826, -0.29665064811706543], 119: [1.7119399309158325, 0.2595270574092865, -0.284150630235672], 120: [1.6994924545288086, 0.26067447662353516, -0.26249998807907104], 121: [1.6994904279708862, 0.33934634923934937, -0.26249998807907104], 122: [1.7119301557540894, 0.3405715823173523, -0.2841506600379944], 123: [1.7334766387939453, 0.3426936864852905, -0.29665064811706543], 124: [1.6841381788253784, 0.41652706265449524, -0.26249998807907104], 125: [1.6960999965667725, 0.4201555848121643, -0.2841506600379944], 126: [1.7168183326721191, 0.4264403283596039, -0.29665064811706543], 127: [1.4892295598983765, 0.6540237665176392, -0.26249998807907104], 128: [1.495121955871582, 0.6650477647781372, -0.2841506600379944], 129: [1.5053281784057617, 0.6841418743133545, -0.29665064811706543], 130: [0.9005096554756165, 0.26065364480018616, -0.26249998807907104], 131: [0.8880698680877686, 0.25942838191986084, -0.2841506600379944], 132: [0.8665235042572021, 0.25730621814727783, -0.29665064811706543], 133: [0.9158618450164795, 0.41652703285217285, -0.26249998807907104], 134: [0.9039000272750854, 0.4201556444168091, -0.2841506600379944], 135: [0.8831816911697388, 0.4264404773712158, -0.29665064811706543], 136: [1.023674726486206, -0.03670315816998482, -0.29665064811706543], 137: [1.0374099016189575, -0.019966963678598404, -0.284150630235672], 138: [1.0453397035598755, -0.010304356925189495, -0.26249998807907104], 139: [0.9632967710494995, 0.023674847558140755, -0.29665064811706543], 140: [0.9800329208374023, 0.037409864366054535, -0.284150630235672], 141: [0.9896955490112305, 0.04533977061510086, -0.26249998807907104], 142: [0.9158617854118347, 0.18347296118736267, -0.26249998807907104], 143: [0.9039000272750854, 0.17984437942504883, -0.2841506600379944], 144: [0.8831816911697388, 0.1735595166683197, -0.29665064811706543], 145: [1.716655969619751, 0.1733458787202835, -0.29665064811706543], 146: [1.696031093597412, 0.1797541230916977, -0.284150630235672], 147: [1.6841236352920532, 0.18345391750335693, -0.26249998807907104], 148: [1.2606534957885742, -0.09949030727148056, -0.26249998807907104], 149: [1.2594282627105713, -0.11193011701107025, -0.2841506600379944], 150: [1.2573062181472778, -0.13347649574279785, -0.29665064811706543], 151: [1.6841044425964355, 0.0944051444530487, -0.29665064811706543], 152: [1.665031909942627, 0.10476519167423248, -0.284150630235672], 153: [1.6540203094482422, 0.11074655503034592, -0.26249998807907104], 154: [1.5546602010726929, -0.010304376482963562, -0.26249998807907104], 155: [1.5625901222229004, -0.01996700093150139, -0.2841506600379944], 156: [1.5763251781463623, -0.03670317679643631, -0.29665064811706543], 157: [1.4165270328521729, -0.08413811028003693, -0.26249998807907104], 158: [1.420155644416809, -0.096099853515625, -0.2841506600379944], 159: [1.4264404773712158, -0.11681821942329407, -0.29665064811706543], 160: [1.110770344734192, -0.05402369797229767, -0.26249998807907104], 161: [1.1048778295516968, -0.06504768878221512, -0.2841506600379944], 162: [1.0946717262268066, -0.08414185047149658, -0.29665064811706543], 163: [0.9459695219993591, 0.4891798496246338, 0.26249998807907104], 164: [0.9349204301834106, 0.4948863983154297, 0.2841506600379944], 165: [0.9157826900482178, 0.5047704577445984, 0.29665064811706543], 166: [1.34269380569458, 0.733476459980011, 0.29665064811706543], 167: [1.340571641921997, 0.7119301557540894, 0.284150630235672], 168: [1.3393464088439941, 0.6994903683662415, 0.26249998807907104], 169: [1.045339584350586, 0.6103043556213379, 0.26249998807907104], 170: [1.037409782409668, 0.619966983795166, 0.2841506600379944], 171: [1.023674726486206, 0.6367031931877136, 0.29665064811706543], 172: [1.5546602010726929, 0.6103043556213379, 0.26249998807907104], 173: [1.5625901222229004, 0.619966983795166, 0.2841506600379944], 174: [1.5763251781463623, 0.6367031931877136, 0.29665064811706543], 175: [1.6994924545288086, 0.26067447662353516, 0.26249998807907104], 176: [1.7119399309158325, 0.2595270276069641, 0.2841506600379944], 177: [1.733499526977539, 0.25753962993621826, 0.29665064811706543], 178: [1.7334765195846558, 0.3426936864852905, 0.29665064811706543], 179: [1.7119301557540894, 0.3405715823173523, 0.284150630235672], 180: [1.6994903087615967, 0.33934634923934937, 0.26249998807907104], 181: [1.6540237665176392, 0.489229679107666, 0.26249998807907104], 182: [1.6650476455688477, 0.49512210488319397, 0.2841506600379944], 183: [1.6841418743133545, 0.5053281188011169, 0.29665064811706543], 184: [1.4165270328521729, 0.6841381788253784, 0.26249998807907104], 185: [1.4201555252075195, 0.6960998773574829, 0.2841506600379944], 186: [1.4264403581619263, 0.7168182134628296, 0.29665064811706543], 187: [0.9005138874053955, 0.3393898010253906, 0.26249998807907104], 188: [0.8880900144577026, 0.34077703952789307, 0.2841506600379944], 189: [0.866571307182312, 0.3431798219680786, 0.29665064811706543], 190: [0.9005095958709717, 0.26065364480018616, 0.26249998807907104], 191: [0.8880698680877686, 0.2594284117221832, 0.2841506600379944], 192: [0.8665235042572021, 0.25730621814727783, 0.29665064811706543], 193: [0.9896955490112305, 0.04533977434039116, 0.26249998807907104], 194: [0.9800329208374023, 0.037409860640764236, 0.2841506600379944], 195: [0.9632967710494995, 0.023674847558140755, 0.29665064811706543], 196: [0.9459762573242188, 0.11077035963535309, 0.26249998807907104], 197: [0.9349521398544312, 0.10487790405750275, 0.2841506600379944], 198: [0.9158580303192139, 0.09467190504074097, 0.29665064811706543], 199: [0.8828411102294922, 0.4259873330593109, 0.29665064811706543], 200: [0.9037561416625977, 0.41996413469314575, 0.284150630235672], 201: [0.9158313870429993, 0.41648656129837036, 0.26249998807907104], 202: [0.9636098742485046, 0.5767067074775696, 0.29665064811706543], 203: [0.9801652431488037, 0.5627514123916626, 0.284150630235672], 204: [0.9897234439849854, 0.5546942949295044, 0.26249998807907104], 205: [1.3393464088439941, -0.09949030727148056, 0.26249998807907104], 206: [1.340571641921997, -0.11193011701107025, 0.2841506600379944], 207: [1.3426936864852905, -0.13347649574279785, 0.29665064811706543], 208: [1.6540203094482422, 0.11074656248092651, 0.26249998807907104], 209: [1.665031909942627, 0.10476519167423248, 0.2841506600379944], 210: [1.6841044425964355, 0.0944051444530487, 0.29665064811706543], 211: [1.4892295598983765, -0.05402369797229767, 0.26249998807907104], 212: [1.495121955871582, -0.06504768878221512, 0.2841506600379944], 213: [1.5053281784057617, -0.08414185047149658, 0.29665064811706543], 214: [1.610317587852478, 0.04535585641860962, 0.26249998807907104], 215: [1.6200294494628906, 0.037486009299755096, 0.2841506600379944], 216: [1.6368510723114014, 0.023855095729231834, 0.29665064811706543], 217: [1.1107702255249023, -0.054023705422878265, 0.26249998807907104], 218: [1.1048778295516968, -0.06504769623279572, 0.2841506600379944], 219: [1.0946717262268066, -0.08414185047149658, 0.29665064811706543], 220: [0.8665235042572021, 0.3426938056945801, -0.29665064811706543], 221: [0.8880698680877686, 0.34057164192199707, -0.284150630235672], 222: [0.9005095958709717, 0.33934634923934937, -0.26249998807907104], 223: [1.1834728717803955, 0.6841381788253784, 0.26249998807907104], 224: [1.1798443794250488, 0.6960998773574829, 0.2841506600379944], 225: [1.1735594272613525, 0.7168182730674744, 0.29665064811706543], 226: [1.0946718454360962, 0.6841418743133545, 0.29665064811706543], 227: [1.1048778295516968, 0.6650477647781372, 0.284150630235672], 228: [1.1107702255249023, 0.6540237665176392, 0.26249998807907104], 229: [1.023674726486206, -0.03670315816998482, 0.29665064811706543], 230: [1.0374099016189575, -0.019966963678598404, 0.284150630235672], 231: [1.0453397035598755, -0.01030435785651207, 0.26249998807907104], 232: [1.2573060989379883, 0.733476459980011, 0.29665064811706543], 233: [1.2594282627105713, 0.7119301557540894, 0.284150630235672], 234: [1.2606534957885742, 0.6994903683662415, 0.26249998807907104], 235: [1.1735594272613525, -0.11681821942329407, 0.29665064811706543], 236: [1.1798442602157593, -0.096099853515625, 0.284150630235672], 237: [1.1834728717803955, -0.08413811028003693, 0.26249998807907104], 238: [0.9158580303192139, 0.5053281188011169, -0.29665064811706543], 239: [0.9349522590637207, 0.4951220750808716, -0.284150630235672], 240: [0.9459762573242188, 0.48922964930534363, -0.26249998807907104], 241: [1.5053281784057617, 0.6841418743133545, 0.29665064811706543], 242: [1.4951220750808716, 0.6650477647781372, 0.284150630235672], 243: [1.489229679107666, 0.6540237665176392, 0.26249998807907104], 244: [1.2606534957885742, -0.09949030727148056, 0.26249998807907104], 245: [1.2594282627105713, -0.11193011701107025, 0.2841506600379944], 246: [1.2573062181472778, -0.13347651064395905, 0.29665064811706543], 247: [1.4264403581619263, -0.11681821942329407, 0.29665064811706543], 248: [1.4201555252075195, -0.096099853515625, 0.284150630235672], 249: [1.4165270328521729, -0.08413811028003693, 0.26249998807907104], 250: [1.6368510723114014, 0.023855095729231834, -0.29665064811706543], 251: [1.6200295686721802, 0.037486009299755096, -0.284150630235672], 252: [1.610317587852478, 0.04535585641860962, -0.26249998807907104], 253: [0.9158580303192139, 0.09467190504074097, -0.29665064811706543], 254: [0.9349521398544312, 0.10487790405750275, -0.284150630235672], 255: [0.9459762573242188, 0.11077035963535309, -0.26249998807907104], 256: [1.0946717262268066, 0.6841418743133545, -0.29665064811706543], 257: [1.1048778295516968, 0.6650477647781372, -0.284150630235672], 258: [1.1107702255249023, 0.6540237665176392, -0.26249998807907104], 259: [1.6367030143737793, 0.5763252973556519, 0.29665064811706543], 260: [1.619966983795166, 0.5625901818275452, 0.284150630235672], 261: [1.610304355621338, 0.5546602606773376, 0.26249998807907104], 262: [1.5763251781463623, -0.03670317679643631, 0.29665064811706543], 263: [1.5625901222229004, -0.01996700093150139, 0.284150630235672], 264: [1.5546603202819824, -0.010304376482963562, 0.26249998807907104], 265: [1.2573060989379883, 0.733476459980011, -0.29665064811706543], 266: [1.2594282627105713, 0.7119301557540894, -0.284150630235672], 267: [1.2606534957885742, 0.6994903683662415, -0.26249998807907104], 268: [1.3426936864852905, -0.13347649574279785, -0.29665064811706543], 269: [1.3405715227127075, -0.11193011701107025, -0.284150630235672], 270: [1.3393464088439941, -0.09949030727148056, -0.26249998807907104], 271: [1.1735594272613525, -0.11681821942329407, -0.29665064811706543], 272: [1.1798443794250488, -0.096099853515625, -0.284150630235672], 273: [1.1834728717803955, -0.08413811028003693, -0.26249998807907104], 274: [1.6841235160827637, 0.18345390260219574, 0.26249998807907104], 275: [1.6960313320159912, 0.1797541379928589, 0.2841506600379944], 276: [1.7166558504104614, 0.1733458787202835, 0.29665064811706543], 277: [1.7168183326721191, 0.42644035816192627, 0.29665064811706543], 278: [1.6960999965667725, 0.4201555848121643, 0.284150630235672], 279: [1.6841381788253784, 0.41652703285217285, 0.26249998807907104], 280: [1.5053281784057617, -0.08414185047149658, -0.29665064811706543], 281: [1.4951220750808716, -0.06504768878221512, -0.284150630235672], 282: [1.489229679107666, -0.05402370169758797, -0.26249998807907104], 283: [1.5763251781463623, 0.6367031335830688, -0.29665064811706543], 284: [1.5625901222229004, 0.619966983795166, -0.284150630235672], 285: [1.5546603202819824, 0.6103043556213379, -0.26249998807907104], 286: [1.610304355621338, 0.5546602606773376, -0.26249998807907104], 287: [1.619966983795166, 0.5625902414321899, -0.2841506600379944], 288: [1.6367030143737793, 0.5763252377510071, -0.29665064811706543], 289: [1.4264403581619263, 0.7168182134628296, -0.29665064811706543], 290: [1.4201555252075195, 0.6960998773574829, -0.284150630235672], 291: [1.4165270328521729, 0.6841381788253784, -0.26249998807907104], 292: [0.9190669655799866, 0.4155547618865967, 0.0]}, 'editMode': True}, 'Cube', {'tolerance': 10}]
['Toggle Edit Mode', {'editMode': False}, 'Cube', {'tolerance': 10}]
['Shade Smooth', {'editMode': False}, 'Cube', {'tolerance': 10}]
[' bpy context space_data', {'context': "'DATA'", 'editMode': False}, 'Cube', {'tolerance': 10}]
[' bpy context object data', {'use_auto_smooth': 'True', 'editMode': False}, 'Cube', {'tolerance': 10}]
[' bpy context object data', {'auto_smooth_angle': '0.610865', 'editMode': False}, 'Cube', {'tolerance': 10}]
