['Delete', {'use_global': False, 'confirm': False, 'editMode': False}, None, {'tolerance': 10}]
['Add Plane', {'size': 2, 'enter_editmode': False, 'editMode': False}, 'Plane', {'tolerance': 10}]
['Add Plane', {'action': 'DESELECT', 'editMode': False}, 'Plane', {'tolerance': 10}]
['Toggle Edit Mode', {'vertices': {0: [-1.0, -1.0, 0.0], 1: [1.0, -1.0, 0.0], 2: [-1.0, 1.0, 0.0], 3: [1.0, 1.0, 0.0]}, 'faces': {0: [0.0, 0.0, 0.0]}, 'editMode': True}, 'Plane', {'tolerance': 10}]
['Extrude Region and Move', {'use_normal_flip': False, 'use_dissolve_ortho_edges': False, 'value': (0, 0, 0.4), 'orient_axis_ortho': 'X', 'newVertices': [4, 5, 6, 7], 'newFaces': [1, 2, 3, 4, 5], 'vertices': {0: [-1.0, -1.0, 0.0], 1: [1.0, -1.0, 0.0], 2: [-1.0, 1.0, 0.0], 3: [1.0, 1.0, 0.0], 4: [-1.0, -1.0, 0.4000000059604645], 5: [1.0, -1.0, 0.4000000059604645], 6: [-1.0, 1.0, 0.4000000059604645], 7: [1.0, 1.0, 0.4000000059604645]}, 'faces': {0: [0.0, 0.0, 0.0], 1: [0.0, 0.0, 0.4000000059604645], 2: [0.0, 1.0, 0.20000000298023224], 3: [0.0, -1.0, 0.20000000298023224], 4: [1.0, 0.0, 0.20000000298023224], 5: [-1.0, 0.0, 0.20000000298023224]}, 'editMode': True}, 'Plane', {'tolerance': 10}]
['Extrude Region and Move', {'use_normal_flip': False, 'use_dissolve_ortho_edges': False, 'value': (0, 0, 0.1), 'orient_axis_ortho': 'X', 'newVertices': [8, 9, 10, 11], 'newFaces': [6, 7, 8, 9], 'vertices': {0: [-1.0, -1.0, 0.0], 1: [1.0, -1.0, 0.0], 2: [-1.0, 1.0, 0.0], 3: [1.0, 1.0, 0.0], 4: [-1.0, -1.0, 0.4000000059604645], 5: [1.0, -1.0, 0.4000000059604645], 6: [-1.0, 1.0, 0.4000000059604645], 7: [1.0, 1.0, 0.4000000059604645], 8: [-1.0, -1.0, 0.5], 9: [1.0, -1.0, 0.5], 10: [-1.0, 1.0, 0.5], 11: [1.0, 1.0, 0.5]}, 'faces': {0: [0.0, 0.0, 0.0], 1: [1.0, 0.0, 0.44999998807907104], 2: [0.0, 1.0, 0.20000000298023224], 3: [0.0, -1.0, 0.20000000298023224], 4: [1.0, 0.0, 0.20000000298023224], 5: [-1.0, 0.0, 0.20000000298023224], 6: [0.0, 0.0, 0.5], 7: [-1.0, 0.0, 0.44999998807907104], 8: [0.0, 1.0, 0.44999998807907104], 9: [0.0, -1.0, 0.44999998807907104]}, 'editMode': True}, 'Plane', {'tolerance': 10}]
['Select Mode', {'use_extend': False, 'use_expand': False, 'vertices': {0: [-1.0, -1.0, 0.0], 1: [1.0, -1.0, 0.0], 2: [-1.0, 1.0, 0.0], 3: [1.0, 1.0, 0.0], 4: [-1.0, -1.0, 0.4000000059604645], 5: [1.0, -1.0, 0.4000000059604645], 6: [-1.0, 1.0, 0.4000000059604645], 7: [1.0, 1.0, 0.4000000059604645], 8: [-1.0, -1.0, 0.5], 9: [1.0, -1.0, 0.5], 10: [-1.0, 1.0, 0.5], 11: [1.0, 1.0, 0.5]}, 'faces': {0: [0.0, 0.0, 0.0], 1: [1.0, 0.0, 0.44999998807907104], 2: [0.0, 1.0, 0.20000000298023224], 3: [0.0, -1.0, 0.20000000298023224], 4: [1.0, 0.0, 0.20000000298023224], 5: [-1.0, 0.0, 0.20000000298023224], 6: [0.0, 0.0, 0.5], 7: [-1.0, 0.0, 0.44999998807907104], 8: [0.0, 1.0, 0.44999998807907104], 9: [0.0, -1.0, 0.44999998807907104]}, 'editMode': True}, 'Plane', {'tolerance': 10}]
['Extrude Region and Shrink/Fatten', {'use_normal_flip': False, 'use_dissolve_ortho_edges': False, 'value': 0.1, 'use_even_offset': False, 'newVertices': [12, 13, 14, 15, 16, 17, 18, 19], 'newFaces': [10, 11, 12, 13, 14, 15, 16, 17], 'vertices': {0: [-1.0, -1.0, 0.0], 1: [1.0, -1.0, 0.0], 2: [-1.0, 1.0, 0.0], 3: [1.0, 1.0, 0.0], 4: [-1.0, -1.0, 0.4000000059604645], 5: [1.0, -1.0, 0.4000000059604645], 6: [-1.0, 1.0, 0.4000000059604645], 7: [1.0, 1.0, 0.4000000059604645], 8: [-1.0, -1.0, 0.5], 9: [1.0, -1.0, 0.5], 10: [-1.0, 1.0, 0.5], 11: [1.0, 1.0, 0.5], 12: [-1.0707106590270996, 1.0707106590270996, 0.4000000059604645], 13: [-1.0707106590270996, -1.0707106590270996, 0.4000000059604645], 14: [1.0707106590270996, -1.0707106590270996, 0.4000000059604645], 15: [1.0707106590270996, 1.0707106590270996, 0.4000000059604645], 16: [-1.0707106590270996, 1.0707106590270996, 0.5], 17: [-1.0707106590270996, -1.0707106590270996, 0.5], 18: [1.0707106590270996, -1.0707106590270996, 0.5], 19: [1.0707106590270996, 1.0707106590270996, 0.5]}, 'faces': {0: [0.0, 0.0, 0.0], 1: [0.0, 1.0353553295135498, 0.5], 2: [0.0, 1.0, 0.20000000298023224], 3: [0.0, -1.0, 0.20000000298023224], 4: [1.0, 0.0, 0.20000000298023224], 5: [-1.0, 0.0, 0.20000000298023224], 6: [0.0, 0.0, 0.5], 7: [1.0353553295135498, 0.0, 0.4000000059604645], 8: [-1.0353553295135498, 0.0, 0.5], 9: [1.0353553295135498, 0.0, 0.5], 10: [1.0707106590270996, 0.0, 0.44999998807907104], 11: [-1.0707106590270996, 0.0, 0.44999998807907104], 12: [0.0, 1.0707106590270996, 0.44999998807907104], 13: [0.0, -1.0707106590270996, 0.44999998807907104], 14: [-1.0353553295135498, 0.0, 0.4000000059604645], 15: [0.0, -1.0353553295135498, 0.5], 16: [0.0, 1.0353553295135498, 0.4000000059604645], 17: [0.0, -1.0353553295135498, 0.4000000059604645]}, 'editMode': True}, 'Plane', {'tolerance': 10}]
['Snap Cursor to Selected', {'vertices': {0: [-1.0, -1.0, 0.0], 1: [1.0, -1.0, 0.0], 2: [-1.0, 1.0, 0.0], 3: [1.0, 1.0, 0.0], 4: [-1.0, -1.0, 0.4000000059604645], 5: [1.0, -1.0, 0.4000000059604645], 6: [-1.0, 1.0, 0.4000000059604645], 7: [1.0, 1.0, 0.4000000059604645], 8: [-1.0, -1.0, 0.5], 9: [1.0, -1.0, 0.5], 10: [-1.0, 1.0, 0.5], 11: [1.0, 1.0, 0.5], 12: [-1.0707106590270996, 1.0707106590270996, 0.4000000059604645], 13: [-1.0707106590270996, -1.0707106590270996, 0.4000000059604645], 14: [1.0707106590270996, -1.0707106590270996, 0.4000000059604645], 15: [1.0707106590270996, 1.0707106590270996, 0.4000000059604645], 16: [-1.0707106590270996, 1.0707106590270996, 0.5], 17: [-1.0707106590270996, -1.0707106590270996, 0.5], 18: [1.0707106590270996, -1.0707106590270996, 0.5], 19: [1.0707106590270996, 1.0707106590270996, 0.5]}, 'faces': {0: [0.0, 0.0, 0.0], 1: [0.0, 1.0353553295135498, 0.5], 2: [0.0, 1.0, 0.20000000298023224], 3: [0.0, -1.0, 0.20000000298023224], 4: [1.0, 0.0, 0.20000000298023224], 5: [-1.0, 0.0, 0.20000000298023224], 6: [0.0, 0.0, 0.5], 7: [1.0353553295135498, 0.0, 0.4000000059604645], 8: [-1.0353553295135498, 0.0, 0.5], 9: [1.0353553295135498, 0.0, 0.5], 10: [1.0707106590270996, 0.0, 0.44999998807907104], 11: [-1.0707106590270996, 0.0, 0.44999998807907104], 12: [0.0, 1.0707106590270996, 0.44999998807907104], 13: [0.0, -1.0707106590270996, 0.44999998807907104], 14: [-1.0353553295135498, 0.0, 0.4000000059604645], 15: [0.0, -1.0353553295135498, 0.5], 16: [0.0, 1.0353553295135498, 0.4000000059604645], 17: [0.0, -1.0353553295135498, 0.4000000059604645]}, 'editMode': True}, 'Plane', {'tolerance': 10}]
['Toggle Edit Mode', {'editMode': False}, 'Plane', {'tolerance': 10}]
['Add Plane', {'enter_editmode': False, 'align': 'WORLD', 'editMode': False}, 'Plane.001', {'tolerance': 10}]
['Add Plane', {'action': 'DESELECT', 'editMode': False}, 'Plane.001', {'tolerance': 10}]
['Toggle Edit Mode', {'vertices': {0: [-1.0, -1.0, 0.0], 1: [1.0, -1.0, 0.0], 2: [-1.0, 1.0, 0.0], 3: [1.0, 1.0, 0.0]}, 'faces': {0: [0.0, 0.0, 0.0]}, 'editMode': True}, 'Plane.001', {'tolerance': 10}]
['Extrude Region and Move', {'use_normal_flip': False, 'use_dissolve_ortho_edges': False, 'value': (0, 0, 0.5), 'orient_axis_ortho': 'X', 'newVertices': [4, 5, 6, 7], 'newFaces': [1, 2, 3, 4, 5], 'vertices': {0: [-1.0, -1.0, 0.0], 1: [1.0, -1.0, 0.0], 2: [-1.0, 1.0, 0.0], 3: [1.0, 1.0, 0.0], 4: [-1.0, 1.0, 0.5], 5: [-1.0, -1.0, 0.5], 6: [1.0, -1.0, 0.5], 7: [1.0, 1.0, 0.5]}, 'faces': {0: [0.0, 0.0, 0.0], 1: [0.0, 0.0, 0.5], 2: [1.0, 0.0, 0.25], 3: [-1.0, 0.0, 0.25], 4: [0.0, 1.0, 0.25], 5: [0.0, -1.0, 0.25]}, 'editMode': True}, 'Plane.001', {'tolerance': 10}]
['Extrude Region and Move', {'use_normal_flip': False, 'use_dissolve_ortho_edges': False, 'value': (0, 0, 0.1), 'orient_axis_ortho': 'X', 'newVertices': [8, 9, 10, 11], 'newFaces': [6, 7, 8, 9], 'vertices': {0: [-1.0, -1.0, 0.0], 1: [1.0, -1.0, 0.0], 2: [-1.0, 1.0, 0.0], 3: [1.0, 1.0, 0.0], 4: [-1.0, 1.0, 0.5], 5: [-1.0, -1.0, 0.5], 6: [1.0, -1.0, 0.5], 7: [1.0, 1.0, 0.5], 8: [-1.0, 1.0, 0.6000000238418579], 9: [-1.0, -1.0, 0.6000000238418579], 10: [1.0, -1.0, 0.6000000238418579], 11: [1.0, 1.0, 0.6000000238418579]}, 'faces': {0: [0.0, 0.0, 0.0], 1: [-1.0, 0.0, 0.550000011920929], 2: [1.0, 0.0, 0.25], 3: [-1.0, 0.0, 0.25], 4: [0.0, 1.0, 0.25], 5: [0.0, -1.0, 0.25], 6: [0.0, 0.0, 0.6000000238418579], 7: [0.0, 1.0, 0.550000011920929], 8: [0.0, -1.0, 0.550000011920929], 9: [1.0, 0.0, 0.550000011920929]}, 'editMode': True}, 'Plane.001', {'tolerance': 10}]
['Extrude Region and Shrink/Fatten', {'use_normal_flip': False, 'use_dissolve_ortho_edges': False, 'value': 0.1, 'use_even_offset': False, 'newVertices': [12, 13, 14, 15, 16, 17, 18, 19], 'newFaces': [10, 11, 12, 13, 14, 15, 16, 17], 'vertices': {0: [-1.0, -1.0, 0.0], 1: [1.0, -1.0, 0.0], 2: [-1.0, 1.0, 0.0], 3: [1.0, 1.0, 0.0], 4: [-1.0, 1.0, 0.5], 5: [-1.0, -1.0, 0.5], 6: [1.0, -1.0, 0.5], 7: [1.0, 1.0, 0.5], 8: [-1.0, 1.0, 0.6000000238418579], 9: [-1.0, -1.0, 0.6000000238418579], 10: [1.0, -1.0, 0.6000000238418579], 11: [1.0, 1.0, 0.6000000238418579], 12: [-1.0707106590270996, 1.0707106590270996, 0.5], 13: [-1.0707106590270996, -1.0707106590270996, 0.5], 14: [1.0707106590270996, -1.0707106590270996, 0.5], 15: [1.0707106590270996, 1.0707106590270996, 0.5], 16: [-1.0707106590270996, 1.0707106590270996, 0.6000000238418579], 17: [-1.0707106590270996, -1.0707106590270996, 0.6000000238418579], 18: [1.0707106590270996, -1.0707106590270996, 0.6000000238418579], 19: [1.0707106590270996, 1.0707106590270996, 0.6000000238418579]}, 'faces': {0: [0.0, 0.0, 0.0], 1: [0.0, 1.0353553295135498, 0.5], 2: [1.0, 0.0, 0.25], 3: [-1.0, 0.0, 0.25], 4: [0.0, 1.0, 0.25], 5: [0.0, -1.0, 0.25], 6: [0.0, 0.0, 0.6000000238418579], 7: [0.0, -1.0353553295135498, 0.6000000238418579], 8: [-1.0353553295135498, 0.0, 0.5], 9: [0.0, 1.0353553295135498, 0.6000000238418579], 10: [-1.0707106590270996, 0.0, 0.550000011920929], 11: [0.0, 1.0707106590270996, 0.550000011920929], 12: [0.0, -1.0707106590270996, 0.550000011920929], 13: [1.0707106590270996, 0.0, 0.550000011920929], 14: [0.0, -1.0353553295135498, 0.5], 15: [1.0353553295135498, 0.0, 0.6000000238418579], 16: [-1.0353553295135498, 0.0, 0.6000000238418579], 17: [1.0353553295135498, 0.0, 0.5]}, 'editMode': True}, 'Plane.001', {'tolerance': 10}]
['Loop Cut and Slide', {'number_cuts': 8, 'smoothness': 0, 'value': 0, 'single_side': False, 'newVertices': [20, 21, 22, 23, 24, 25, 26, 27, 28, 29, 30, 31, 32, 33, 34, 35, 36, 37, 38, 39, 40, 41, 42, 43, 44, 45, 46, 47, 48, 49, 50, 51, 52, 53, 54, 55, 56, 57, 58, 59, 60, 61, 62, 63, 64, 65, 66, 67, 68, 69, 70, 71, 72, 73, 74, 75, 76, 77, 78, 79, 80, 81, 82, 83, 84, 85, 86, 87, 88, 89, 90, 91, 92, 93, 94, 95, 96, 97, 98, 99], 'newFaces': [18, 19, 20, 21, 22, 23, 24, 25, 26, 27, 28, 29, 30, 31, 32, 33, 34, 35, 36, 37, 38, 39, 40, 41, 42, 43, 44, 45, 46, 47, 48, 49, 50, 51, 52, 53, 54, 55, 56, 57, 58, 59, 60, 61, 62, 63, 64, 65, 66, 67, 68, 69, 70, 71, 72, 73, 74, 75, 76, 77, 78, 79, 80, 81, 82, 83, 84, 85, 86, 87, 88, 89, 90, 91, 92, 93, 94, 95, 96, 97], 'vertices': {0: [-1.0, -1.0, 0.0], 1: [1.0, -1.0, 0.0], 2: [-1.0, 1.0, 0.0], 3: [1.0, 1.0, 0.0], 4: [-1.0, 1.0, 0.5], 5: [-1.0, -1.0, 0.5], 6: [1.0, -1.0, 0.5], 7: [1.0, 1.0, 0.5], 8: [-1.0, 1.0, 0.6000000238418579], 9: [-1.0, -1.0, 0.6000000238418579], 10: [1.0, -1.0, 0.6000000238418579], 11: [1.0, 1.0, 0.6000000238418579], 12: [-1.0707106590270996, 1.0707106590270996, 0.5], 13: [-1.0707106590270996, -1.0707106590270996, 0.5], 14: [1.0707106590270996, -1.0707106590270996, 0.5], 15: [1.0707106590270996, 1.0707106590270996, 0.5], 16: [-1.0707106590270996, 1.0707106590270996, 0.6000000238418579], 17: [-1.0707106590270996, -1.0707106590270996, 0.6000000238418579], 18: [1.0707106590270996, -1.0707106590270996, 0.6000000238418579], 19: [1.0707106590270996, 1.0707106590270996, 0.6000000238418579], 20: [-0.7777777910232544, -1.0, 0.0], 21: [-0.5555555820465088, -1.0, 0.0], 22: [-0.3333333432674408, -1.0, 0.0], 23: [-0.1111111044883728, -1.0, 0.0], 24: [0.11111113429069519, -1.0, 0.0], 25: [0.3333333432674408, -1.0, 0.0], 26: [0.5555555820465088, -1.0, 0.0], 27: [0.7777777910232544, -1.0, 0.0], 28: [0.7777777910232544, 1.0, 0.0], 29: [0.5555555820465088, 1.0, 0.0], 30: [0.3333333432674408, 1.0, 0.0], 31: [0.1111111044883728, 1.0, 0.0], 32: [-0.11111113429069519, 1.0, 0.0], 33: [-0.3333333432674408, 1.0, 0.0], 34: [-0.5555555820465088, 1.0, 0.0], 35: [-0.7777777910232544, 1.0, 0.0], 36: [-0.7777777910232544, -1.0, 0.5], 37: [-0.5555555820465088, -1.0, 0.5], 38: [-0.3333333432674408, -1.0, 0.5], 39: [-0.1111111044883728, -1.0, 0.5], 40: [0.11111113429069519, -1.0, 0.5], 41: [0.3333333432674408, -1.0, 0.5], 42: [0.5555555820465088, -1.0, 0.5], 43: [0.7777777910232544, -1.0, 0.5], 44: [0.7777777910232544, 1.0, 0.5], 45: [0.5555555820465088, 1.0, 0.5], 46: [0.3333333432674408, 1.0, 0.5], 47: [0.1111111044883728, 1.0, 0.5], 48: [-0.11111113429069519, 1.0, 0.5], 49: [-0.3333333432674408, 1.0, 0.5], 50: [-0.5555555820465088, 1.0, 0.5], 51: [-0.7777777910232544, 1.0, 0.5], 52: [-0.7777777910232544, -1.0, 0.6000000238418579], 53: [-0.5555555820465088, -1.0, 0.6000000238418579], 54: [-0.3333333432674408, -1.0, 0.6000000238418579], 55: [-0.1111111044883728, -1.0, 0.6000000238418579], 56: [0.11111113429069519, -1.0, 0.6000000238418579], 57: [0.3333333432674408, -1.0, 0.6000000238418579], 58: [0.5555555820465088, -1.0, 0.6000000238418579], 59: [0.7777777910232544, -1.0, 0.6000000238418579], 60: [0.7777777910232544, 1.0, 0.6000000238418579], 61: [0.5555555820465088, 1.0, 0.6000000238418579], 62: [0.3333333432674408, 1.0, 0.6000000238418579], 63: [0.1111111044883728, 1.0, 0.6000000238418579], 64: [-0.11111113429069519, 1.0, 0.6000000238418579], 65: [-0.3333333432674408, 1.0, 0.6000000238418579], 66: [-0.5555555820465088, 1.0, 0.6000000238418579], 67: [-0.7777777910232544, 1.0, 0.6000000238418579], 68: [-0.8327749371528625, -1.0707106590270996, 0.5], 69: [-0.5948392152786255, -1.0707106590270996, 0.5], 70: [-0.3569034934043884, -1.0707106590270996, 0.5], 71: [-0.11896778643131256, -1.0707106590270996, 0.5], 72: [0.11896790564060211, -1.0707106590270996, 0.5], 73: [0.356903612613678, -1.0707106590270996, 0.5], 74: [0.594839334487915, -1.0707106590270996, 0.5], 75: [0.8327749967575073, -1.0707106590270996, 0.5], 76: [0.8327749371528625, 1.0707106590270996, 0.5], 77: [0.5948392152786255, 1.0707106590270996, 0.5], 78: [0.3569034934043884, 1.0707106590270996, 0.5], 79: [0.11896778643131256, 1.0707106590270996, 0.5], 80: [-0.11896790564060211, 1.0707106590270996, 0.5], 81: [-0.356903612613678, 1.0707106590270996, 0.5], 82: [-0.594839334487915, 1.0707106590270996, 0.5], 83: [-0.8327749967575073, 1.0707106590270996, 0.5], 84: [-0.8327749371528625, -1.0707106590270996, 0.6000000238418579], 85: [-0.5948392152786255, -1.0707106590270996, 0.6000000238418579], 86: [-0.3569034934043884, -1.0707106590270996, 0.6000000238418579], 87: [-0.11896778643131256, -1.0707106590270996, 0.6000000238418579], 88: [0.11896790564060211, -1.0707106590270996, 0.6000000238418579], 89: [0.356903612613678, -1.0707106590270996, 0.6000000238418579], 90: [0.594839334487915, -1.0707106590270996, 0.6000000238418579], 91: [0.8327749967575073, -1.0707106590270996, 0.6000000238418579], 92: [0.8327749371528625, 1.0707106590270996, 0.6000000238418579], 93: [0.5948392152786255, 1.0707106590270996, 0.6000000238418579], 94: [0.3569034934043884, 1.0707106590270996, 0.6000000238418579], 95: [0.11896778643131256, 1.0707106590270996, 0.6000000238418579], 96: [-0.11896790564060211, 1.0707106590270996, 0.6000000238418579], 97: [-0.356903612613678, 1.0707106590270996, 0.6000000238418579], 98: [-0.594839334487915, 1.0707106590270996, 0.6000000238418579], 99: [-0.8327749967575073, 1.0707106590270996, 0.6000000238418579]}, 'faces': {0: [0.8888888955116272, 0.0, 0.0], 1: [-0.9203158617019653, 1.0353553295135498, 0.5], 2: [1.0, 0.0, 0.25], 3: [-1.0, 0.0, 0.25], 4: [-0.8888888359069824, 1.0, 0.25], 5: [0.8888888359069824, -1.0, 0.25], 6: [0.8888888359069824, 0.0, 0.6000000238418579], 7: [-0.9203158020973206, -1.0353553295135498, 0.6000000238418579], 8: [-1.0353553295135498, 0.0, 0.5], 9: [0.9203158020973206, 1.0353553295135498, 0.6000000238418579], 10: [-1.0707106590270996, 0.0, 0.550000011920929], 11: [-0.9517428874969482, 1.0707106590270996, 0.550000011920929], 12: [0.9517428874969482, -1.0707106590270996, 0.550000011920929], 13: [1.0707106590270996, 0.0, 0.550000011920929], 14: [0.9203158617019653, -1.0353553295135498, 0.5], 15: [1.0353553295135498, 0.0, 0.6000000238418579], 16: [-1.0353553295135498, 0.0, 0.6000000238418579], 17: [1.0353553295135498, 0.0, 0.5], 18: [-0.9203158617019653, -1.0353553295135498, 0.5], 19: [-0.6902368664741516, -1.0353553295135498, 0.5], 20: [-0.4601579010486603, -1.0353553295135498, 0.5], 21: [-0.23007893562316895, -1.0353553295135498, 0.5], 22: [3.725290298461914e-08, -1.0353553295135498, 0.5], 23: [0.23007899522781372, -1.0353553295135498, 0.5], 24: [0.46015799045562744, -1.0353553295135498, 0.5], 25: [0.6902369260787964, -1.0353553295135498, 0.5], 26: [-0.9517427682876587, -1.0707106590270996, 0.550000011920929], 27: [-0.7138070464134216, -1.0707106590270996, 0.550000011920929], 28: [-0.47587135434150696, -1.0707106590270996, 0.550000011920929], 29: [-0.2379356324672699, -1.0707106590270996, 0.550000011920929], 30: [5.960464477539063e-08, -1.0707106590270996, 0.550000011920929], 31: [0.23793575167655945, -1.0707106590270996, 0.550000011920929], 32: [0.4758714437484741, -1.0707106590270996, 0.550000011920929], 33: [0.7138071656227112, -1.0707106590270996, 0.550000011920929], 34: [0.9517427682876587, 1.0707106590270996, 0.550000011920929], 35: [0.7138070464134216, 1.0707106590270996, 0.550000011920929], 36: [0.47587135434150696, 1.0707106590270996, 0.550000011920929], 37: [0.2379356324672699, 1.0707106590270996, 0.550000011920929], 38: [-5.960464477539063e-08, 1.0707106590270996, 0.550000011920929], 39: [-0.23793575167655945, 1.0707106590270996, 0.550000011920929], 40: [-0.4758714437484741, 1.0707106590270996, 0.550000011920929], 41: [-0.7138071656227112, 1.0707106590270996, 0.550000011920929], 42: [-0.9203158617019653, 1.0353553295135498, 0.6000000238418579], 43: [-0.6902369260787964, 1.0353553295135498, 0.6000000238418579], 44: [-0.46015799045562744, 1.0353553295135498, 0.6000000238418579], 45: [-0.23007899522781372, 1.0353553295135498, 0.6000000238418579], 46: [-3.725290298461914e-08, 1.0353553295135498, 0.6000000238418579], 47: [0.23007893562316895, 1.0353553295135498, 0.6000000238418579], 48: [0.46015793085098267, 1.0353553295135498, 0.6000000238418579], 49: [0.6902369260787964, 1.0353553295135498, 0.6000000238418579], 50: [0.9203158617019653, -1.0353553295135498, 0.6000000238418579], 51: [0.6902369260787964, -1.0353553295135498, 0.6000000238418579], 52: [0.46015799045562744, -1.0353553295135498, 0.6000000238418579], 53: [0.23007899522781372, -1.0353553295135498, 0.6000000238418579], 54: [3.725290298461914e-08, -1.0353553295135498, 0.6000000238418579], 55: [-0.23007893562316895, -1.0353553295135498, 0.6000000238418579], 56: [-0.46015793085098267, -1.0353553295135498, 0.6000000238418579], 57: [-0.6902369260787964, -1.0353553295135498, 0.6000000238418579], 58: [-0.8888888955116272, 0.0, 0.6000000238418579], 59: [-0.6666666865348816, 0.0, 0.6000000238418579], 60: [-0.444444477558136, 0.0, 0.6000000238418579], 61: [-0.222222238779068, 0.0, 0.6000000238418579], 62: [0.0, 0.0, 0.6000000238418579], 63: [0.2222222238779068, 0.0, 0.6000000238418579], 64: [0.444444477558136, 0.0, 0.6000000238418579], 65: [0.6666666865348816, 0.0, 0.6000000238418579], 66: [-0.8888888955116272, -1.0, 0.25], 67: [-0.6666666865348816, -1.0, 0.25], 68: [-0.444444477558136, -1.0, 0.25], 69: [-0.222222238779068, -1.0, 0.25], 70: [1.4901161193847656e-08, -1.0, 0.25], 71: [0.222222238779068, -1.0, 0.25], 72: [0.444444477558136, -1.0, 0.25], 73: [0.6666666865348816, -1.0, 0.25], 74: [0.8888888955116272, 1.0, 0.25], 75: [0.6666666865348816, 1.0, 0.25], 76: [0.444444477558136, 1.0, 0.25], 77: [0.222222238779068, 1.0, 0.25], 78: [-1.4901161193847656e-08, 1.0, 0.25], 79: [-0.222222238779068, 1.0, 0.25], 80: [-0.444444477558136, 1.0, 0.25], 81: [-0.6666666865348816, 1.0, 0.25], 82: [0.9203158617019653, 1.0353553295135498, 0.5], 83: [0.6902368664741516, 1.0353553295135498, 0.5], 84: [0.4601579010486603, 1.0353553295135498, 0.5], 85: [0.23007893562316895, 1.0353553295135498, 0.5], 86: [-3.725290298461914e-08, 1.0353553295135498, 0.5], 87: [-0.23007899522781372, 1.0353553295135498, 0.5], 88: [-0.46015799045562744, 1.0353553295135498, 0.5], 89: [-0.6902369260787964, 1.0353553295135498, 0.5], 90: [-0.8888888359069824, 0.0, 0.0], 91: [-0.6666666865348816, 0.0, 0.0], 92: [-0.444444477558136, 0.0, 0.0], 93: [-0.2222222238779068, 0.0, 0.0], 94: [0.0, 0.0, 0.0], 95: [0.222222238779068, 0.0, 0.0], 96: [0.444444477558136, 0.0, 0.0], 97: [0.6666666865348816, 0.0, 0.0]}, 'editMode': True}, 'Plane.001', {'tolerance': 10}]
['Loop Cut and Slide', {'number_cuts': 8, 'smoothness': 0, 'value': 0, 'single_side': False, 'newVertices': [100, 101, 102, 103, 104, 105, 106, 107, 108, 109, 110, 111, 112, 113, 114, 115, 116, 117, 118, 119, 120, 121, 122, 123, 124, 125, 126, 127, 128, 129, 130, 131, 132, 133, 134, 135, 136, 137, 138, 139, 140, 141, 142, 143, 144, 145, 146, 147, 148, 149, 150, 151, 152, 153, 154, 155, 156, 157, 158, 159, 160, 161, 162, 163, 164, 165, 166, 167, 168, 169, 170, 171, 172, 173, 174, 175, 176, 177, 178, 179, 180, 181, 182, 183, 184, 185, 186, 187, 188, 189, 190, 191, 192, 193, 194, 195, 196, 197, 198, 199, 200, 201, 202, 203, 204, 205, 206, 207, 208, 209, 210, 211, 212, 213, 214, 215, 216, 217, 218, 219, 220, 221, 222, 223, 224, 225, 226, 227, 228, 229, 230, 231, 232, 233, 234, 235, 236, 237, 238, 239, 240, 241, 242, 243, 244, 245, 246, 247, 248, 249, 250, 251, 252, 253, 254, 255, 256, 257, 258, 259, 260, 261, 262, 263, 264, 265, 266, 267, 268, 269, 270, 271, 272, 273, 274, 275, 276, 277, 278, 279, 280, 281, 282, 283, 284, 285, 286, 287, 288, 289, 290, 291, 292, 293, 294, 295, 296, 297, 298, 299, 300, 301, 302, 303, 304, 305, 306, 307], 'newFaces': [98, 99, 100, 101, 102, 103, 104, 105, 106, 107, 108, 109, 110, 111, 112, 113, 114, 115, 116, 117, 118, 119, 120, 121, 122, 123, 124, 125, 126, 127, 128, 129, 130, 131, 132, 133, 134, 135, 136, 137, 138, 139, 140, 141, 142, 143, 144, 145, 146, 147, 148, 149, 150, 151, 152, 153, 154, 155, 156, 157, 158, 159, 160, 161, 162, 163, 164, 165, 166, 167, 168, 169, 170, 171, 172, 173, 174, 175, 176, 177, 178, 179, 180, 181, 182, 183, 184, 185, 186, 187, 188, 189, 190, 191, 192, 193, 194, 195, 196, 197, 198, 199, 200, 201, 202, 203, 204, 205, 206, 207, 208, 209, 210, 211, 212, 213, 214, 215, 216, 217, 218, 219, 220, 221, 222, 223, 224, 225, 226, 227, 228, 229, 230, 231, 232, 233, 234, 235, 236, 237, 238, 239, 240, 241, 242, 243, 244, 245, 246, 247, 248, 249, 250, 251, 252, 253, 254, 255, 256, 257, 258, 259, 260, 261, 262, 263, 264, 265, 266, 267, 268, 269, 270, 271, 272, 273, 274, 275, 276, 277, 278, 279, 280, 281, 282, 283, 284, 285, 286, 287, 288, 289, 290, 291, 292, 293, 294, 295, 296, 297, 298, 299, 300, 301, 302, 303, 304, 305], 'vertices': {0: [-1.0, -1.0, 0.0], 1: [1.0, -1.0, 0.0], 2: [-1.0, 1.0, 0.0], 3: [1.0, 1.0, 0.0], 4: [-1.0, 1.0, 0.5], 5: [-1.0, -1.0, 0.5], 6: [1.0, -1.0, 0.5], 7: [1.0, 1.0, 0.5], 8: [-1.0, 1.0, 0.6000000238418579], 9: [-1.0, -1.0, 0.6000000238418579], 10: [1.0, -1.0, 0.6000000238418579], 11: [1.0, 1.0, 0.6000000238418579], 12: [-1.0707106590270996, 1.0707106590270996, 0.5], 13: [-1.0707106590270996, -1.0707106590270996, 0.5], 14: [1.0707106590270996, -1.0707106590270996, 0.5], 15: [1.0707106590270996, 1.0707106590270996, 0.5], 16: [-1.0707106590270996, 1.0707106590270996, 0.6000000238418579], 17: [-1.0707106590270996, -1.0707106590270996, 0.6000000238418579], 18: [1.0707106590270996, -1.0707106590270996, 0.6000000238418579], 19: [1.0707106590270996, 1.0707106590270996, 0.6000000238418579], 20: [-0.7777777910232544, -1.0, 0.0], 21: [-0.5555555820465088, -1.0, 0.0], 22: [-0.3333333432674408, -1.0, 0.0], 23: [-0.1111111044883728, -1.0, 0.0], 24: [0.11111113429069519, -1.0, 0.0], 25: [0.3333333432674408, -1.0, 0.0], 26: [0.5555555820465088, -1.0, 0.0], 27: [0.7777777910232544, -1.0, 0.0], 28: [0.7777777910232544, 1.0, 0.0], 29: [0.5555555820465088, 1.0, 0.0], 30: [0.3333333432674408, 1.0, 0.0], 31: [0.1111111044883728, 1.0, 0.0], 32: [-0.11111113429069519, 1.0, 0.0], 33: [-0.3333333432674408, 1.0, 0.0], 34: [-0.5555555820465088, 1.0, 0.0], 35: [-0.7777777910232544, 1.0, 0.0], 36: [-0.7777777910232544, -1.0, 0.5], 37: [-0.5555555820465088, -1.0, 0.5], 38: [-0.3333333432674408, -1.0, 0.5], 39: [-0.1111111044883728, -1.0, 0.5], 40: [0.11111113429069519, -1.0, 0.5], 41: [0.3333333432674408, -1.0, 0.5], 42: [0.5555555820465088, -1.0, 0.5], 43: [0.7777777910232544, -1.0, 0.5], 44: [0.7777777910232544, 1.0, 0.5], 45: [0.5555555820465088, 1.0, 0.5], 46: [0.3333333432674408, 1.0, 0.5], 47: [0.1111111044883728, 1.0, 0.5], 48: [-0.11111113429069519, 1.0, 0.5], 49: [-0.3333333432674408, 1.0, 0.5], 50: [-0.5555555820465088, 1.0, 0.5], 51: [-0.7777777910232544, 1.0, 0.5], 52: [-0.7777777910232544, -1.0, 0.6000000238418579], 53: [-0.5555555820465088, -1.0, 0.6000000238418579], 54: [-0.3333333432674408, -1.0, 0.6000000238418579], 55: [-0.1111111044883728, -1.0, 0.6000000238418579], 56: [0.11111113429069519, -1.0, 0.6000000238418579], 57: [0.3333333432674408, -1.0, 0.6000000238418579], 58: [0.5555555820465088, -1.0, 0.6000000238418579], 59: [0.7777777910232544, -1.0, 0.6000000238418579], 60: [0.7777777910232544, 1.0, 0.6000000238418579], 61: [0.5555555820465088, 1.0, 0.6000000238418579], 62: [0.3333333432674408, 1.0, 0.6000000238418579], 63: [0.1111111044883728, 1.0, 0.6000000238418579], 64: [-0.11111113429069519, 1.0, 0.6000000238418579], 65: [-0.3333333432674408, 1.0, 0.6000000238418579], 66: [-0.5555555820465088, 1.0, 0.6000000238418579], 67: [-0.7777777910232544, 1.0, 0.6000000238418579], 68: [-0.8327749371528625, -1.0707106590270996, 0.5], 69: [-0.5948392152786255, -1.0707106590270996, 0.5], 70: [-0.3569034934043884, -1.0707106590270996, 0.5], 71: [-0.11896778643131256, -1.0707106590270996, 0.5], 72: [0.11896790564060211, -1.0707106590270996, 0.5], 73: [0.356903612613678, -1.0707106590270996, 0.5], 74: [0.594839334487915, -1.0707106590270996, 0.5], 75: [0.8327749967575073, -1.0707106590270996, 0.5], 76: [0.8327749371528625, 1.0707106590270996, 0.5], 77: [0.5948392152786255, 1.0707106590270996, 0.5], 78: [0.3569034934043884, 1.0707106590270996, 0.5], 79: [0.11896778643131256, 1.0707106590270996, 0.5], 80: [-0.11896790564060211, 1.0707106590270996, 0.5], 81: [-0.356903612613678, 1.0707106590270996, 0.5], 82: [-0.594839334487915, 1.0707106590270996, 0.5], 83: [-0.8327749967575073, 1.0707106590270996, 0.5], 84: [-0.8327749371528625, -1.0707106590270996, 0.6000000238418579], 85: [-0.5948392152786255, -1.0707106590270996, 0.6000000238418579], 86: [-0.3569034934043884, -1.0707106590270996, 0.6000000238418579], 87: [-0.11896778643131256, -1.0707106590270996, 0.6000000238418579], 88: [0.11896790564060211, -1.0707106590270996, 0.6000000238418579], 89: [0.356903612613678, -1.0707106590270996, 0.6000000238418579], 90: [0.594839334487915, -1.0707106590270996, 0.6000000238418579], 91: [0.8327749967575073, -1.0707106590270996, 0.6000000238418579], 92: [0.8327749371528625, 1.0707106590270996, 0.6000000238418579], 93: [0.5948392152786255, 1.0707106590270996, 0.6000000238418579], 94: [0.3569034934043884, 1.0707106590270996, 0.6000000238418579], 95: [0.11896778643131256, 1.0707106590270996, 0.6000000238418579], 96: [-0.11896790564060211, 1.0707106590270996, 0.6000000238418579], 97: [-0.356903612613678, 1.0707106590270996, 0.6000000238418579], 98: [-0.594839334487915, 1.0707106590270996, 0.6000000238418579], 99: [-0.8327749967575073, 1.0707106590270996, 0.6000000238418579], 100: [-1.0, 0.7777777910232544, 0.0], 101: [-1.0, 0.5555555820465088, 0.0], 102: [-1.0, 0.3333333432674408, 0.0], 103: [-1.0, 0.1111111044883728, 0.0], 104: [-1.0, -0.11111113429069519, 0.0], 105: [-1.0, -0.3333333432674408, 0.0], 106: [-1.0, -0.5555555820465088, 0.0], 107: [-1.0, -0.7777777910232544, 0.0], 108: [1.0, -0.7777777910232544, 0.0], 109: [1.0, -0.5555555820465088, 0.0], 110: [1.0, -0.3333333432674408, 0.0], 111: [1.0, -0.1111111044883728, 0.0], 112: [1.0, 0.11111113429069519, 0.0], 113: [1.0, 0.3333333432674408, 0.0], 114: [1.0, 0.5555555820465088, 0.0], 115: [1.0, 0.7777777910232544, 0.0], 116: [-1.0, 0.7777777910232544, 0.5], 117: [-1.0, 0.5555555820465088, 0.5], 118: [-1.0, 0.3333333432674408, 0.5], 119: [-1.0, 0.1111111044883728, 0.5], 120: [-1.0, -0.11111113429069519, 0.5], 121: [-1.0, -0.3333333432674408, 0.5], 122: [-1.0, -0.5555555820465088, 0.5], 123: [-1.0, -0.7777777910232544, 0.5], 124: [1.0, -0.7777777910232544, 0.5], 125: [1.0, -0.5555555820465088, 0.5], 126: [1.0, -0.3333333432674408, 0.5], 127: [1.0, -0.1111111044883728, 0.5], 128: [1.0, 0.11111113429069519, 0.5], 129: [1.0, 0.3333333432674408, 0.5], 130: [1.0, 0.5555555820465088, 0.5], 131: [1.0, 0.7777777910232544, 0.5], 132: [-1.0, 0.7777777910232544, 0.6000000238418579], 133: [-1.0, 0.5555555820465088, 0.6000000238418579], 134: [-1.0, 0.3333333432674408, 0.6000000238418579], 135: [-1.0, 0.1111111044883728, 0.6000000238418579], 136: [-1.0, -0.11111113429069519, 0.6000000238418579], 137: [-1.0, -0.3333333432674408, 0.6000000238418579], 138: [-1.0, -0.5555555820465088, 0.6000000238418579], 139: [-1.0, -0.7777777910232544, 0.6000000238418579], 140: [1.0, -0.7777777910232544, 0.6000000238418579], 141: [1.0, -0.5555555820465088, 0.6000000238418579], 142: [1.0, -0.3333333432674408, 0.6000000238418579], 143: [1.0, -0.1111111044883728, 0.6000000238418579], 144: [1.0, 0.11111113429069519, 0.6000000238418579], 145: [1.0, 0.3333333432674408, 0.6000000238418579], 146: [1.0, 0.5555555820465088, 0.6000000238418579], 147: [1.0, 0.7777777910232544, 0.6000000238418579], 148: [-1.0707106590270996, 0.8327749371528625, 0.5], 149: [-1.0707106590270996, 0.5948392152786255, 0.5], 150: [-1.0707106590270996, 0.3569034934043884, 0.5], 151: [-1.0707106590270996, 0.11896778643131256, 0.5], 152: [-1.0707106590270996, -0.11896790564060211, 0.5], 153: [-1.0707106590270996, -0.356903612613678, 0.5], 154: [-1.0707106590270996, -0.594839334487915, 0.5], 155: [-1.0707106590270996, -0.8327749967575073, 0.5], 156: [1.0707106590270996, -0.8327749371528625, 0.5], 157: [1.0707106590270996, -0.5948392152786255, 0.5], 158: [1.0707106590270996, -0.3569034934043884, 0.5], 159: [1.0707106590270996, -0.11896778643131256, 0.5], 160: [1.0707106590270996, 0.11896790564060211, 0.5], 161: [1.0707106590270996, 0.356903612613678, 0.5], 162: [1.0707106590270996, 0.594839334487915, 0.5], 163: [1.0707106590270996, 0.8327749967575073, 0.5], 164: [-1.0707106590270996, 0.8327749371528625, 0.6000000238418579], 165: [-1.0707106590270996, 0.5948392152786255, 0.6000000238418579], 166: [-1.0707106590270996, 0.3569034934043884, 0.6000000238418579], 167: [-1.0707106590270996, 0.11896778643131256, 0.6000000238418579], 168: [-1.0707106590270996, -0.11896790564060211, 0.6000000238418579], 169: [-1.0707106590270996, -0.356903612613678, 0.6000000238418579], 170: [-1.0707106590270996, -0.594839334487915, 0.6000000238418579], 171: [-1.0707106590270996, -0.8327749967575073, 0.6000000238418579], 172: [1.0707106590270996, -0.8327749371528625, 0.6000000238418579], 173: [1.0707106590270996, -0.5948392152786255, 0.6000000238418579], 174: [1.0707106590270996, -0.3569034934043884, 0.6000000238418579], 175: [1.0707106590270996, -0.11896778643131256, 0.6000000238418579], 176: [1.0707106590270996, 0.11896790564060211, 0.6000000238418579], 177: [1.0707106590270996, 0.356903612613678, 0.6000000238418579], 178: [1.0707106590270996, 0.594839334487915, 0.6000000238418579], 179: [1.0707106590270996, 0.8327749967575073, 0.6000000238418579], 180: [-0.7777777910232544, -0.7777777910232544, 0.6000000238418579], 181: [-0.7777777910232544, -0.5555555820465088, 0.6000000238418579], 182: [-0.7777777910232544, -0.3333333432674408, 0.6000000238418579], 183: [-0.7777777910232544, -0.1111111044883728, 0.6000000238418579], 184: [-0.7777777910232544, 0.11111113429069519, 0.6000000238418579], 185: [-0.7777777910232544, 0.3333333432674408, 0.6000000238418579], 186: [-0.7777777910232544, 0.5555555820465088, 0.6000000238418579], 187: [-0.7777777910232544, 0.7777777910232544, 0.6000000238418579], 188: [-0.5555555820465088, -0.7777777910232544, 0.6000000238418579], 189: [-0.5555555820465088, -0.5555555820465088, 0.6000000238418579], 190: [-0.5555555820465088, -0.3333333432674408, 0.6000000238418579], 191: [-0.5555555820465088, -0.1111111044883728, 0.6000000238418579], 192: [-0.5555555820465088, 0.11111113429069519, 0.6000000238418579], 193: [-0.5555555820465088, 0.3333333432674408, 0.6000000238418579], 194: [-0.5555555820465088, 0.5555555820465088, 0.6000000238418579], 195: [-0.5555555820465088, 0.7777777910232544, 0.6000000238418579], 196: [-0.3333333432674408, -0.7777777910232544, 0.6000000238418579], 197: [-0.3333333432674408, -0.5555555820465088, 0.6000000238418579], 198: [-0.3333333432674408, -0.3333333432674408, 0.6000000238418579], 199: [-0.3333333432674408, -0.1111111044883728, 0.6000000238418579], 200: [-0.3333333432674408, 0.11111113429069519, 0.6000000238418579], 201: [-0.3333333432674408, 0.3333333432674408, 0.6000000238418579], 202: [-0.3333333432674408, 0.5555555820465088, 0.6000000238418579], 203: [-0.3333333432674408, 0.7777777910232544, 0.6000000238418579], 204: [-0.1111111044883728, -0.7777777910232544, 0.6000000238418579], 205: [-0.1111111044883728, -0.5555555820465088, 0.6000000238418579], 206: [-0.1111111119389534, -0.3333333432674408, 0.6000000238418579], 207: [-0.111111119389534, -0.1111111044883728, 0.6000000238418579], 208: [-0.111111119389534, 0.11111113429069519, 0.6000000238418579], 209: [-0.111111119389534, 0.3333333432674408, 0.6000000238418579], 210: [-0.1111111268401146, 0.5555555820465088, 0.6000000238418579], 211: [-0.11111113429069519, 0.7777777910232544, 0.6000000238418579], 212: [0.11111113429069519, -0.7777777910232544, 0.6000000238418579], 213: [0.11111113429069519, -0.5555555820465088, 0.6000000238418579], 214: [0.1111111268401146, -0.3333333432674408, 0.6000000238418579], 215: [0.111111119389534, -0.1111111044883728, 0.6000000238418579], 216: [0.111111119389534, 0.11111113429069519, 0.6000000238418579], 217: [0.111111119389534, 0.3333333432674408, 0.6000000238418579], 218: [0.1111111119389534, 0.5555555820465088, 0.6000000238418579], 219: [0.1111111044883728, 0.7777777910232544, 0.6000000238418579], 220: [0.3333333432674408, -0.7777777910232544, 0.6000000238418579], 221: [0.3333333432674408, -0.5555555820465088, 0.6000000238418579], 222: [0.3333333432674408, -0.3333333432674408, 0.6000000238418579], 223: [0.3333333432674408, -0.1111111044883728, 0.6000000238418579], 224: [0.3333333432674408, 0.11111113429069519, 0.6000000238418579], 225: [0.3333333432674408, 0.3333333432674408, 0.6000000238418579], 226: [0.3333333432674408, 0.5555555820465088, 0.6000000238418579], 227: [0.3333333432674408, 0.7777777910232544, 0.6000000238418579], 228: [0.5555555820465088, -0.7777777910232544, 0.6000000238418579], 229: [0.5555555820465088, -0.5555555820465088, 0.6000000238418579], 230: [0.5555555820465088, -0.3333333432674408, 0.6000000238418579], 231: [0.5555555820465088, -0.1111111044883728, 0.6000000238418579], 232: [0.5555555820465088, 0.11111113429069519, 0.6000000238418579], 233: [0.5555555820465088, 0.3333333432674408, 0.6000000238418579], 234: [0.5555555820465088, 0.5555555820465088, 0.6000000238418579], 235: [0.5555555820465088, 0.7777777910232544, 0.6000000238418579], 236: [0.7777777910232544, -0.7777777910232544, 0.6000000238418579], 237: [0.7777777910232544, -0.5555555820465088, 0.6000000238418579], 238: [0.7777777910232544, -0.3333333432674408, 0.6000000238418579], 239: [0.7777777910232544, -0.1111111044883728, 0.6000000238418579], 240: [0.7777777910232544, 0.11111113429069519, 0.6000000238418579], 241: [0.7777777910232544, 0.3333333432674408, 0.6000000238418579], 242: [0.7777777910232544, 0.5555555820465088, 0.6000000238418579], 243: [0.7777777910232544, 0.7777777910232544, 0.6000000238418579], 244: [-0.7777777910232544, 0.7777777910232544, 0.0], 245: [-0.7777777910232544, 0.5555555820465088, 0.0], 246: [-0.7777777910232544, 0.3333333432674408, 0.0], 247: [-0.7777777910232544, 0.1111111044883728, 0.0], 248: [-0.7777777910232544, -0.11111113429069519, 0.0], 249: [-0.7777777910232544, -0.3333333432674408, 0.0], 250: [-0.7777777910232544, -0.5555555820465088, 0.0], 251: [-0.7777777910232544, -0.7777777910232544, 0.0], 252: [-0.5555555820465088, 0.7777777910232544, 0.0], 253: [-0.5555555820465088, 0.5555555820465088, 0.0], 254: [-0.5555555820465088, 0.3333333432674408, 0.0], 255: [-0.5555555820465088, 0.1111111044883728, 0.0], 256: [-0.5555555820465088, -0.11111113429069519, 0.0], 257: [-0.5555555820465088, -0.3333333432674408, 0.0], 258: [-0.5555555820465088, -0.5555555820465088, 0.0], 259: [-0.5555555820465088, -0.7777777910232544, 0.0], 260: [-0.3333333432674408, 0.7777777910232544, 0.0], 261: [-0.3333333432674408, 0.5555555820465088, 0.0], 262: [-0.3333333432674408, 0.3333333432674408, 0.0], 263: [-0.3333333432674408, 0.1111111044883728, 0.0], 264: [-0.3333333432674408, -0.11111113429069519, 0.0], 265: [-0.3333333432674408, -0.3333333432674408, 0.0], 266: [-0.3333333432674408, -0.5555555820465088, 0.0], 267: [-0.3333333432674408, -0.7777777910232544, 0.0], 268: [-0.11111113429069519, 0.7777777910232544, 0.0], 269: [-0.11111113429069519, 0.5555555820465088, 0.0], 270: [-0.1111111268401146, 0.3333333432674408, 0.0], 271: [-0.111111119389534, 0.1111111044883728, 0.0], 272: [-0.111111119389534, -0.11111113429069519, 0.0], 273: [-0.111111119389534, -0.3333333432674408, 0.0], 274: [-0.1111111119389534, -0.5555555820465088, 0.0], 275: [-0.1111111044883728, -0.7777777910232544, 0.0], 276: [0.1111111044883728, 0.7777777910232544, 0.0], 277: [0.1111111044883728, 0.5555555820465088, 0.0], 278: [0.1111111119389534, 0.3333333432674408, 0.0], 279: [0.111111119389534, 0.1111111044883728, 0.0], 280: [0.111111119389534, -0.11111113429069519, 0.0], 281: [0.111111119389534, -0.3333333432674408, 0.0], 282: [0.1111111268401146, -0.5555555820465088, 0.0], 283: [0.11111113429069519, -0.7777777910232544, 0.0], 284: [0.3333333432674408, 0.7777777910232544, 0.0], 285: [0.3333333432674408, 0.5555555820465088, 0.0], 286: [0.3333333432674408, 0.3333333432674408, 0.0], 287: [0.3333333432674408, 0.1111111044883728, 0.0], 288: [0.3333333432674408, -0.11111113429069519, 0.0], 289: [0.3333333432674408, -0.3333333432674408, 0.0], 290: [0.3333333432674408, -0.5555555820465088, 0.0], 291: [0.3333333432674408, -0.7777777910232544, 0.0], 292: [0.5555555820465088, 0.7777777910232544, 0.0], 293: [0.5555555820465088, 0.5555555820465088, 0.0], 294: [0.5555555820465088, 0.3333333432674408, 0.0], 295: [0.5555555820465088, 0.1111111044883728, 0.0], 296: [0.5555555820465088, -0.11111113429069519, 0.0], 297: [0.5555555820465088, -0.3333333432674408, 0.0], 298: [0.5555555820465088, -0.5555555820465088, 0.0], 299: [0.5555555820465088, -0.7777777910232544, 0.0], 300: [0.7777777910232544, 0.7777777910232544, 0.0], 301: [0.7777777910232544, 0.5555555820465088, 0.0], 302: [0.7777777910232544, 0.3333333432674408, 0.0], 303: [0.7777777910232544, 0.1111111044883728, 0.0], 304: [0.7777777910232544, -0.11111113429069519, 0.0], 305: [0.7777777910232544, -0.3333333432674408, 0.0], 306: [0.7777777910232544, -0.5555555820465088, 0.0], 307: [0.7777777910232544, -0.7777777910232544, 0.0]}, 'faces': {0: [0.8888888955116272, 0.8888888359069824, 0.0], 1: [-0.9203158617019653, 1.0353553295135498, 0.5], 2: [1.0, 0.8888888359069824, 0.25], 3: [-1.0, -0.8888888359069824, 0.25], 4: [-0.8888888359069824, 1.0, 0.25], 5: [0.8888888359069824, -1.0, 0.25], 6: [0.8888888359069824, 0.8888888955116272, 0.6000000238418579], 7: [-0.9203158020973206, -1.0353553295135498, 0.6000000238418579], 8: [-1.0353553295135498, -0.9203158617019653, 0.5], 9: [0.9203158020973206, 1.0353553295135498, 0.6000000238418579], 10: [-1.0707106590270996, -0.9517428874969482, 0.550000011920929], 11: [-0.9517428874969482, 1.0707106590270996, 0.550000011920929], 12: [0.9517428874969482, -1.0707106590270996, 0.550000011920929], 13: [1.0707106590270996, 0.9517428874969482, 0.550000011920929], 14: [0.9203158617019653, -1.0353553295135498, 0.5], 15: [1.0353553295135498, -0.9203158020973206, 0.6000000238418579], 16: [-1.0353553295135498, 0.9203158020973206, 0.6000000238418579], 17: [1.0353553295135498, 0.9203158617019653, 0.5], 18: [-0.9203158617019653, -1.0353553295135498, 0.5], 19: [-0.6902368664741516, -1.0353553295135498, 0.5], 20: [-0.4601579010486603, -1.0353553295135498, 0.5], 21: [-0.23007893562316895, -1.0353553295135498, 0.5], 22: [3.725290298461914e-08, -1.0353553295135498, 0.5], 23: [0.23007899522781372, -1.0353553295135498, 0.5], 24: [0.46015799045562744, -1.0353553295135498, 0.5], 25: [0.6902369260787964, -1.0353553295135498, 0.5], 26: [-0.9517427682876587, -1.0707106590270996, 0.550000011920929], 27: [-0.7138070464134216, -1.0707106590270996, 0.550000011920929], 28: [-0.47587135434150696, -1.0707106590270996, 0.550000011920929], 29: [-0.2379356324672699, -1.0707106590270996, 0.550000011920929], 30: [5.960464477539063e-08, -1.0707106590270996, 0.550000011920929], 31: [0.23793575167655945, -1.0707106590270996, 0.550000011920929], 32: [0.4758714437484741, -1.0707106590270996, 0.550000011920929], 33: [0.7138071656227112, -1.0707106590270996, 0.550000011920929], 34: [0.9517427682876587, 1.0707106590270996, 0.550000011920929], 35: [0.7138070464134216, 1.0707106590270996, 0.550000011920929], 36: [0.47587135434150696, 1.0707106590270996, 0.550000011920929], 37: [0.2379356324672699, 1.0707106590270996, 0.550000011920929], 38: [-5.960464477539063e-08, 1.0707106590270996, 0.550000011920929], 39: [-0.23793575167655945, 1.0707106590270996, 0.550000011920929], 40: [-0.4758714437484741, 1.0707106590270996, 0.550000011920929], 41: [-0.7138071656227112, 1.0707106590270996, 0.550000011920929], 42: [-0.9203158617019653, 1.0353553295135498, 0.6000000238418579], 43: [-0.6902369260787964, 1.0353553295135498, 0.6000000238418579], 44: [-0.46015799045562744, 1.0353553295135498, 0.6000000238418579], 45: [-0.23007899522781372, 1.0353553295135498, 0.6000000238418579], 46: [-3.725290298461914e-08, 1.0353553295135498, 0.6000000238418579], 47: [0.23007893562316895, 1.0353553295135498, 0.6000000238418579], 48: [0.46015793085098267, 1.0353553295135498, 0.6000000238418579], 49: [0.6902369260787964, 1.0353553295135498, 0.6000000238418579], 50: [0.9203158617019653, -1.0353553295135498, 0.6000000238418579], 51: [0.6902369260787964, -1.0353553295135498, 0.6000000238418579], 52: [0.46015799045562744, -1.0353553295135498, 0.6000000238418579], 53: [0.23007899522781372, -1.0353553295135498, 0.6000000238418579], 54: [3.725290298461914e-08, -1.0353553295135498, 0.6000000238418579], 55: [-0.23007893562316895, -1.0353553295135498, 0.6000000238418579], 56: [-0.46015793085098267, -1.0353553295135498, 0.6000000238418579], 57: [-0.6902369260787964, -1.0353553295135498, 0.6000000238418579], 58: [-0.8888888955116272, 0.8888888955116272, 0.6000000238418579], 59: [-0.6666666865348816, 0.8888888955116272, 0.6000000238418579], 60: [-0.444444477558136, 0.8888888955116272, 0.6000000238418579], 61: [-0.222222238779068, 0.8888888955116272, 0.6000000238418579], 62: [-1.4901161193847656e-08, 0.8888888955116272, 0.6000000238418579], 63: [0.2222222238779068, 0.8888888955116272, 0.6000000238418579], 64: [0.444444477558136, 0.8888888955116272, 0.6000000238418579], 65: [0.6666666865348816, 0.8888888955116272, 0.6000000238418579], 66: [-0.8888888955116272, -1.0, 0.25], 67: [-0.6666666865348816, -1.0, 0.25], 68: [-0.444444477558136, -1.0, 0.25], 69: [-0.222222238779068, -1.0, 0.25], 70: [1.4901161193847656e-08, -1.0, 0.25], 71: [0.222222238779068, -1.0, 0.25], 72: [0.444444477558136, -1.0, 0.25], 73: [0.6666666865348816, -1.0, 0.25], 74: [0.8888888955116272, 1.0, 0.25], 75: [0.6666666865348816, 1.0, 0.25], 76: [0.444444477558136, 1.0, 0.25], 77: [0.222222238779068, 1.0, 0.25], 78: [-1.4901161193847656e-08, 1.0, 0.25], 79: [-0.222222238779068, 1.0, 0.25], 80: [-0.444444477558136, 1.0, 0.25], 81: [-0.6666666865348816, 1.0, 0.25], 82: [0.9203158617019653, 1.0353553295135498, 0.5], 83: [0.6902368664741516, 1.0353553295135498, 0.5], 84: [0.4601579010486603, 1.0353553295135498, 0.5], 85: [0.23007893562316895, 1.0353553295135498, 0.5], 86: [-3.725290298461914e-08, 1.0353553295135498, 0.5], 87: [-0.23007899522781372, 1.0353553295135498, 0.5], 88: [-0.46015799045562744, 1.0353553295135498, 0.5], 89: [-0.6902369260787964, 1.0353553295135498, 0.5], 90: [-0.8888888359069824, 0.8888888359069824, 0.0], 91: [-0.6666666865348816, 0.8888888359069824, 0.0], 92: [-0.444444477558136, 0.8888888359069824, 0.0], 93: [-0.222222238779068, 0.8888888359069824, 0.0], 94: [-1.4901161193847656e-08, 0.8888888359069824, 0.0], 95: [0.222222238779068, 0.8888888359069824, 0.0], 96: [0.444444477558136, 0.8888888359069824, 0.0], 97: [0.6666666865348816, 0.8888888359069824, 0.0], 98: [0.6666666865348816, -0.8888888955116272, 0.0], 99: [0.6666666865348816, -0.6666666865348816, 0.0], 100: [0.6666666865348816, -0.444444477558136, 0.0], 101: [0.6666666865348816, -0.222222238779068, 0.0], 102: [0.6666666865348816, -1.4901161193847656e-08, 0.0], 103: [0.6666666865348816, 0.2222222238779068, 0.0], 104: [0.6666666865348816, 0.444444477558136, 0.0], 105: [0.6666666865348816, 0.6666666865348816, 0.0], 106: [0.444444477558136, -0.8888888955116272, 0.0], 107: [0.444444477558136, -0.6666666865348816, 0.0], 108: [0.444444477558136, -0.444444477558136, 0.0], 109: [0.444444477558136, -0.222222238779068, 0.0], 110: [0.444444477558136, -1.4901161193847656e-08, 0.0], 111: [0.444444477558136, 0.2222222238779068, 0.0], 112: [0.444444477558136, 0.444444477558136, 0.0], 113: [0.444444477558136, 0.6666666865348816, 0.0], 114: [0.222222238779068, -0.8888888955116272, 0.0], 115: [0.222222238779068, -0.6666666865348816, 0.0], 116: [0.222222238779068, -0.444444477558136, 0.0], 117: [0.222222238779068, -0.222222238779068, 0.0], 118: [0.222222238779068, -1.4901161193847656e-08, 0.0], 119: [0.222222238779068, 0.2222222238779068, 0.0], 120: [0.222222238779068, 0.444444477558136, 0.0], 121: [0.222222238779068, 0.6666666865348816, 0.0], 122: [1.4901161193847656e-08, -0.8888888955116272, 0.0], 123: [1.30385160446167e-08, -0.6666666865348816, 0.0], 124: [1.862645149230957e-09, -0.444444477558136, 0.0], 125: [0.0, -0.222222238779068, 0.0], 126: [0.0, -1.4901161193847656e-08, 0.0], 127: [-1.862645149230957e-09, 0.2222222238779068, 0.0], 128: [-1.30385160446167e-08, 0.444444477558136, 0.0], 129: [-1.4901161193847656e-08, 0.6666666865348816, 0.0], 130: [-0.2222222238779068, -0.8888888955116272, 0.0], 131: [-0.2222222238779068, -0.6666666865348816, 0.0], 132: [-0.2222222238779068, -0.444444477558136, 0.0], 133: [-0.2222222238779068, -0.222222238779068, 0.0], 134: [-0.2222222238779068, -1.4901161193847656e-08, 0.0], 135: [-0.2222222238779068, 0.2222222238779068, 0.0], 136: [-0.2222222238779068, 0.444444477558136, 0.0], 137: [-0.222222238779068, 0.6666666865348816, 0.0], 138: [-0.444444477558136, -0.8888888955116272, 0.0], 139: [-0.444444477558136, -0.6666666865348816, 0.0], 140: [-0.444444477558136, -0.444444477558136, 0.0], 141: [-0.444444477558136, -0.222222238779068, 0.0], 142: [-0.444444477558136, -1.4901161193847656e-08, 0.0], 143: [-0.444444477558136, 0.2222222238779068, 0.0], 144: [-0.444444477558136, 0.444444477558136, 0.0], 145: [-0.444444477558136, 0.6666666865348816, 0.0], 146: [-0.6666666865348816, -0.8888888955116272, 0.0], 147: [-0.6666666865348816, -0.6666666865348816, 0.0], 148: [-0.6666666865348816, -0.444444477558136, 0.0], 149: [-0.6666666865348816, -0.222222238779068, 0.0], 150: [-0.6666666865348816, -1.4901161193847656e-08, 0.0], 151: [-0.6666666865348816, 0.2222222238779068, 0.0], 152: [-0.6666666865348816, 0.444444477558136, 0.0], 153: [-0.6666666865348816, 0.6666666865348816, 0.0], 154: [-0.8888888359069824, -0.8888888955116272, 0.0], 155: [-0.8888888359069824, -0.6666666865348816, 0.0], 156: [-0.8888888359069824, -0.444444477558136, 0.0], 157: [-0.8888888359069824, -0.222222238779068, 0.0], 158: [-0.8888888359069824, -1.4901161193847656e-08, 0.0], 159: [-0.8888888359069824, 0.2222222238779068, 0.0], 160: [-0.8888888359069824, 0.444444477558136, 0.0], 161: [-0.8888888359069824, 0.6666666865348816, 0.0], 162: [0.6666666865348816, -0.8888888359069824, 0.6000000238418579], 163: [0.6666666865348816, -0.6666666865348816, 0.6000000238418579], 164: [0.6666666865348816, -0.444444477558136, 0.6000000238418579], 165: [0.6666666865348816, -0.2222222238779068, 0.6000000238418579], 166: [0.6666666865348816, 1.4901161193847656e-08, 0.6000000238418579], 167: [0.6666666865348816, 0.222222238779068, 0.6000000238418579], 168: [0.6666666865348816, 0.444444477558136, 0.6000000238418579], 169: [0.6666666865348816, 0.6666666865348816, 0.6000000238418579], 170: [0.444444477558136, -0.8888888359069824, 0.6000000238418579], 171: [0.444444477558136, -0.6666666865348816, 0.6000000238418579], 172: [0.444444477558136, -0.444444477558136, 0.6000000238418579], 173: [0.444444477558136, -0.2222222238779068, 0.6000000238418579], 174: [0.444444477558136, 1.4901161193847656e-08, 0.6000000238418579], 175: [0.444444477558136, 0.222222238779068, 0.6000000238418579], 176: [0.444444477558136, 0.444444477558136, 0.6000000238418579], 177: [0.444444477558136, 0.6666666865348816, 0.6000000238418579], 178: [0.222222238779068, -0.8888888359069824, 0.6000000238418579], 179: [0.222222238779068, -0.6666666865348816, 0.6000000238418579], 180: [0.2222222238779068, -0.444444477558136, 0.6000000238418579], 181: [0.2222222238779068, -0.2222222238779068, 0.6000000238418579], 182: [0.2222222238779068, 1.4901161193847656e-08, 0.6000000238418579], 183: [0.2222222238779068, 0.222222238779068, 0.6000000238418579], 184: [0.2222222238779068, 0.444444477558136, 0.6000000238418579], 185: [0.2222222238779068, 0.6666666865348816, 0.6000000238418579], 186: [1.4901161193847656e-08, -0.8888888359069824, 0.6000000238418579], 187: [1.4901161193847656e-08, -0.6666666865348816, 0.6000000238418579], 188: [1.1175870895385742e-08, -0.444444477558136, 0.6000000238418579], 189: [3.725290298461914e-09, -0.2222222238779068, 0.6000000238418579], 190: [0.0, 1.4901161193847656e-08, 0.6000000238418579], 191: [0.0, 0.222222238779068, 0.6000000238418579], 192: [-3.725290298461914e-09, 0.444444477558136, 0.6000000238418579], 193: [-1.1175870895385742e-08, 0.6666666865348816, 0.6000000238418579], 194: [-0.222222238779068, -0.8888888359069824, 0.6000000238418579], 195: [-0.222222238779068, -0.6666666865348816, 0.6000000238418579], 196: [-0.222222238779068, -0.444444477558136, 0.6000000238418579], 197: [-0.222222238779068, -0.2222222238779068, 0.6000000238418579], 198: [-0.222222238779068, 1.4901161193847656e-08, 0.6000000238418579], 199: [-0.222222238779068, 0.222222238779068, 0.6000000238418579], 200: [-0.222222238779068, 0.444444477558136, 0.6000000238418579], 201: [-0.222222238779068, 0.6666666865348816, 0.6000000238418579], 202: [-0.444444477558136, -0.8888888359069824, 0.6000000238418579], 203: [-0.444444477558136, -0.6666666865348816, 0.6000000238418579], 204: [-0.444444477558136, -0.444444477558136, 0.6000000238418579], 205: [-0.444444477558136, -0.2222222238779068, 0.6000000238418579], 206: [-0.444444477558136, 1.4901161193847656e-08, 0.6000000238418579], 207: [-0.444444477558136, 0.222222238779068, 0.6000000238418579], 208: [-0.444444477558136, 0.444444477558136, 0.6000000238418579], 209: [-0.444444477558136, 0.6666666865348816, 0.6000000238418579], 210: [-0.6666666865348816, -0.8888888359069824, 0.6000000238418579], 211: [-0.6666666865348816, -0.6666666865348816, 0.6000000238418579], 212: [-0.6666666865348816, -0.444444477558136, 0.6000000238418579], 213: [-0.6666666865348816, -0.2222222238779068, 0.6000000238418579], 214: [-0.6666666865348816, 1.4901161193847656e-08, 0.6000000238418579], 215: [-0.6666666865348816, 0.222222238779068, 0.6000000238418579], 216: [-0.6666666865348816, 0.444444477558136, 0.6000000238418579], 217: [-0.6666666865348816, 0.6666666865348816, 0.6000000238418579], 218: [-0.8888888955116272, -0.8888888359069824, 0.6000000238418579], 219: [-0.8888888955116272, -0.6666666865348816, 0.6000000238418579], 220: [-0.8888888955116272, -0.444444477558136, 0.6000000238418579], 221: [-0.8888888955116272, -0.222222238779068, 0.6000000238418579], 222: [-0.8888888955116272, 0.0, 0.6000000238418579], 223: [-0.8888888955116272, 0.222222238779068, 0.6000000238418579], 224: [-0.8888888955116272, 0.444444477558136, 0.6000000238418579], 225: [-0.8888888955116272, 0.6666666865348816, 0.6000000238418579], 226: [1.0353553295135498, -0.9203158617019653, 0.5], 227: [1.0353553295135498, -0.6902368664741516, 0.5], 228: [1.0353553295135498, -0.4601579010486603, 0.5], 229: [1.0353553295135498, -0.23007893562316895, 0.5], 230: [1.0353553295135498, 3.725290298461914e-08, 0.5], 231: [1.0353553295135498, 0.23007899522781372, 0.5], 232: [1.0353553295135498, 0.46015799045562744, 0.5], 233: [1.0353553295135498, 0.6902369260787964, 0.5], 234: [-1.0353553295135498, -0.9203158617019653, 0.6000000238418579], 235: [-1.0353553295135498, -0.6902369260787964, 0.6000000238418579], 236: [-1.0353553295135498, -0.46015799045562744, 0.6000000238418579], 237: [-1.0353553295135498, -0.23007899522781372, 0.6000000238418579], 238: [-1.0353553295135498, -3.725290298461914e-08, 0.6000000238418579], 239: [-1.0353553295135498, 0.23007893562316895, 0.6000000238418579], 240: [-1.0353553295135498, 0.46015793085098267, 0.6000000238418579], 241: [-1.0353553295135498, 0.6902369260787964, 0.6000000238418579], 242: [1.0353553295135498, 0.9203158617019653, 0.6000000238418579], 243: [1.0353553295135498, 0.6902369260787964, 0.6000000238418579], 244: [1.0353553295135498, 0.46015799045562744, 0.6000000238418579], 245: [1.0353553295135498, 0.23007899522781372, 0.6000000238418579], 246: [1.0353553295135498, 3.725290298461914e-08, 0.6000000238418579], 247: [1.0353553295135498, -0.23007893562316895, 0.6000000238418579], 248: [1.0353553295135498, -0.46015793085098267, 0.6000000238418579], 249: [1.0353553295135498, -0.6902369260787964, 0.6000000238418579], 250: [1.0707106590270996, -0.9517427682876587, 0.550000011920929], 251: [1.0707106590270996, -0.7138070464134216, 0.550000011920929], 252: [1.0707106590270996, -0.47587135434150696, 0.550000011920929], 253: [1.0707106590270996, -0.2379356324672699, 0.550000011920929], 254: [1.0707106590270996, 5.960464477539063e-08, 0.550000011920929], 255: [1.0707106590270996, 0.23793575167655945, 0.550000011920929], 256: [1.0707106590270996, 0.4758714437484741, 0.550000011920929], 257: [1.0707106590270996, 0.7138071656227112, 0.550000011920929], 258: [-1.0707106590270996, 0.9517427682876587, 0.550000011920929], 259: [-1.0707106590270996, 0.7138070464134216, 0.550000011920929], 260: [-1.0707106590270996, 0.47587135434150696, 0.550000011920929], 261: [-1.0707106590270996, 0.2379356324672699, 0.550000011920929], 262: [-1.0707106590270996, -5.960464477539063e-08, 0.550000011920929], 263: [-1.0707106590270996, -0.23793575167655945, 0.550000011920929], 264: [-1.0707106590270996, -0.4758714437484741, 0.550000011920929], 265: [-1.0707106590270996, -0.7138071656227112, 0.550000011920929], 266: [-1.0353553295135498, 0.9203158617019653, 0.5], 267: [-1.0353553295135498, 0.6902368664741516, 0.5], 268: [-1.0353553295135498, 0.4601579010486603, 0.5], 269: [-1.0353553295135498, 0.23007893562316895, 0.5], 270: [-1.0353553295135498, -3.725290298461914e-08, 0.5], 271: [-1.0353553295135498, -0.23007899522781372, 0.5], 272: [-1.0353553295135498, -0.46015799045562744, 0.5], 273: [-1.0353553295135498, -0.6902369260787964, 0.5], 274: [0.8888888359069824, -0.8888888359069824, 0.6000000238418579], 275: [0.8888888359069824, -0.6666666865348816, 0.6000000238418579], 276: [0.8888888359069824, -0.444444477558136, 0.6000000238418579], 277: [0.8888888359069824, -0.2222222238779068, 0.6000000238418579], 278: [0.8888888359069824, 1.4901161193847656e-08, 0.6000000238418579], 279: [0.8888888359069824, 0.222222238779068, 0.6000000238418579], 280: [0.8888888359069824, 0.444444477558136, 0.6000000238418579], 281: [0.8888888359069824, 0.6666666865348816, 0.6000000238418579], 282: [-1.0, 0.8888888955116272, 0.25], 283: [-1.0, 0.6666666865348816, 0.25], 284: [-1.0, 0.444444477558136, 0.25], 285: [-1.0, 0.222222238779068, 0.25], 286: [-1.0, -1.4901161193847656e-08, 0.25], 287: [-1.0, -0.222222238779068, 0.25], 288: [-1.0, -0.444444477558136, 0.25], 289: [-1.0, -0.6666666865348816, 0.25], 290: [1.0, -0.8888888955116272, 0.25], 291: [1.0, -0.6666666865348816, 0.25], 292: [1.0, -0.444444477558136, 0.25], 293: [1.0, -0.222222238779068, 0.25], 294: [1.0, 1.4901161193847656e-08, 0.25], 295: [1.0, 0.222222238779068, 0.25], 296: [1.0, 0.444444477558136, 0.25], 297: [1.0, 0.6666666865348816, 0.25], 298: [0.8888888955116272, -0.8888888955116272, 0.0], 299: [0.8888888955116272, -0.6666666865348816, 0.0], 300: [0.8888888955116272, -0.444444477558136, 0.0], 301: [0.8888888955116272, -0.222222238779068, 0.0], 302: [0.8888888955116272, 0.0, 0.0], 303: [0.8888888955116272, 0.222222238779068, 0.0], 304: [0.8888888955116272, 0.444444477558136, 0.0], 305: [0.8888888955116272, 0.6666666865348816, 0.0]}, 'editMode': True}, 'Plane.001', {'tolerance': 10}]
['Loop Cut and Slide', {'number_cuts': 1, 'smoothness': 0, 'value': 0.4, 'single_side': False, 'newVertices': [308, 309, 310, 311, 312, 313, 314, 315, 316, 317, 318, 319, 320, 321, 322, 323, 324, 325, 326, 327, 328, 329, 330, 331, 332, 333, 334, 335, 336, 337, 338, 339, 340, 341, 342, 343], 'newFaces': [306, 307, 308, 309, 310, 311, 312, 313, 314, 315, 316, 317, 318, 319, 320, 321, 322, 323, 324, 325, 326, 327, 328, 329, 330, 331, 332, 333, 334, 335, 336, 337, 338, 339, 340, 341], 'vertices': {0: [-1.0, -1.0, 0.0], 1: [1.0, -1.0, 0.0], 2: [-1.0, 1.0, 0.0], 3: [1.0, 1.0, 0.0], 4: [-1.0, 1.0, 0.5], 5: [-1.0, -1.0, 0.5], 6: [1.0, -1.0, 0.5], 7: [1.0, 1.0, 0.5], 8: [-1.0, 1.0, 0.6000000238418579], 9: [-1.0, -1.0, 0.6000000238418579], 10: [1.0, -1.0, 0.6000000238418579], 11: [1.0, 1.0, 0.6000000238418579], 12: [-1.0707106590270996, 1.0707106590270996, 0.5], 13: [-1.0707106590270996, -1.0707106590270996, 0.5], 14: [1.0707106590270996, -1.0707106590270996, 0.5], 15: [1.0707106590270996, 1.0707106590270996, 0.5], 16: [-1.0707106590270996, 1.0707106590270996, 0.6000000238418579], 17: [-1.0707106590270996, -1.0707106590270996, 0.6000000238418579], 18: [1.0707106590270996, -1.0707106590270996, 0.6000000238418579], 19: [1.0707106590270996, 1.0707106590270996, 0.6000000238418579], 20: [-0.7777777910232544, -1.0, 0.0], 21: [-0.5555555820465088, -1.0, 0.0], 22: [-0.3333333432674408, -1.0, 0.0], 23: [-0.1111111044883728, -1.0, 0.0], 24: [0.11111113429069519, -1.0, 0.0], 25: [0.3333333432674408, -1.0, 0.0], 26: [0.5555555820465088, -1.0, 0.0], 27: [0.7777777910232544, -1.0, 0.0], 28: [0.7777777910232544, 1.0, 0.0], 29: [0.5555555820465088, 1.0, 0.0], 30: [0.3333333432674408, 1.0, 0.0], 31: [0.1111111044883728, 1.0, 0.0], 32: [-0.11111113429069519, 1.0, 0.0], 33: [-0.3333333432674408, 1.0, 0.0], 34: [-0.5555555820465088, 1.0, 0.0], 35: [-0.7777777910232544, 1.0, 0.0], 36: [-0.7777777910232544, -1.0, 0.5], 37: [-0.5555555820465088, -1.0, 0.5], 38: [-0.3333333432674408, -1.0, 0.5], 39: [-0.1111111044883728, -1.0, 0.5], 40: [0.11111113429069519, -1.0, 0.5], 41: [0.3333333432674408, -1.0, 0.5], 42: [0.5555555820465088, -1.0, 0.5], 43: [0.7777777910232544, -1.0, 0.5], 44: [0.7777777910232544, 1.0, 0.5], 45: [0.5555555820465088, 1.0, 0.5], 46: [0.3333333432674408, 1.0, 0.5], 47: [0.1111111044883728, 1.0, 0.5], 48: [-0.11111113429069519, 1.0, 0.5], 49: [-0.3333333432674408, 1.0, 0.5], 50: [-0.5555555820465088, 1.0, 0.5], 51: [-0.7777777910232544, 1.0, 0.5], 52: [-0.7777777910232544, -1.0, 0.6000000238418579], 53: [-0.5555555820465088, -1.0, 0.6000000238418579], 54: [-0.3333333432674408, -1.0, 0.6000000238418579], 55: [-0.1111111044883728, -1.0, 0.6000000238418579], 56: [0.11111113429069519, -1.0, 0.6000000238418579], 57: [0.3333333432674408, -1.0, 0.6000000238418579], 58: [0.5555555820465088, -1.0, 0.6000000238418579], 59: [0.7777777910232544, -1.0, 0.6000000238418579], 60: [0.7777777910232544, 1.0, 0.6000000238418579], 61: [0.5555555820465088, 1.0, 0.6000000238418579], 62: [0.3333333432674408, 1.0, 0.6000000238418579], 63: [0.1111111044883728, 1.0, 0.6000000238418579], 64: [-0.11111113429069519, 1.0, 0.6000000238418579], 65: [-0.3333333432674408, 1.0, 0.6000000238418579], 66: [-0.5555555820465088, 1.0, 0.6000000238418579], 67: [-0.7777777910232544, 1.0, 0.6000000238418579], 68: [-0.8327749371528625, -1.0707106590270996, 0.5], 69: [-0.5948392152786255, -1.0707106590270996, 0.5], 70: [-0.3569034934043884, -1.0707106590270996, 0.5], 71: [-0.11896778643131256, -1.0707106590270996, 0.5], 72: [0.11896790564060211, -1.0707106590270996, 0.5], 73: [0.356903612613678, -1.0707106590270996, 0.5], 74: [0.594839334487915, -1.0707106590270996, 0.5], 75: [0.8327749967575073, -1.0707106590270996, 0.5], 76: [0.8327749371528625, 1.0707106590270996, 0.5], 77: [0.5948392152786255, 1.0707106590270996, 0.5], 78: [0.3569034934043884, 1.0707106590270996, 0.5], 79: [0.11896778643131256, 1.0707106590270996, 0.5], 80: [-0.11896790564060211, 1.0707106590270996, 0.5], 81: [-0.356903612613678, 1.0707106590270996, 0.5], 82: [-0.594839334487915, 1.0707106590270996, 0.5], 83: [-0.8327749967575073, 1.0707106590270996, 0.5], 84: [-0.8327749371528625, -1.0707106590270996, 0.6000000238418579], 85: [-0.5948392152786255, -1.0707106590270996, 0.6000000238418579], 86: [-0.3569034934043884, -1.0707106590270996, 0.6000000238418579], 87: [-0.11896778643131256, -1.0707106590270996, 0.6000000238418579], 88: [0.11896790564060211, -1.0707106590270996, 0.6000000238418579], 89: [0.356903612613678, -1.0707106590270996, 0.6000000238418579], 90: [0.594839334487915, -1.0707106590270996, 0.6000000238418579], 91: [0.8327749967575073, -1.0707106590270996, 0.6000000238418579], 92: [0.8327749371528625, 1.0707106590270996, 0.6000000238418579], 93: [0.5948392152786255, 1.0707106590270996, 0.6000000238418579], 94: [0.3569034934043884, 1.0707106590270996, 0.6000000238418579], 95: [0.11896778643131256, 1.0707106590270996, 0.6000000238418579], 96: [-0.11896790564060211, 1.0707106590270996, 0.6000000238418579], 97: [-0.356903612613678, 1.0707106590270996, 0.6000000238418579], 98: [-0.594839334487915, 1.0707106590270996, 0.6000000238418579], 99: [-0.8327749967575073, 1.0707106590270996, 0.6000000238418579], 100: [-1.0, 0.7777777910232544, 0.0], 101: [-1.0, 0.5555555820465088, 0.0], 102: [-1.0, 0.3333333432674408, 0.0], 103: [-1.0, 0.1111111044883728, 0.0], 104: [-1.0, -0.11111113429069519, 0.0], 105: [-1.0, -0.3333333432674408, 0.0], 106: [-1.0, -0.5555555820465088, 0.0], 107: [-1.0, -0.7777777910232544, 0.0], 108: [1.0, -0.7777777910232544, 0.0], 109: [1.0, -0.5555555820465088, 0.0], 110: [1.0, -0.3333333432674408, 0.0], 111: [1.0, -0.1111111044883728, 0.0], 112: [1.0, 0.11111113429069519, 0.0], 113: [1.0, 0.3333333432674408, 0.0], 114: [1.0, 0.5555555820465088, 0.0], 115: [1.0, 0.7777777910232544, 0.0], 116: [-1.0, 0.7777777910232544, 0.5], 117: [-1.0, 0.5555555820465088, 0.5], 118: [-1.0, 0.3333333432674408, 0.5], 119: [-1.0, 0.1111111044883728, 0.5], 120: [-1.0, -0.11111113429069519, 0.5], 121: [-1.0, -0.3333333432674408, 0.5], 122: [-1.0, -0.5555555820465088, 0.5], 123: [-1.0, -0.7777777910232544, 0.5], 124: [1.0, -0.7777777910232544, 0.5], 125: [1.0, -0.5555555820465088, 0.5], 126: [1.0, -0.3333333432674408, 0.5], 127: [1.0, -0.1111111044883728, 0.5], 128: [1.0, 0.11111113429069519, 0.5], 129: [1.0, 0.3333333432674408, 0.5], 130: [1.0, 0.5555555820465088, 0.5], 131: [1.0, 0.7777777910232544, 0.5], 132: [-1.0, 0.7777777910232544, 0.6000000238418579], 133: [-1.0, 0.5555555820465088, 0.6000000238418579], 134: [-1.0, 0.3333333432674408, 0.6000000238418579], 135: [-1.0, 0.1111111044883728, 0.6000000238418579], 136: [-1.0, -0.11111113429069519, 0.6000000238418579], 137: [-1.0, -0.3333333432674408, 0.6000000238418579], 138: [-1.0, -0.5555555820465088, 0.6000000238418579], 139: [-1.0, -0.7777777910232544, 0.6000000238418579], 140: [1.0, -0.7777777910232544, 0.6000000238418579], 141: [1.0, -0.5555555820465088, 0.6000000238418579], 142: [1.0, -0.3333333432674408, 0.6000000238418579], 143: [1.0, -0.1111111044883728, 0.6000000238418579], 144: [1.0, 0.11111113429069519, 0.6000000238418579], 145: [1.0, 0.3333333432674408, 0.6000000238418579], 146: [1.0, 0.5555555820465088, 0.6000000238418579], 147: [1.0, 0.7777777910232544, 0.6000000238418579], 148: [-1.0707106590270996, 0.8327749371528625, 0.5], 149: [-1.0707106590270996, 0.5948392152786255, 0.5], 150: [-1.0707106590270996, 0.3569034934043884, 0.5], 151: [-1.0707106590270996, 0.11896778643131256, 0.5], 152: [-1.0707106590270996, -0.11896790564060211, 0.5], 153: [-1.0707106590270996, -0.356903612613678, 0.5], 154: [-1.0707106590270996, -0.594839334487915, 0.5], 155: [-1.0707106590270996, -0.8327749967575073, 0.5], 156: [1.0707106590270996, -0.8327749371528625, 0.5], 157: [1.0707106590270996, -0.5948392152786255, 0.5], 158: [1.0707106590270996, -0.3569034934043884, 0.5], 159: [1.0707106590270996, -0.11896778643131256, 0.5], 160: [1.0707106590270996, 0.11896790564060211, 0.5], 161: [1.0707106590270996, 0.356903612613678, 0.5], 162: [1.0707106590270996, 0.594839334487915, 0.5], 163: [1.0707106590270996, 0.8327749967575073, 0.5], 164: [-1.0707106590270996, 0.8327749371528625, 0.6000000238418579], 165: [-1.0707106590270996, 0.5948392152786255, 0.6000000238418579], 166: [-1.0707106590270996, 0.3569034934043884, 0.6000000238418579], 167: [-1.0707106590270996, 0.11896778643131256, 0.6000000238418579], 168: [-1.0707106590270996, -0.11896790564060211, 0.6000000238418579], 169: [-1.0707106590270996, -0.356903612613678, 0.6000000238418579], 170: [-1.0707106590270996, -0.594839334487915, 0.6000000238418579], 171: [-1.0707106590270996, -0.8327749967575073, 0.6000000238418579], 172: [1.0707106590270996, -0.8327749371528625, 0.6000000238418579], 173: [1.0707106590270996, -0.5948392152786255, 0.6000000238418579], 174: [1.0707106590270996, -0.3569034934043884, 0.6000000238418579], 175: [1.0707106590270996, -0.11896778643131256, 0.6000000238418579], 176: [1.0707106590270996, 0.11896790564060211, 0.6000000238418579], 177: [1.0707106590270996, 0.356903612613678, 0.6000000238418579], 178: [1.0707106590270996, 0.594839334487915, 0.6000000238418579], 179: [1.0707106590270996, 0.8327749967575073, 0.6000000238418579], 180: [-0.7777777910232544, -0.7777777910232544, 0.6000000238418579], 181: [-0.7777777910232544, -0.5555555820465088, 0.6000000238418579], 182: [-0.7777777910232544, -0.3333333432674408, 0.6000000238418579], 183: [-0.7777777910232544, -0.1111111044883728, 0.6000000238418579], 184: [-0.7777777910232544, 0.11111113429069519, 0.6000000238418579], 185: [-0.7777777910232544, 0.3333333432674408, 0.6000000238418579], 186: [-0.7777777910232544, 0.5555555820465088, 0.6000000238418579], 187: [-0.7777777910232544, 0.7777777910232544, 0.6000000238418579], 188: [-0.5555555820465088, -0.7777777910232544, 0.6000000238418579], 189: [-0.5555555820465088, -0.5555555820465088, 0.6000000238418579], 190: [-0.5555555820465088, -0.3333333432674408, 0.6000000238418579], 191: [-0.5555555820465088, -0.1111111044883728, 0.6000000238418579], 192: [-0.5555555820465088, 0.11111113429069519, 0.6000000238418579], 193: [-0.5555555820465088, 0.3333333432674408, 0.6000000238418579], 194: [-0.5555555820465088, 0.5555555820465088, 0.6000000238418579], 195: [-0.5555555820465088, 0.7777777910232544, 0.6000000238418579], 196: [-0.3333333432674408, -0.7777777910232544, 0.6000000238418579], 197: [-0.3333333432674408, -0.5555555820465088, 0.6000000238418579], 198: [-0.3333333432674408, -0.3333333432674408, 0.6000000238418579], 199: [-0.3333333432674408, -0.1111111044883728, 0.6000000238418579], 200: [-0.3333333432674408, 0.11111113429069519, 0.6000000238418579], 201: [-0.3333333432674408, 0.3333333432674408, 0.6000000238418579], 202: [-0.3333333432674408, 0.5555555820465088, 0.6000000238418579], 203: [-0.3333333432674408, 0.7777777910232544, 0.6000000238418579], 204: [-0.1111111044883728, -0.7777777910232544, 0.6000000238418579], 205: [-0.1111111044883728, -0.5555555820465088, 0.6000000238418579], 206: [-0.1111111119389534, -0.3333333432674408, 0.6000000238418579], 207: [-0.111111119389534, -0.1111111044883728, 0.6000000238418579], 208: [-0.111111119389534, 0.11111113429069519, 0.6000000238418579], 209: [-0.111111119389534, 0.3333333432674408, 0.6000000238418579], 210: [-0.1111111268401146, 0.5555555820465088, 0.6000000238418579], 211: [-0.11111113429069519, 0.7777777910232544, 0.6000000238418579], 212: [0.11111113429069519, -0.7777777910232544, 0.6000000238418579], 213: [0.11111113429069519, -0.5555555820465088, 0.6000000238418579], 214: [0.1111111268401146, -0.3333333432674408, 0.6000000238418579], 215: [0.111111119389534, -0.1111111044883728, 0.6000000238418579], 216: [0.111111119389534, 0.11111113429069519, 0.6000000238418579], 217: [0.111111119389534, 0.3333333432674408, 0.6000000238418579], 218: [0.1111111119389534, 0.5555555820465088, 0.6000000238418579], 219: [0.1111111044883728, 0.7777777910232544, 0.6000000238418579], 220: [0.3333333432674408, -0.7777777910232544, 0.6000000238418579], 221: [0.3333333432674408, -0.5555555820465088, 0.6000000238418579], 222: [0.3333333432674408, -0.3333333432674408, 0.6000000238418579], 223: [0.3333333432674408, -0.1111111044883728, 0.6000000238418579], 224: [0.3333333432674408, 0.11111113429069519, 0.6000000238418579], 225: [0.3333333432674408, 0.3333333432674408, 0.6000000238418579], 226: [0.3333333432674408, 0.5555555820465088, 0.6000000238418579], 227: [0.3333333432674408, 0.7777777910232544, 0.6000000238418579], 228: [0.5555555820465088, -0.7777777910232544, 0.6000000238418579], 229: [0.5555555820465088, -0.5555555820465088, 0.6000000238418579], 230: [0.5555555820465088, -0.3333333432674408, 0.6000000238418579], 231: [0.5555555820465088, -0.1111111044883728, 0.6000000238418579], 232: [0.5555555820465088, 0.11111113429069519, 0.6000000238418579], 233: [0.5555555820465088, 0.3333333432674408, 0.6000000238418579], 234: [0.5555555820465088, 0.5555555820465088, 0.6000000238418579], 235: [0.5555555820465088, 0.7777777910232544, 0.6000000238418579], 236: [0.7777777910232544, -0.7777777910232544, 0.6000000238418579], 237: [0.7777777910232544, -0.5555555820465088, 0.6000000238418579], 238: [0.7777777910232544, -0.3333333432674408, 0.6000000238418579], 239: [0.7777777910232544, -0.1111111044883728, 0.6000000238418579], 240: [0.7777777910232544, 0.11111113429069519, 0.6000000238418579], 241: [0.7777777910232544, 0.3333333432674408, 0.6000000238418579], 242: [0.7777777910232544, 0.5555555820465088, 0.6000000238418579], 243: [0.7777777910232544, 0.7777777910232544, 0.6000000238418579], 244: [-0.7777777910232544, 0.7777777910232544, 0.0], 245: [-0.7777777910232544, 0.5555555820465088, 0.0], 246: [-0.7777777910232544, 0.3333333432674408, 0.0], 247: [-0.7777777910232544, 0.1111111044883728, 0.0], 248: [-0.7777777910232544, -0.11111113429069519, 0.0], 249: [-0.7777777910232544, -0.3333333432674408, 0.0], 250: [-0.7777777910232544, -0.5555555820465088, 0.0], 251: [-0.7777777910232544, -0.7777777910232544, 0.0], 252: [-0.5555555820465088, 0.7777777910232544, 0.0], 253: [-0.5555555820465088, 0.5555555820465088, 0.0], 254: [-0.5555555820465088, 0.3333333432674408, 0.0], 255: [-0.5555555820465088, 0.1111111044883728, 0.0], 256: [-0.5555555820465088, -0.11111113429069519, 0.0], 257: [-0.5555555820465088, -0.3333333432674408, 0.0], 258: [-0.5555555820465088, -0.5555555820465088, 0.0], 259: [-0.5555555820465088, -0.7777777910232544, 0.0], 260: [-0.3333333432674408, 0.7777777910232544, 0.0], 261: [-0.3333333432674408, 0.5555555820465088, 0.0], 262: [-0.3333333432674408, 0.3333333432674408, 0.0], 263: [-0.3333333432674408, 0.1111111044883728, 0.0], 264: [-0.3333333432674408, -0.11111113429069519, 0.0], 265: [-0.3333333432674408, -0.3333333432674408, 0.0], 266: [-0.3333333432674408, -0.5555555820465088, 0.0], 267: [-0.3333333432674408, -0.7777777910232544, 0.0], 268: [-0.11111113429069519, 0.7777777910232544, 0.0], 269: [-0.11111113429069519, 0.5555555820465088, 0.0], 270: [-0.1111111268401146, 0.3333333432674408, 0.0], 271: [-0.111111119389534, 0.1111111044883728, 0.0], 272: [-0.111111119389534, -0.11111113429069519, 0.0], 273: [-0.111111119389534, -0.3333333432674408, 0.0], 274: [-0.1111111119389534, -0.5555555820465088, 0.0], 275: [-0.1111111044883728, -0.7777777910232544, 0.0], 276: [0.1111111044883728, 0.7777777910232544, 0.0], 277: [0.1111111044883728, 0.5555555820465088, 0.0], 278: [0.1111111119389534, 0.3333333432674408, 0.0], 279: [0.111111119389534, 0.1111111044883728, 0.0], 280: [0.111111119389534, -0.11111113429069519, 0.0], 281: [0.111111119389534, -0.3333333432674408, 0.0], 282: [0.1111111268401146, -0.5555555820465088, 0.0], 283: [0.11111113429069519, -0.7777777910232544, 0.0], 284: [0.3333333432674408, 0.7777777910232544, 0.0], 285: [0.3333333432674408, 0.5555555820465088, 0.0], 286: [0.3333333432674408, 0.3333333432674408, 0.0], 287: [0.3333333432674408, 0.1111111044883728, 0.0], 288: [0.3333333432674408, -0.11111113429069519, 0.0], 289: [0.3333333432674408, -0.3333333432674408, 0.0], 290: [0.3333333432674408, -0.5555555820465088, 0.0], 291: [0.3333333432674408, -0.7777777910232544, 0.0], 292: [0.5555555820465088, 0.7777777910232544, 0.0], 293: [0.5555555820465088, 0.5555555820465088, 0.0], 294: [0.5555555820465088, 0.3333333432674408, 0.0], 295: [0.5555555820465088, 0.1111111044883728, 0.0], 296: [0.5555555820465088, -0.11111113429069519, 0.0], 297: [0.5555555820465088, -0.3333333432674408, 0.0], 298: [0.5555555820465088, -0.5555555820465088, 0.0], 299: [0.5555555820465088, -0.7777777910232544, 0.0], 300: [0.7777777910232544, 0.7777777910232544, 0.0], 301: [0.7777777910232544, 0.5555555820465088, 0.0], 302: [0.7777777910232544, 0.3333333432674408, 0.0], 303: [0.7777777910232544, 0.1111111044883728, 0.0], 304: [0.7777777910232544, -0.11111113429069519, 0.0], 305: [0.7777777910232544, -0.3333333432674408, 0.0], 306: [0.7777777910232544, -0.5555555820465088, 0.0], 307: [0.7777777910232544, -0.7777777910232544, 0.0], 308: [1.0, 1.0, 0.15000000596046448], 309: [1.0, -1.0, 0.15000000596046448], 310: [-1.0, -1.0, 0.15000000596046448], 311: [-1.0, 1.0, 0.15000000596046448], 312: [-0.7777777910232544, -1.0, 0.15000000596046448], 313: [-0.5555555820465088, -1.0, 0.15000000596046448], 314: [-0.3333333432674408, -1.0, 0.15000000596046448], 315: [-0.1111111044883728, -1.0, 0.15000000596046448], 316: [0.11111113429069519, -1.0, 0.15000000596046448], 317: [0.3333333432674408, -1.0, 0.15000000596046448], 318: [0.5555555820465088, -1.0, 0.15000000596046448], 319: [0.7777777910232544, -1.0, 0.15000000596046448], 320: [0.7777777910232544, 1.0, 0.15000000596046448], 321: [0.5555555820465088, 1.0, 0.15000000596046448], 322: [0.3333333432674408, 1.0, 0.15000000596046448], 323: [0.1111111044883728, 1.0, 0.15000000596046448], 324: [-0.11111113429069519, 1.0, 0.15000000596046448], 325: [-0.3333333432674408, 1.0, 0.15000000596046448], 326: [-0.5555555820465088, 1.0, 0.15000000596046448], 327: [-0.7777777910232544, 1.0, 0.15000000596046448], 328: [-1.0, 0.7777777910232544, 0.15000000596046448], 329: [-1.0, 0.5555555820465088, 0.15000000596046448], 330: [-1.0, 0.3333333432674408, 0.15000000596046448], 331: [-1.0, 0.1111111044883728, 0.15000000596046448], 332: [-1.0, -0.11111113429069519, 0.15000000596046448], 333: [-1.0, -0.3333333432674408, 0.15000000596046448], 334: [-1.0, -0.5555555820465088, 0.15000000596046448], 335: [-1.0, -0.7777777910232544, 0.15000000596046448], 336: [1.0, -0.7777777910232544, 0.15000000596046448], 337: [1.0, -0.5555555820465088, 0.15000000596046448], 338: [1.0, -0.3333333432674408, 0.15000000596046448], 339: [1.0, -0.1111111044883728, 0.15000000596046448], 340: [1.0, 0.11111113429069519, 0.15000000596046448], 341: [1.0, 0.3333333432674408, 0.15000000596046448], 342: [1.0, 0.5555555820465088, 0.15000000596046448], 343: [1.0, 0.7777777910232544, 0.15000000596046448]}, 'faces': {0: [0.8888888955116272, 0.8888888359069824, 0.0], 1: [-0.9203158617019653, 1.0353553295135498, 0.5], 2: [1.0, 0.8888888359069824, 0.32499998807907104], 3: [-1.0, -0.8888888359069824, 0.32499998807907104], 4: [-0.8888888359069824, 1.0, 0.32499998807907104], 5: [0.8888888359069824, -1.0, 0.32499998807907104], 6: [0.8888888359069824, 0.8888888955116272, 0.6000000238418579], 7: [-0.9203158020973206, -1.0353553295135498, 0.6000000238418579], 8: [-1.0353553295135498, -0.9203158617019653, 0.5], 9: [0.9203158020973206, 1.0353553295135498, 0.6000000238418579], 10: [-1.0707106590270996, -0.9517428874969482, 0.550000011920929], 11: [-0.9517428874969482, 1.0707106590270996, 0.550000011920929], 12: [0.9517428874969482, -1.0707106590270996, 0.550000011920929], 13: [1.0707106590270996, 0.9517428874969482, 0.550000011920929], 14: [0.9203158617019653, -1.0353553295135498, 0.5], 15: [1.0353553295135498, -0.9203158020973206, 0.6000000238418579], 16: [-1.0353553295135498, 0.9203158020973206, 0.6000000238418579], 17: [1.0353553295135498, 0.9203158617019653, 0.5], 18: [-0.9203158617019653, -1.0353553295135498, 0.5], 19: [-0.6902368664741516, -1.0353553295135498, 0.5], 20: [-0.4601579010486603, -1.0353553295135498, 0.5], 21: [-0.23007893562316895, -1.0353553295135498, 0.5], 22: [3.725290298461914e-08, -1.0353553295135498, 0.5], 23: [0.23007899522781372, -1.0353553295135498, 0.5], 24: [0.46015799045562744, -1.0353553295135498, 0.5], 25: [0.6902369260787964, -1.0353553295135498, 0.5], 26: [-0.9517427682876587, -1.0707106590270996, 0.550000011920929], 27: [-0.7138070464134216, -1.0707106590270996, 0.550000011920929], 28: [-0.47587135434150696, -1.0707106590270996, 0.550000011920929], 29: [-0.2379356324672699, -1.0707106590270996, 0.550000011920929], 30: [5.960464477539063e-08, -1.0707106590270996, 0.550000011920929], 31: [0.23793575167655945, -1.0707106590270996, 0.550000011920929], 32: [0.4758714437484741, -1.0707106590270996, 0.550000011920929], 33: [0.7138071656227112, -1.0707106590270996, 0.550000011920929], 34: [0.9517427682876587, 1.0707106590270996, 0.550000011920929], 35: [0.7138070464134216, 1.0707106590270996, 0.550000011920929], 36: [0.47587135434150696, 1.0707106590270996, 0.550000011920929], 37: [0.2379356324672699, 1.0707106590270996, 0.550000011920929], 38: [-5.960464477539063e-08, 1.0707106590270996, 0.550000011920929], 39: [-0.23793575167655945, 1.0707106590270996, 0.550000011920929], 40: [-0.4758714437484741, 1.0707106590270996, 0.550000011920929], 41: [-0.7138071656227112, 1.0707106590270996, 0.550000011920929], 42: [-0.9203158617019653, 1.0353553295135498, 0.6000000238418579], 43: [-0.6902369260787964, 1.0353553295135498, 0.6000000238418579], 44: [-0.46015799045562744, 1.0353553295135498, 0.6000000238418579], 45: [-0.23007899522781372, 1.0353553295135498, 0.6000000238418579], 46: [-3.725290298461914e-08, 1.0353553295135498, 0.6000000238418579], 47: [0.23007893562316895, 1.0353553295135498, 0.6000000238418579], 48: [0.46015793085098267, 1.0353553295135498, 0.6000000238418579], 49: [0.6902369260787964, 1.0353553295135498, 0.6000000238418579], 50: [0.9203158617019653, -1.0353553295135498, 0.6000000238418579], 51: [0.6902369260787964, -1.0353553295135498, 0.6000000238418579], 52: [0.46015799045562744, -1.0353553295135498, 0.6000000238418579], 53: [0.23007899522781372, -1.0353553295135498, 0.6000000238418579], 54: [3.725290298461914e-08, -1.0353553295135498, 0.6000000238418579], 55: [-0.23007893562316895, -1.0353553295135498, 0.6000000238418579], 56: [-0.46015793085098267, -1.0353553295135498, 0.6000000238418579], 57: [-0.6902369260787964, -1.0353553295135498, 0.6000000238418579], 58: [-0.8888888955116272, 0.8888888955116272, 0.6000000238418579], 59: [-0.6666666865348816, 0.8888888955116272, 0.6000000238418579], 60: [-0.444444477558136, 0.8888888955116272, 0.6000000238418579], 61: [-0.222222238779068, 0.8888888955116272, 0.6000000238418579], 62: [-1.4901161193847656e-08, 0.8888888955116272, 0.6000000238418579], 63: [0.2222222238779068, 0.8888888955116272, 0.6000000238418579], 64: [0.444444477558136, 0.8888888955116272, 0.6000000238418579], 65: [0.6666666865348816, 0.8888888955116272, 0.6000000238418579], 66: [-0.8888888955116272, -1.0, 0.32499998807907104], 67: [-0.6666666865348816, -1.0, 0.32499998807907104], 68: [-0.444444477558136, -1.0, 0.32499998807907104], 69: [-0.222222238779068, -1.0, 0.32499998807907104], 70: [1.4901161193847656e-08, -1.0, 0.32499998807907104], 71: [0.222222238779068, -1.0, 0.32499998807907104], 72: [0.444444477558136, -1.0, 0.32499998807907104], 73: [0.6666666865348816, -1.0, 0.32499998807907104], 74: [0.8888888955116272, 1.0, 0.32499998807907104], 75: [0.6666666865348816, 1.0, 0.32499998807907104], 76: [0.444444477558136, 1.0, 0.32499998807907104], 77: [0.222222238779068, 1.0, 0.32499998807907104], 78: [-1.4901161193847656e-08, 1.0, 0.32499998807907104], 79: [-0.222222238779068, 1.0, 0.32499998807907104], 80: [-0.444444477558136, 1.0, 0.32499998807907104], 81: [-0.6666666865348816, 1.0, 0.32499998807907104], 82: [0.9203158617019653, 1.0353553295135498, 0.5], 83: [0.6902368664741516, 1.0353553295135498, 0.5], 84: [0.4601579010486603, 1.0353553295135498, 0.5], 85: [0.23007893562316895, 1.0353553295135498, 0.5], 86: [-3.725290298461914e-08, 1.0353553295135498, 0.5], 87: [-0.23007899522781372, 1.0353553295135498, 0.5], 88: [-0.46015799045562744, 1.0353553295135498, 0.5], 89: [-0.6902369260787964, 1.0353553295135498, 0.5], 90: [-0.8888888359069824, 0.8888888359069824, 0.0], 91: [-0.6666666865348816, 0.8888888359069824, 0.0], 92: [-0.444444477558136, 0.8888888359069824, 0.0], 93: [-0.222222238779068, 0.8888888359069824, 0.0], 94: [-1.4901161193847656e-08, 0.8888888359069824, 0.0], 95: [0.222222238779068, 0.8888888359069824, 0.0], 96: [0.444444477558136, 0.8888888359069824, 0.0], 97: [0.6666666865348816, 0.8888888359069824, 0.0], 98: [0.6666666865348816, -0.8888888955116272, 0.0], 99: [0.6666666865348816, -0.6666666865348816, 0.0], 100: [0.6666666865348816, -0.444444477558136, 0.0], 101: [0.6666666865348816, -0.222222238779068, 0.0], 102: [0.6666666865348816, -1.4901161193847656e-08, 0.0], 103: [0.6666666865348816, 0.2222222238779068, 0.0], 104: [0.6666666865348816, 0.444444477558136, 0.0], 105: [0.6666666865348816, 0.6666666865348816, 0.0], 106: [0.444444477558136, -0.8888888955116272, 0.0], 107: [0.444444477558136, -0.6666666865348816, 0.0], 108: [0.444444477558136, -0.444444477558136, 0.0], 109: [0.444444477558136, -0.222222238779068, 0.0], 110: [0.444444477558136, -1.4901161193847656e-08, 0.0], 111: [0.444444477558136, 0.2222222238779068, 0.0], 112: [0.444444477558136, 0.444444477558136, 0.0], 113: [0.444444477558136, 0.6666666865348816, 0.0], 114: [0.222222238779068, -0.8888888955116272, 0.0], 115: [0.222222238779068, -0.6666666865348816, 0.0], 116: [0.222222238779068, -0.444444477558136, 0.0], 117: [0.222222238779068, -0.222222238779068, 0.0], 118: [0.222222238779068, -1.4901161193847656e-08, 0.0], 119: [0.222222238779068, 0.2222222238779068, 0.0], 120: [0.222222238779068, 0.444444477558136, 0.0], 121: [0.222222238779068, 0.6666666865348816, 0.0], 122: [1.4901161193847656e-08, -0.8888888955116272, 0.0], 123: [1.30385160446167e-08, -0.6666666865348816, 0.0], 124: [1.862645149230957e-09, -0.444444477558136, 0.0], 125: [0.0, -0.222222238779068, 0.0], 126: [0.0, -1.4901161193847656e-08, 0.0], 127: [-1.862645149230957e-09, 0.2222222238779068, 0.0], 128: [-1.30385160446167e-08, 0.444444477558136, 0.0], 129: [-1.4901161193847656e-08, 0.6666666865348816, 0.0], 130: [-0.2222222238779068, -0.8888888955116272, 0.0], 131: [-0.2222222238779068, -0.6666666865348816, 0.0], 132: [-0.2222222238779068, -0.444444477558136, 0.0], 133: [-0.2222222238779068, -0.222222238779068, 0.0], 134: [-0.2222222238779068, -1.4901161193847656e-08, 0.0], 135: [-0.2222222238779068, 0.2222222238779068, 0.0], 136: [-0.2222222238779068, 0.444444477558136, 0.0], 137: [-0.222222238779068, 0.6666666865348816, 0.0], 138: [-0.444444477558136, -0.8888888955116272, 0.0], 139: [-0.444444477558136, -0.6666666865348816, 0.0], 140: [-0.444444477558136, -0.444444477558136, 0.0], 141: [-0.444444477558136, -0.222222238779068, 0.0], 142: [-0.444444477558136, -1.4901161193847656e-08, 0.0], 143: [-0.444444477558136, 0.2222222238779068, 0.0], 144: [-0.444444477558136, 0.444444477558136, 0.0], 145: [-0.444444477558136, 0.6666666865348816, 0.0], 146: [-0.6666666865348816, -0.8888888955116272, 0.0], 147: [-0.6666666865348816, -0.6666666865348816, 0.0], 148: [-0.6666666865348816, -0.444444477558136, 0.0], 149: [-0.6666666865348816, -0.222222238779068, 0.0], 150: [-0.6666666865348816, -1.4901161193847656e-08, 0.0], 151: [-0.6666666865348816, 0.2222222238779068, 0.0], 152: [-0.6666666865348816, 0.444444477558136, 0.0], 153: [-0.6666666865348816, 0.6666666865348816, 0.0], 154: [-0.8888888359069824, -0.8888888955116272, 0.0], 155: [-0.8888888359069824, -0.6666666865348816, 0.0], 156: [-0.8888888359069824, -0.444444477558136, 0.0], 157: [-0.8888888359069824, -0.222222238779068, 0.0], 158: [-0.8888888359069824, -1.4901161193847656e-08, 0.0], 159: [-0.8888888359069824, 0.2222222238779068, 0.0], 160: [-0.8888888359069824, 0.444444477558136, 0.0], 161: [-0.8888888359069824, 0.6666666865348816, 0.0], 162: [0.6666666865348816, -0.8888888359069824, 0.6000000238418579], 163: [0.6666666865348816, -0.6666666865348816, 0.6000000238418579], 164: [0.6666666865348816, -0.444444477558136, 0.6000000238418579], 165: [0.6666666865348816, -0.2222222238779068, 0.6000000238418579], 166: [0.6666666865348816, 1.4901161193847656e-08, 0.6000000238418579], 167: [0.6666666865348816, 0.222222238779068, 0.6000000238418579], 168: [0.6666666865348816, 0.444444477558136, 0.6000000238418579], 169: [0.6666666865348816, 0.6666666865348816, 0.6000000238418579], 170: [0.444444477558136, -0.8888888359069824, 0.6000000238418579], 171: [0.444444477558136, -0.6666666865348816, 0.6000000238418579], 172: [0.444444477558136, -0.444444477558136, 0.6000000238418579], 173: [0.444444477558136, -0.2222222238779068, 0.6000000238418579], 174: [0.444444477558136, 1.4901161193847656e-08, 0.6000000238418579], 175: [0.444444477558136, 0.222222238779068, 0.6000000238418579], 176: [0.444444477558136, 0.444444477558136, 0.6000000238418579], 177: [0.444444477558136, 0.6666666865348816, 0.6000000238418579], 178: [0.222222238779068, -0.8888888359069824, 0.6000000238418579], 179: [0.222222238779068, -0.6666666865348816, 0.6000000238418579], 180: [0.2222222238779068, -0.444444477558136, 0.6000000238418579], 181: [0.2222222238779068, -0.2222222238779068, 0.6000000238418579], 182: [0.2222222238779068, 1.4901161193847656e-08, 0.6000000238418579], 183: [0.2222222238779068, 0.222222238779068, 0.6000000238418579], 184: [0.2222222238779068, 0.444444477558136, 0.6000000238418579], 185: [0.2222222238779068, 0.6666666865348816, 0.6000000238418579], 186: [1.4901161193847656e-08, -0.8888888359069824, 0.6000000238418579], 187: [1.4901161193847656e-08, -0.6666666865348816, 0.6000000238418579], 188: [1.1175870895385742e-08, -0.444444477558136, 0.6000000238418579], 189: [3.725290298461914e-09, -0.2222222238779068, 0.6000000238418579], 190: [0.0, 1.4901161193847656e-08, 0.6000000238418579], 191: [0.0, 0.222222238779068, 0.6000000238418579], 192: [-3.725290298461914e-09, 0.444444477558136, 0.6000000238418579], 193: [-1.1175870895385742e-08, 0.6666666865348816, 0.6000000238418579], 194: [-0.222222238779068, -0.8888888359069824, 0.6000000238418579], 195: [-0.222222238779068, -0.6666666865348816, 0.6000000238418579], 196: [-0.222222238779068, -0.444444477558136, 0.6000000238418579], 197: [-0.222222238779068, -0.2222222238779068, 0.6000000238418579], 198: [-0.222222238779068, 1.4901161193847656e-08, 0.6000000238418579], 199: [-0.222222238779068, 0.222222238779068, 0.6000000238418579], 200: [-0.222222238779068, 0.444444477558136, 0.6000000238418579], 201: [-0.222222238779068, 0.6666666865348816, 0.6000000238418579], 202: [-0.444444477558136, -0.8888888359069824, 0.6000000238418579], 203: [-0.444444477558136, -0.6666666865348816, 0.6000000238418579], 204: [-0.444444477558136, -0.444444477558136, 0.6000000238418579], 205: [-0.444444477558136, -0.2222222238779068, 0.6000000238418579], 206: [-0.444444477558136, 1.4901161193847656e-08, 0.6000000238418579], 207: [-0.444444477558136, 0.222222238779068, 0.6000000238418579], 208: [-0.444444477558136, 0.444444477558136, 0.6000000238418579], 209: [-0.444444477558136, 0.6666666865348816, 0.6000000238418579], 210: [-0.6666666865348816, -0.8888888359069824, 0.6000000238418579], 211: [-0.6666666865348816, -0.6666666865348816, 0.6000000238418579], 212: [-0.6666666865348816, -0.444444477558136, 0.6000000238418579], 213: [-0.6666666865348816, -0.2222222238779068, 0.6000000238418579], 214: [-0.6666666865348816, 1.4901161193847656e-08, 0.6000000238418579], 215: [-0.6666666865348816, 0.222222238779068, 0.6000000238418579], 216: [-0.6666666865348816, 0.444444477558136, 0.6000000238418579], 217: [-0.6666666865348816, 0.6666666865348816, 0.6000000238418579], 218: [-0.8888888955116272, -0.8888888359069824, 0.6000000238418579], 219: [-0.8888888955116272, -0.6666666865348816, 0.6000000238418579], 220: [-0.8888888955116272, -0.444444477558136, 0.6000000238418579], 221: [-0.8888888955116272, -0.222222238779068, 0.6000000238418579], 222: [-0.8888888955116272, 0.0, 0.6000000238418579], 223: [-0.8888888955116272, 0.222222238779068, 0.6000000238418579], 224: [-0.8888888955116272, 0.444444477558136, 0.6000000238418579], 225: [-0.8888888955116272, 0.6666666865348816, 0.6000000238418579], 226: [1.0353553295135498, -0.9203158617019653, 0.5], 227: [1.0353553295135498, -0.6902368664741516, 0.5], 228: [1.0353553295135498, -0.4601579010486603, 0.5], 229: [1.0353553295135498, -0.23007893562316895, 0.5], 230: [1.0353553295135498, 3.725290298461914e-08, 0.5], 231: [1.0353553295135498, 0.23007899522781372, 0.5], 232: [1.0353553295135498, 0.46015799045562744, 0.5], 233: [1.0353553295135498, 0.6902369260787964, 0.5], 234: [-1.0353553295135498, -0.9203158617019653, 0.6000000238418579], 235: [-1.0353553295135498, -0.6902369260787964, 0.6000000238418579], 236: [-1.0353553295135498, -0.46015799045562744, 0.6000000238418579], 237: [-1.0353553295135498, -0.23007899522781372, 0.6000000238418579], 238: [-1.0353553295135498, -3.725290298461914e-08, 0.6000000238418579], 239: [-1.0353553295135498, 0.23007893562316895, 0.6000000238418579], 240: [-1.0353553295135498, 0.46015793085098267, 0.6000000238418579], 241: [-1.0353553295135498, 0.6902369260787964, 0.6000000238418579], 242: [1.0353553295135498, 0.9203158617019653, 0.6000000238418579], 243: [1.0353553295135498, 0.6902369260787964, 0.6000000238418579], 244: [1.0353553295135498, 0.46015799045562744, 0.6000000238418579], 245: [1.0353553295135498, 0.23007899522781372, 0.6000000238418579], 246: [1.0353553295135498, 3.725290298461914e-08, 0.6000000238418579], 247: [1.0353553295135498, -0.23007893562316895, 0.6000000238418579], 248: [1.0353553295135498, -0.46015793085098267, 0.6000000238418579], 249: [1.0353553295135498, -0.6902369260787964, 0.6000000238418579], 250: [1.0707106590270996, -0.9517427682876587, 0.550000011920929], 251: [1.0707106590270996, -0.7138070464134216, 0.550000011920929], 252: [1.0707106590270996, -0.47587135434150696, 0.550000011920929], 253: [1.0707106590270996, -0.2379356324672699, 0.550000011920929], 254: [1.0707106590270996, 5.960464477539063e-08, 0.550000011920929], 255: [1.0707106590270996, 0.23793575167655945, 0.550000011920929], 256: [1.0707106590270996, 0.4758714437484741, 0.550000011920929], 257: [1.0707106590270996, 0.7138071656227112, 0.550000011920929], 258: [-1.0707106590270996, 0.9517427682876587, 0.550000011920929], 259: [-1.0707106590270996, 0.7138070464134216, 0.550000011920929], 260: [-1.0707106590270996, 0.47587135434150696, 0.550000011920929], 261: [-1.0707106590270996, 0.2379356324672699, 0.550000011920929], 262: [-1.0707106590270996, -5.960464477539063e-08, 0.550000011920929], 263: [-1.0707106590270996, -0.23793575167655945, 0.550000011920929], 264: [-1.0707106590270996, -0.4758714437484741, 0.550000011920929], 265: [-1.0707106590270996, -0.7138071656227112, 0.550000011920929], 266: [-1.0353553295135498, 0.9203158617019653, 0.5], 267: [-1.0353553295135498, 0.6902368664741516, 0.5], 268: [-1.0353553295135498, 0.4601579010486603, 0.5], 269: [-1.0353553295135498, 0.23007893562316895, 0.5], 270: [-1.0353553295135498, -3.725290298461914e-08, 0.5], 271: [-1.0353553295135498, -0.23007899522781372, 0.5], 272: [-1.0353553295135498, -0.46015799045562744, 0.5], 273: [-1.0353553295135498, -0.6902369260787964, 0.5], 274: [0.8888888359069824, -0.8888888359069824, 0.6000000238418579], 275: [0.8888888359069824, -0.6666666865348816, 0.6000000238418579], 276: [0.8888888359069824, -0.444444477558136, 0.6000000238418579], 277: [0.8888888359069824, -0.2222222238779068, 0.6000000238418579], 278: [0.8888888359069824, 1.4901161193847656e-08, 0.6000000238418579], 279: [0.8888888359069824, 0.222222238779068, 0.6000000238418579], 280: [0.8888888359069824, 0.444444477558136, 0.6000000238418579], 281: [0.8888888359069824, 0.6666666865348816, 0.6000000238418579], 282: [-1.0, 0.8888888955116272, 0.32499998807907104], 283: [-1.0, 0.6666666865348816, 0.32499998807907104], 284: [-1.0, 0.444444477558136, 0.32499998807907104], 285: [-1.0, 0.222222238779068, 0.32499998807907104], 286: [-1.0, -1.4901161193847656e-08, 0.32499998807907104], 287: [-1.0, -0.222222238779068, 0.32499998807907104], 288: [-1.0, -0.444444477558136, 0.32499998807907104], 289: [-1.0, -0.6666666865348816, 0.32499998807907104], 290: [1.0, -0.8888888955116272, 0.32499998807907104], 291: [1.0, -0.6666666865348816, 0.32499998807907104], 292: [1.0, -0.444444477558136, 0.32499998807907104], 293: [1.0, -0.222222238779068, 0.32499998807907104], 294: [1.0, 1.4901161193847656e-08, 0.32499998807907104], 295: [1.0, 0.222222238779068, 0.32499998807907104], 296: [1.0, 0.444444477558136, 0.32499998807907104], 297: [1.0, 0.6666666865348816, 0.32499998807907104], 298: [0.8888888955116272, -0.8888888955116272, 0.0], 299: [0.8888888955116272, -0.6666666865348816, 0.0], 300: [0.8888888955116272, -0.444444477558136, 0.0], 301: [0.8888888955116272, -0.222222238779068, 0.0], 302: [0.8888888955116272, 0.0, 0.0], 303: [0.8888888955116272, 0.222222238779068, 0.0], 304: [0.8888888955116272, 0.444444477558136, 0.0], 305: [0.8888888955116272, 0.6666666865348816, 0.0], 306: [1.0, 0.6666666865348816, 0.07500000298023224], 307: [1.0, 0.444444477558136, 0.07500000298023224], 308: [1.0, 0.222222238779068, 0.07500000298023224], 309: [1.0, 1.4901161193847656e-08, 0.07500000298023224], 310: [1.0, -0.222222238779068, 0.07500000298023224], 311: [1.0, -0.444444477558136, 0.07500000298023224], 312: [1.0, -0.6666666865348816, 0.07500000298023224], 313: [1.0, -0.8888888955116272, 0.07500000298023224], 314: [-1.0, -0.6666666865348816, 0.07500000298023224], 315: [-1.0, -0.444444477558136, 0.07500000298023224], 316: [-1.0, -0.222222238779068, 0.07500000298023224], 317: [-1.0, -1.4901161193847656e-08, 0.07500000298023224], 318: [-1.0, 0.222222238779068, 0.07500000298023224], 319: [-1.0, 0.444444477558136, 0.07500000298023224], 320: [-1.0, 0.6666666865348816, 0.07500000298023224], 321: [-1.0, 0.8888888955116272, 0.07500000298023224], 322: [-0.6666666865348816, 1.0, 0.07500000298023224], 323: [-0.444444477558136, 1.0, 0.07500000298023224], 324: [-0.222222238779068, 1.0, 0.07500000298023224], 325: [-1.4901161193847656e-08, 1.0, 0.07500000298023224], 326: [0.222222238779068, 1.0, 0.07500000298023224], 327: [0.444444477558136, 1.0, 0.07500000298023224], 328: [0.6666666865348816, 1.0, 0.07500000298023224], 329: [0.8888888955116272, 1.0, 0.07500000298023224], 330: [0.6666666865348816, -1.0, 0.07500000298023224], 331: [0.444444477558136, -1.0, 0.07500000298023224], 332: [0.222222238779068, -1.0, 0.07500000298023224], 333: [1.4901161193847656e-08, -1.0, 0.07500000298023224], 334: [-0.222222238779068, -1.0, 0.07500000298023224], 335: [-0.444444477558136, -1.0, 0.07500000298023224], 336: [-0.6666666865348816, -1.0, 0.07500000298023224], 337: [-0.8888888955116272, -1.0, 0.07500000298023224], 338: [0.8888888359069824, -1.0, 0.07500000298023224], 339: [-0.8888888359069824, 1.0, 0.07500000298023224], 340: [-1.0, -0.8888888359069824, 0.07500000298023224], 341: [1.0, 0.8888888359069824, 0.07500000298023224]}, 'editMode': True}, 'Plane.001', {'tolerance': 10}]
['Select Mode', {'use_extend': False, 'use_expand': False, 'vertices': {0: [-1.0, -1.0, 0.0], 1: [1.0, -1.0, 0.0], 2: [-1.0, 1.0, 0.0], 3: [1.0, 1.0, 0.0], 4: [-1.0, 1.0, 0.5], 5: [-1.0, -1.0, 0.5], 6: [1.0, -1.0, 0.5], 7: [1.0, 1.0, 0.5], 8: [-1.0, 1.0, 0.6000000238418579], 9: [-1.0, -1.0, 0.6000000238418579], 10: [1.0, -1.0, 0.6000000238418579], 11: [1.0, 1.0, 0.6000000238418579], 12: [-1.0707106590270996, 1.0707106590270996, 0.5], 13: [-1.0707106590270996, -1.0707106590270996, 0.5], 14: [1.0707106590270996, -1.0707106590270996, 0.5], 15: [1.0707106590270996, 1.0707106590270996, 0.5], 16: [-1.0707106590270996, 1.0707106590270996, 0.6000000238418579], 17: [-1.0707106590270996, -1.0707106590270996, 0.6000000238418579], 18: [1.0707106590270996, -1.0707106590270996, 0.6000000238418579], 19: [1.0707106590270996, 1.0707106590270996, 0.6000000238418579], 20: [-0.7777777910232544, -1.0, 0.0], 21: [-0.5555555820465088, -1.0, 0.0], 22: [-0.3333333432674408, -1.0, 0.0], 23: [-0.1111111044883728, -1.0, 0.0], 24: [0.11111113429069519, -1.0, 0.0], 25: [0.3333333432674408, -1.0, 0.0], 26: [0.5555555820465088, -1.0, 0.0], 27: [0.7777777910232544, -1.0, 0.0], 28: [0.7777777910232544, 1.0, 0.0], 29: [0.5555555820465088, 1.0, 0.0], 30: [0.3333333432674408, 1.0, 0.0], 31: [0.1111111044883728, 1.0, 0.0], 32: [-0.11111113429069519, 1.0, 0.0], 33: [-0.3333333432674408, 1.0, 0.0], 34: [-0.5555555820465088, 1.0, 0.0], 35: [-0.7777777910232544, 1.0, 0.0], 36: [-0.7777777910232544, -1.0, 0.5], 37: [-0.5555555820465088, -1.0, 0.5], 38: [-0.3333333432674408, -1.0, 0.5], 39: [-0.1111111044883728, -1.0, 0.5], 40: [0.11111113429069519, -1.0, 0.5], 41: [0.3333333432674408, -1.0, 0.5], 42: [0.5555555820465088, -1.0, 0.5], 43: [0.7777777910232544, -1.0, 0.5], 44: [0.7777777910232544, 1.0, 0.5], 45: [0.5555555820465088, 1.0, 0.5], 46: [0.3333333432674408, 1.0, 0.5], 47: [0.1111111044883728, 1.0, 0.5], 48: [-0.11111113429069519, 1.0, 0.5], 49: [-0.3333333432674408, 1.0, 0.5], 50: [-0.5555555820465088, 1.0, 0.5], 51: [-0.7777777910232544, 1.0, 0.5], 52: [-0.7777777910232544, -1.0, 0.6000000238418579], 53: [-0.5555555820465088, -1.0, 0.6000000238418579], 54: [-0.3333333432674408, -1.0, 0.6000000238418579], 55: [-0.1111111044883728, -1.0, 0.6000000238418579], 56: [0.11111113429069519, -1.0, 0.6000000238418579], 57: [0.3333333432674408, -1.0, 0.6000000238418579], 58: [0.5555555820465088, -1.0, 0.6000000238418579], 59: [0.7777777910232544, -1.0, 0.6000000238418579], 60: [0.7777777910232544, 1.0, 0.6000000238418579], 61: [0.5555555820465088, 1.0, 0.6000000238418579], 62: [0.3333333432674408, 1.0, 0.6000000238418579], 63: [0.1111111044883728, 1.0, 0.6000000238418579], 64: [-0.11111113429069519, 1.0, 0.6000000238418579], 65: [-0.3333333432674408, 1.0, 0.6000000238418579], 66: [-0.5555555820465088, 1.0, 0.6000000238418579], 67: [-0.7777777910232544, 1.0, 0.6000000238418579], 68: [-0.8327749371528625, -1.0707106590270996, 0.5], 69: [-0.5948392152786255, -1.0707106590270996, 0.5], 70: [-0.3569034934043884, -1.0707106590270996, 0.5], 71: [-0.11896778643131256, -1.0707106590270996, 0.5], 72: [0.11896790564060211, -1.0707106590270996, 0.5], 73: [0.356903612613678, -1.0707106590270996, 0.5], 74: [0.594839334487915, -1.0707106590270996, 0.5], 75: [0.8327749967575073, -1.0707106590270996, 0.5], 76: [0.8327749371528625, 1.0707106590270996, 0.5], 77: [0.5948392152786255, 1.0707106590270996, 0.5], 78: [0.3569034934043884, 1.0707106590270996, 0.5], 79: [0.11896778643131256, 1.0707106590270996, 0.5], 80: [-0.11896790564060211, 1.0707106590270996, 0.5], 81: [-0.356903612613678, 1.0707106590270996, 0.5], 82: [-0.594839334487915, 1.0707106590270996, 0.5], 83: [-0.8327749967575073, 1.0707106590270996, 0.5], 84: [-0.8327749371528625, -1.0707106590270996, 0.6000000238418579], 85: [-0.5948392152786255, -1.0707106590270996, 0.6000000238418579], 86: [-0.3569034934043884, -1.0707106590270996, 0.6000000238418579], 87: [-0.11896778643131256, -1.0707106590270996, 0.6000000238418579], 88: [0.11896790564060211, -1.0707106590270996, 0.6000000238418579], 89: [0.356903612613678, -1.0707106590270996, 0.6000000238418579], 90: [0.594839334487915, -1.0707106590270996, 0.6000000238418579], 91: [0.8327749967575073, -1.0707106590270996, 0.6000000238418579], 92: [0.8327749371528625, 1.0707106590270996, 0.6000000238418579], 93: [0.5948392152786255, 1.0707106590270996, 0.6000000238418579], 94: [0.3569034934043884, 1.0707106590270996, 0.6000000238418579], 95: [0.11896778643131256, 1.0707106590270996, 0.6000000238418579], 96: [-0.11896790564060211, 1.0707106590270996, 0.6000000238418579], 97: [-0.356903612613678, 1.0707106590270996, 0.6000000238418579], 98: [-0.594839334487915, 1.0707106590270996, 0.6000000238418579], 99: [-0.8327749967575073, 1.0707106590270996, 0.6000000238418579], 100: [-1.0, 0.7777777910232544, 0.0], 101: [-1.0, 0.5555555820465088, 0.0], 102: [-1.0, 0.3333333432674408, 0.0], 103: [-1.0, 0.1111111044883728, 0.0], 104: [-1.0, -0.11111113429069519, 0.0], 105: [-1.0, -0.3333333432674408, 0.0], 106: [-1.0, -0.5555555820465088, 0.0], 107: [-1.0, -0.7777777910232544, 0.0], 108: [1.0, -0.7777777910232544, 0.0], 109: [1.0, -0.5555555820465088, 0.0], 110: [1.0, -0.3333333432674408, 0.0], 111: [1.0, -0.1111111044883728, 0.0], 112: [1.0, 0.11111113429069519, 0.0], 113: [1.0, 0.3333333432674408, 0.0], 114: [1.0, 0.5555555820465088, 0.0], 115: [1.0, 0.7777777910232544, 0.0], 116: [-1.0, 0.7777777910232544, 0.5], 117: [-1.0, 0.5555555820465088, 0.5], 118: [-1.0, 0.3333333432674408, 0.5], 119: [-1.0, 0.1111111044883728, 0.5], 120: [-1.0, -0.11111113429069519, 0.5], 121: [-1.0, -0.3333333432674408, 0.5], 122: [-1.0, -0.5555555820465088, 0.5], 123: [-1.0, -0.7777777910232544, 0.5], 124: [1.0, -0.7777777910232544, 0.5], 125: [1.0, -0.5555555820465088, 0.5], 126: [1.0, -0.3333333432674408, 0.5], 127: [1.0, -0.1111111044883728, 0.5], 128: [1.0, 0.11111113429069519, 0.5], 129: [1.0, 0.3333333432674408, 0.5], 130: [1.0, 0.5555555820465088, 0.5], 131: [1.0, 0.7777777910232544, 0.5], 132: [-1.0, 0.7777777910232544, 0.6000000238418579], 133: [-1.0, 0.5555555820465088, 0.6000000238418579], 134: [-1.0, 0.3333333432674408, 0.6000000238418579], 135: [-1.0, 0.1111111044883728, 0.6000000238418579], 136: [-1.0, -0.11111113429069519, 0.6000000238418579], 137: [-1.0, -0.3333333432674408, 0.6000000238418579], 138: [-1.0, -0.5555555820465088, 0.6000000238418579], 139: [-1.0, -0.7777777910232544, 0.6000000238418579], 140: [1.0, -0.7777777910232544, 0.6000000238418579], 141: [1.0, -0.5555555820465088, 0.6000000238418579], 142: [1.0, -0.3333333432674408, 0.6000000238418579], 143: [1.0, -0.1111111044883728, 0.6000000238418579], 144: [1.0, 0.11111113429069519, 0.6000000238418579], 145: [1.0, 0.3333333432674408, 0.6000000238418579], 146: [1.0, 0.5555555820465088, 0.6000000238418579], 147: [1.0, 0.7777777910232544, 0.6000000238418579], 148: [-1.0707106590270996, 0.8327749371528625, 0.5], 149: [-1.0707106590270996, 0.5948392152786255, 0.5], 150: [-1.0707106590270996, 0.3569034934043884, 0.5], 151: [-1.0707106590270996, 0.11896778643131256, 0.5], 152: [-1.0707106590270996, -0.11896790564060211, 0.5], 153: [-1.0707106590270996, -0.356903612613678, 0.5], 154: [-1.0707106590270996, -0.594839334487915, 0.5], 155: [-1.0707106590270996, -0.8327749967575073, 0.5], 156: [1.0707106590270996, -0.8327749371528625, 0.5], 157: [1.0707106590270996, -0.5948392152786255, 0.5], 158: [1.0707106590270996, -0.3569034934043884, 0.5], 159: [1.0707106590270996, -0.11896778643131256, 0.5], 160: [1.0707106590270996, 0.11896790564060211, 0.5], 161: [1.0707106590270996, 0.356903612613678, 0.5], 162: [1.0707106590270996, 0.594839334487915, 0.5], 163: [1.0707106590270996, 0.8327749967575073, 0.5], 164: [-1.0707106590270996, 0.8327749371528625, 0.6000000238418579], 165: [-1.0707106590270996, 0.5948392152786255, 0.6000000238418579], 166: [-1.0707106590270996, 0.3569034934043884, 0.6000000238418579], 167: [-1.0707106590270996, 0.11896778643131256, 0.6000000238418579], 168: [-1.0707106590270996, -0.11896790564060211, 0.6000000238418579], 169: [-1.0707106590270996, -0.356903612613678, 0.6000000238418579], 170: [-1.0707106590270996, -0.594839334487915, 0.6000000238418579], 171: [-1.0707106590270996, -0.8327749967575073, 0.6000000238418579], 172: [1.0707106590270996, -0.8327749371528625, 0.6000000238418579], 173: [1.0707106590270996, -0.5948392152786255, 0.6000000238418579], 174: [1.0707106590270996, -0.3569034934043884, 0.6000000238418579], 175: [1.0707106590270996, -0.11896778643131256, 0.6000000238418579], 176: [1.0707106590270996, 0.11896790564060211, 0.6000000238418579], 177: [1.0707106590270996, 0.356903612613678, 0.6000000238418579], 178: [1.0707106590270996, 0.594839334487915, 0.6000000238418579], 179: [1.0707106590270996, 0.8327749967575073, 0.6000000238418579], 180: [-0.7777777910232544, -0.7777777910232544, 0.6000000238418579], 181: [-0.7777777910232544, -0.5555555820465088, 0.6000000238418579], 182: [-0.7777777910232544, -0.3333333432674408, 0.6000000238418579], 183: [-0.7777777910232544, -0.1111111044883728, 0.6000000238418579], 184: [-0.7777777910232544, 0.11111113429069519, 0.6000000238418579], 185: [-0.7777777910232544, 0.3333333432674408, 0.6000000238418579], 186: [-0.7777777910232544, 0.5555555820465088, 0.6000000238418579], 187: [-0.7777777910232544, 0.7777777910232544, 0.6000000238418579], 188: [-0.5555555820465088, -0.7777777910232544, 0.6000000238418579], 189: [-0.5555555820465088, -0.5555555820465088, 0.6000000238418579], 190: [-0.5555555820465088, -0.3333333432674408, 0.6000000238418579], 191: [-0.5555555820465088, -0.1111111044883728, 0.6000000238418579], 192: [-0.5555555820465088, 0.11111113429069519, 0.6000000238418579], 193: [-0.5555555820465088, 0.3333333432674408, 0.6000000238418579], 194: [-0.5555555820465088, 0.5555555820465088, 0.6000000238418579], 195: [-0.5555555820465088, 0.7777777910232544, 0.6000000238418579], 196: [-0.3333333432674408, -0.7777777910232544, 0.6000000238418579], 197: [-0.3333333432674408, -0.5555555820465088, 0.6000000238418579], 198: [-0.3333333432674408, -0.3333333432674408, 0.6000000238418579], 199: [-0.3333333432674408, -0.1111111044883728, 0.6000000238418579], 200: [-0.3333333432674408, 0.11111113429069519, 0.6000000238418579], 201: [-0.3333333432674408, 0.3333333432674408, 0.6000000238418579], 202: [-0.3333333432674408, 0.5555555820465088, 0.6000000238418579], 203: [-0.3333333432674408, 0.7777777910232544, 0.6000000238418579], 204: [-0.1111111044883728, -0.7777777910232544, 0.6000000238418579], 205: [-0.1111111044883728, -0.5555555820465088, 0.6000000238418579], 206: [-0.1111111119389534, -0.3333333432674408, 0.6000000238418579], 207: [-0.111111119389534, -0.1111111044883728, 0.6000000238418579], 208: [-0.111111119389534, 0.11111113429069519, 0.6000000238418579], 209: [-0.111111119389534, 0.3333333432674408, 0.6000000238418579], 210: [-0.1111111268401146, 0.5555555820465088, 0.6000000238418579], 211: [-0.11111113429069519, 0.7777777910232544, 0.6000000238418579], 212: [0.11111113429069519, -0.7777777910232544, 0.6000000238418579], 213: [0.11111113429069519, -0.5555555820465088, 0.6000000238418579], 214: [0.1111111268401146, -0.3333333432674408, 0.6000000238418579], 215: [0.111111119389534, -0.1111111044883728, 0.6000000238418579], 216: [0.111111119389534, 0.11111113429069519, 0.6000000238418579], 217: [0.111111119389534, 0.3333333432674408, 0.6000000238418579], 218: [0.1111111119389534, 0.5555555820465088, 0.6000000238418579], 219: [0.1111111044883728, 0.7777777910232544, 0.6000000238418579], 220: [0.3333333432674408, -0.7777777910232544, 0.6000000238418579], 221: [0.3333333432674408, -0.5555555820465088, 0.6000000238418579], 222: [0.3333333432674408, -0.3333333432674408, 0.6000000238418579], 223: [0.3333333432674408, -0.1111111044883728, 0.6000000238418579], 224: [0.3333333432674408, 0.11111113429069519, 0.6000000238418579], 225: [0.3333333432674408, 0.3333333432674408, 0.6000000238418579], 226: [0.3333333432674408, 0.5555555820465088, 0.6000000238418579], 227: [0.3333333432674408, 0.7777777910232544, 0.6000000238418579], 228: [0.5555555820465088, -0.7777777910232544, 0.6000000238418579], 229: [0.5555555820465088, -0.5555555820465088, 0.6000000238418579], 230: [0.5555555820465088, -0.3333333432674408, 0.6000000238418579], 231: [0.5555555820465088, -0.1111111044883728, 0.6000000238418579], 232: [0.5555555820465088, 0.11111113429069519, 0.6000000238418579], 233: [0.5555555820465088, 0.3333333432674408, 0.6000000238418579], 234: [0.5555555820465088, 0.5555555820465088, 0.6000000238418579], 235: [0.5555555820465088, 0.7777777910232544, 0.6000000238418579], 236: [0.7777777910232544, -0.7777777910232544, 0.6000000238418579], 237: [0.7777777910232544, -0.5555555820465088, 0.6000000238418579], 238: [0.7777777910232544, -0.3333333432674408, 0.6000000238418579], 239: [0.7777777910232544, -0.1111111044883728, 0.6000000238418579], 240: [0.7777777910232544, 0.11111113429069519, 0.6000000238418579], 241: [0.7777777910232544, 0.3333333432674408, 0.6000000238418579], 242: [0.7777777910232544, 0.5555555820465088, 0.6000000238418579], 243: [0.7777777910232544, 0.7777777910232544, 0.6000000238418579], 244: [-0.7777777910232544, 0.7777777910232544, 0.0], 245: [-0.7777777910232544, 0.5555555820465088, 0.0], 246: [-0.7777777910232544, 0.3333333432674408, 0.0], 247: [-0.7777777910232544, 0.1111111044883728, 0.0], 248: [-0.7777777910232544, -0.11111113429069519, 0.0], 249: [-0.7777777910232544, -0.3333333432674408, 0.0], 250: [-0.7777777910232544, -0.5555555820465088, 0.0], 251: [-0.7777777910232544, -0.7777777910232544, 0.0], 252: [-0.5555555820465088, 0.7777777910232544, 0.0], 253: [-0.5555555820465088, 0.5555555820465088, 0.0], 254: [-0.5555555820465088, 0.3333333432674408, 0.0], 255: [-0.5555555820465088, 0.1111111044883728, 0.0], 256: [-0.5555555820465088, -0.11111113429069519, 0.0], 257: [-0.5555555820465088, -0.3333333432674408, 0.0], 258: [-0.5555555820465088, -0.5555555820465088, 0.0], 259: [-0.5555555820465088, -0.7777777910232544, 0.0], 260: [-0.3333333432674408, 0.7777777910232544, 0.0], 261: [-0.3333333432674408, 0.5555555820465088, 0.0], 262: [-0.3333333432674408, 0.3333333432674408, 0.0], 263: [-0.3333333432674408, 0.1111111044883728, 0.0], 264: [-0.3333333432674408, -0.11111113429069519, 0.0], 265: [-0.3333333432674408, -0.3333333432674408, 0.0], 266: [-0.3333333432674408, -0.5555555820465088, 0.0], 267: [-0.3333333432674408, -0.7777777910232544, 0.0], 268: [-0.11111113429069519, 0.7777777910232544, 0.0], 269: [-0.11111113429069519, 0.5555555820465088, 0.0], 270: [-0.1111111268401146, 0.3333333432674408, 0.0], 271: [-0.111111119389534, 0.1111111044883728, 0.0], 272: [-0.111111119389534, -0.11111113429069519, 0.0], 273: [-0.111111119389534, -0.3333333432674408, 0.0], 274: [-0.1111111119389534, -0.5555555820465088, 0.0], 275: [-0.1111111044883728, -0.7777777910232544, 0.0], 276: [0.1111111044883728, 0.7777777910232544, 0.0], 277: [0.1111111044883728, 0.5555555820465088, 0.0], 278: [0.1111111119389534, 0.3333333432674408, 0.0], 279: [0.111111119389534, 0.1111111044883728, 0.0], 280: [0.111111119389534, -0.11111113429069519, 0.0], 281: [0.111111119389534, -0.3333333432674408, 0.0], 282: [0.1111111268401146, -0.5555555820465088, 0.0], 283: [0.11111113429069519, -0.7777777910232544, 0.0], 284: [0.3333333432674408, 0.7777777910232544, 0.0], 285: [0.3333333432674408, 0.5555555820465088, 0.0], 286: [0.3333333432674408, 0.3333333432674408, 0.0], 287: [0.3333333432674408, 0.1111111044883728, 0.0], 288: [0.3333333432674408, -0.11111113429069519, 0.0], 289: [0.3333333432674408, -0.3333333432674408, 0.0], 290: [0.3333333432674408, -0.5555555820465088, 0.0], 291: [0.3333333432674408, -0.7777777910232544, 0.0], 292: [0.5555555820465088, 0.7777777910232544, 0.0], 293: [0.5555555820465088, 0.5555555820465088, 0.0], 294: [0.5555555820465088, 0.3333333432674408, 0.0], 295: [0.5555555820465088, 0.1111111044883728, 0.0], 296: [0.5555555820465088, -0.11111113429069519, 0.0], 297: [0.5555555820465088, -0.3333333432674408, 0.0], 298: [0.5555555820465088, -0.5555555820465088, 0.0], 299: [0.5555555820465088, -0.7777777910232544, 0.0], 300: [0.7777777910232544, 0.7777777910232544, 0.0], 301: [0.7777777910232544, 0.5555555820465088, 0.0], 302: [0.7777777910232544, 0.3333333432674408, 0.0], 303: [0.7777777910232544, 0.1111111044883728, 0.0], 304: [0.7777777910232544, -0.11111113429069519, 0.0], 305: [0.7777777910232544, -0.3333333432674408, 0.0], 306: [0.7777777910232544, -0.5555555820465088, 0.0], 307: [0.7777777910232544, -0.7777777910232544, 0.0], 308: [1.0, 1.0, 0.15000000596046448], 309: [1.0, -1.0, 0.15000000596046448], 310: [-1.0, -1.0, 0.15000000596046448], 311: [-1.0, 1.0, 0.15000000596046448], 312: [-0.7777777910232544, -1.0, 0.15000000596046448], 313: [-0.5555555820465088, -1.0, 0.15000000596046448], 314: [-0.3333333432674408, -1.0, 0.15000000596046448], 315: [-0.1111111044883728, -1.0, 0.15000000596046448], 316: [0.11111113429069519, -1.0, 0.15000000596046448], 317: [0.3333333432674408, -1.0, 0.15000000596046448], 318: [0.5555555820465088, -1.0, 0.15000000596046448], 319: [0.7777777910232544, -1.0, 0.15000000596046448], 320: [0.7777777910232544, 1.0, 0.15000000596046448], 321: [0.5555555820465088, 1.0, 0.15000000596046448], 322: [0.3333333432674408, 1.0, 0.15000000596046448], 323: [0.1111111044883728, 1.0, 0.15000000596046448], 324: [-0.11111113429069519, 1.0, 0.15000000596046448], 325: [-0.3333333432674408, 1.0, 0.15000000596046448], 326: [-0.5555555820465088, 1.0, 0.15000000596046448], 327: [-0.7777777910232544, 1.0, 0.15000000596046448], 328: [-1.0, 0.7777777910232544, 0.15000000596046448], 329: [-1.0, 0.5555555820465088, 0.15000000596046448], 330: [-1.0, 0.3333333432674408, 0.15000000596046448], 331: [-1.0, 0.1111111044883728, 0.15000000596046448], 332: [-1.0, -0.11111113429069519, 0.15000000596046448], 333: [-1.0, -0.3333333432674408, 0.15000000596046448], 334: [-1.0, -0.5555555820465088, 0.15000000596046448], 335: [-1.0, -0.7777777910232544, 0.15000000596046448], 336: [1.0, -0.7777777910232544, 0.15000000596046448], 337: [1.0, -0.5555555820465088, 0.15000000596046448], 338: [1.0, -0.3333333432674408, 0.15000000596046448], 339: [1.0, -0.1111111044883728, 0.15000000596046448], 340: [1.0, 0.11111113429069519, 0.15000000596046448], 341: [1.0, 0.3333333432674408, 0.15000000596046448], 342: [1.0, 0.5555555820465088, 0.15000000596046448], 343: [1.0, 0.7777777910232544, 0.15000000596046448]}, 'faces': {0: [0.8888888955116272, 0.8888888359069824, 0.0], 1: [-0.9203158617019653, 1.0353553295135498, 0.5], 2: [1.0, 0.8888888359069824, 0.32499998807907104], 3: [-1.0, -0.8888888359069824, 0.32499998807907104], 4: [-0.8888888359069824, 1.0, 0.32499998807907104], 5: [0.8888888359069824, -1.0, 0.32499998807907104], 6: [0.8888888359069824, 0.8888888955116272, 0.6000000238418579], 7: [-0.9203158020973206, -1.0353553295135498, 0.6000000238418579], 8: [-1.0353553295135498, -0.9203158617019653, 0.5], 9: [0.9203158020973206, 1.0353553295135498, 0.6000000238418579], 10: [-1.0707106590270996, -0.9517428874969482, 0.550000011920929], 11: [-0.9517428874969482, 1.0707106590270996, 0.550000011920929], 12: [0.9517428874969482, -1.0707106590270996, 0.550000011920929], 13: [1.0707106590270996, 0.9517428874969482, 0.550000011920929], 14: [0.9203158617019653, -1.0353553295135498, 0.5], 15: [1.0353553295135498, -0.9203158020973206, 0.6000000238418579], 16: [-1.0353553295135498, 0.9203158020973206, 0.6000000238418579], 17: [1.0353553295135498, 0.9203158617019653, 0.5], 18: [-0.9203158617019653, -1.0353553295135498, 0.5], 19: [-0.6902368664741516, -1.0353553295135498, 0.5], 20: [-0.4601579010486603, -1.0353553295135498, 0.5], 21: [-0.23007893562316895, -1.0353553295135498, 0.5], 22: [3.725290298461914e-08, -1.0353553295135498, 0.5], 23: [0.23007899522781372, -1.0353553295135498, 0.5], 24: [0.46015799045562744, -1.0353553295135498, 0.5], 25: [0.6902369260787964, -1.0353553295135498, 0.5], 26: [-0.9517427682876587, -1.0707106590270996, 0.550000011920929], 27: [-0.7138070464134216, -1.0707106590270996, 0.550000011920929], 28: [-0.47587135434150696, -1.0707106590270996, 0.550000011920929], 29: [-0.2379356324672699, -1.0707106590270996, 0.550000011920929], 30: [5.960464477539063e-08, -1.0707106590270996, 0.550000011920929], 31: [0.23793575167655945, -1.0707106590270996, 0.550000011920929], 32: [0.4758714437484741, -1.0707106590270996, 0.550000011920929], 33: [0.7138071656227112, -1.0707106590270996, 0.550000011920929], 34: [0.9517427682876587, 1.0707106590270996, 0.550000011920929], 35: [0.7138070464134216, 1.0707106590270996, 0.550000011920929], 36: [0.47587135434150696, 1.0707106590270996, 0.550000011920929], 37: [0.2379356324672699, 1.0707106590270996, 0.550000011920929], 38: [-5.960464477539063e-08, 1.0707106590270996, 0.550000011920929], 39: [-0.23793575167655945, 1.0707106590270996, 0.550000011920929], 40: [-0.4758714437484741, 1.0707106590270996, 0.550000011920929], 41: [-0.7138071656227112, 1.0707106590270996, 0.550000011920929], 42: [-0.9203158617019653, 1.0353553295135498, 0.6000000238418579], 43: [-0.6902369260787964, 1.0353553295135498, 0.6000000238418579], 44: [-0.46015799045562744, 1.0353553295135498, 0.6000000238418579], 45: [-0.23007899522781372, 1.0353553295135498, 0.6000000238418579], 46: [-3.725290298461914e-08, 1.0353553295135498, 0.6000000238418579], 47: [0.23007893562316895, 1.0353553295135498, 0.6000000238418579], 48: [0.46015793085098267, 1.0353553295135498, 0.6000000238418579], 49: [0.6902369260787964, 1.0353553295135498, 0.6000000238418579], 50: [0.9203158617019653, -1.0353553295135498, 0.6000000238418579], 51: [0.6902369260787964, -1.0353553295135498, 0.6000000238418579], 52: [0.46015799045562744, -1.0353553295135498, 0.6000000238418579], 53: [0.23007899522781372, -1.0353553295135498, 0.6000000238418579], 54: [3.725290298461914e-08, -1.0353553295135498, 0.6000000238418579], 55: [-0.23007893562316895, -1.0353553295135498, 0.6000000238418579], 56: [-0.46015793085098267, -1.0353553295135498, 0.6000000238418579], 57: [-0.6902369260787964, -1.0353553295135498, 0.6000000238418579], 58: [-0.8888888955116272, 0.8888888955116272, 0.6000000238418579], 59: [-0.6666666865348816, 0.8888888955116272, 0.6000000238418579], 60: [-0.444444477558136, 0.8888888955116272, 0.6000000238418579], 61: [-0.222222238779068, 0.8888888955116272, 0.6000000238418579], 62: [-1.4901161193847656e-08, 0.8888888955116272, 0.6000000238418579], 63: [0.2222222238779068, 0.8888888955116272, 0.6000000238418579], 64: [0.444444477558136, 0.8888888955116272, 0.6000000238418579], 65: [0.6666666865348816, 0.8888888955116272, 0.6000000238418579], 66: [-0.8888888955116272, -1.0, 0.32499998807907104], 67: [-0.6666666865348816, -1.0, 0.32499998807907104], 68: [-0.444444477558136, -1.0, 0.32499998807907104], 69: [-0.222222238779068, -1.0, 0.32499998807907104], 70: [1.4901161193847656e-08, -1.0, 0.32499998807907104], 71: [0.222222238779068, -1.0, 0.32499998807907104], 72: [0.444444477558136, -1.0, 0.32499998807907104], 73: [0.6666666865348816, -1.0, 0.32499998807907104], 74: [0.8888888955116272, 1.0, 0.32499998807907104], 75: [0.6666666865348816, 1.0, 0.32499998807907104], 76: [0.444444477558136, 1.0, 0.32499998807907104], 77: [0.222222238779068, 1.0, 0.32499998807907104], 78: [-1.4901161193847656e-08, 1.0, 0.32499998807907104], 79: [-0.222222238779068, 1.0, 0.32499998807907104], 80: [-0.444444477558136, 1.0, 0.32499998807907104], 81: [-0.6666666865348816, 1.0, 0.32499998807907104], 82: [0.9203158617019653, 1.0353553295135498, 0.5], 83: [0.6902368664741516, 1.0353553295135498, 0.5], 84: [0.4601579010486603, 1.0353553295135498, 0.5], 85: [0.23007893562316895, 1.0353553295135498, 0.5], 86: [-3.725290298461914e-08, 1.0353553295135498, 0.5], 87: [-0.23007899522781372, 1.0353553295135498, 0.5], 88: [-0.46015799045562744, 1.0353553295135498, 0.5], 89: [-0.6902369260787964, 1.0353553295135498, 0.5], 90: [-0.8888888359069824, 0.8888888359069824, 0.0], 91: [-0.6666666865348816, 0.8888888359069824, 0.0], 92: [-0.444444477558136, 0.8888888359069824, 0.0], 93: [-0.222222238779068, 0.8888888359069824, 0.0], 94: [-1.4901161193847656e-08, 0.8888888359069824, 0.0], 95: [0.222222238779068, 0.8888888359069824, 0.0], 96: [0.444444477558136, 0.8888888359069824, 0.0], 97: [0.6666666865348816, 0.8888888359069824, 0.0], 98: [0.6666666865348816, -0.8888888955116272, 0.0], 99: [0.6666666865348816, -0.6666666865348816, 0.0], 100: [0.6666666865348816, -0.444444477558136, 0.0], 101: [0.6666666865348816, -0.222222238779068, 0.0], 102: [0.6666666865348816, -1.4901161193847656e-08, 0.0], 103: [0.6666666865348816, 0.2222222238779068, 0.0], 104: [0.6666666865348816, 0.444444477558136, 0.0], 105: [0.6666666865348816, 0.6666666865348816, 0.0], 106: [0.444444477558136, -0.8888888955116272, 0.0], 107: [0.444444477558136, -0.6666666865348816, 0.0], 108: [0.444444477558136, -0.444444477558136, 0.0], 109: [0.444444477558136, -0.222222238779068, 0.0], 110: [0.444444477558136, -1.4901161193847656e-08, 0.0], 111: [0.444444477558136, 0.2222222238779068, 0.0], 112: [0.444444477558136, 0.444444477558136, 0.0], 113: [0.444444477558136, 0.6666666865348816, 0.0], 114: [0.222222238779068, -0.8888888955116272, 0.0], 115: [0.222222238779068, -0.6666666865348816, 0.0], 116: [0.222222238779068, -0.444444477558136, 0.0], 117: [0.222222238779068, -0.222222238779068, 0.0], 118: [0.222222238779068, -1.4901161193847656e-08, 0.0], 119: [0.222222238779068, 0.2222222238779068, 0.0], 120: [0.222222238779068, 0.444444477558136, 0.0], 121: [0.222222238779068, 0.6666666865348816, 0.0], 122: [1.4901161193847656e-08, -0.8888888955116272, 0.0], 123: [1.30385160446167e-08, -0.6666666865348816, 0.0], 124: [1.862645149230957e-09, -0.444444477558136, 0.0], 125: [0.0, -0.222222238779068, 0.0], 126: [0.0, -1.4901161193847656e-08, 0.0], 127: [-1.862645149230957e-09, 0.2222222238779068, 0.0], 128: [-1.30385160446167e-08, 0.444444477558136, 0.0], 129: [-1.4901161193847656e-08, 0.6666666865348816, 0.0], 130: [-0.2222222238779068, -0.8888888955116272, 0.0], 131: [-0.2222222238779068, -0.6666666865348816, 0.0], 132: [-0.2222222238779068, -0.444444477558136, 0.0], 133: [-0.2222222238779068, -0.222222238779068, 0.0], 134: [-0.2222222238779068, -1.4901161193847656e-08, 0.0], 135: [-0.2222222238779068, 0.2222222238779068, 0.0], 136: [-0.2222222238779068, 0.444444477558136, 0.0], 137: [-0.222222238779068, 0.6666666865348816, 0.0], 138: [-0.444444477558136, -0.8888888955116272, 0.0], 139: [-0.444444477558136, -0.6666666865348816, 0.0], 140: [-0.444444477558136, -0.444444477558136, 0.0], 141: [-0.444444477558136, -0.222222238779068, 0.0], 142: [-0.444444477558136, -1.4901161193847656e-08, 0.0], 143: [-0.444444477558136, 0.2222222238779068, 0.0], 144: [-0.444444477558136, 0.444444477558136, 0.0], 145: [-0.444444477558136, 0.6666666865348816, 0.0], 146: [-0.6666666865348816, -0.8888888955116272, 0.0], 147: [-0.6666666865348816, -0.6666666865348816, 0.0], 148: [-0.6666666865348816, -0.444444477558136, 0.0], 149: [-0.6666666865348816, -0.222222238779068, 0.0], 150: [-0.6666666865348816, -1.4901161193847656e-08, 0.0], 151: [-0.6666666865348816, 0.2222222238779068, 0.0], 152: [-0.6666666865348816, 0.444444477558136, 0.0], 153: [-0.6666666865348816, 0.6666666865348816, 0.0], 154: [-0.8888888359069824, -0.8888888955116272, 0.0], 155: [-0.8888888359069824, -0.6666666865348816, 0.0], 156: [-0.8888888359069824, -0.444444477558136, 0.0], 157: [-0.8888888359069824, -0.222222238779068, 0.0], 158: [-0.8888888359069824, -1.4901161193847656e-08, 0.0], 159: [-0.8888888359069824, 0.2222222238779068, 0.0], 160: [-0.8888888359069824, 0.444444477558136, 0.0], 161: [-0.8888888359069824, 0.6666666865348816, 0.0], 162: [0.6666666865348816, -0.8888888359069824, 0.6000000238418579], 163: [0.6666666865348816, -0.6666666865348816, 0.6000000238418579], 164: [0.6666666865348816, -0.444444477558136, 0.6000000238418579], 165: [0.6666666865348816, -0.2222222238779068, 0.6000000238418579], 166: [0.6666666865348816, 1.4901161193847656e-08, 0.6000000238418579], 167: [0.6666666865348816, 0.222222238779068, 0.6000000238418579], 168: [0.6666666865348816, 0.444444477558136, 0.6000000238418579], 169: [0.6666666865348816, 0.6666666865348816, 0.6000000238418579], 170: [0.444444477558136, -0.8888888359069824, 0.6000000238418579], 171: [0.444444477558136, -0.6666666865348816, 0.6000000238418579], 172: [0.444444477558136, -0.444444477558136, 0.6000000238418579], 173: [0.444444477558136, -0.2222222238779068, 0.6000000238418579], 174: [0.444444477558136, 1.4901161193847656e-08, 0.6000000238418579], 175: [0.444444477558136, 0.222222238779068, 0.6000000238418579], 176: [0.444444477558136, 0.444444477558136, 0.6000000238418579], 177: [0.444444477558136, 0.6666666865348816, 0.6000000238418579], 178: [0.222222238779068, -0.8888888359069824, 0.6000000238418579], 179: [0.222222238779068, -0.6666666865348816, 0.6000000238418579], 180: [0.2222222238779068, -0.444444477558136, 0.6000000238418579], 181: [0.2222222238779068, -0.2222222238779068, 0.6000000238418579], 182: [0.2222222238779068, 1.4901161193847656e-08, 0.6000000238418579], 183: [0.2222222238779068, 0.222222238779068, 0.6000000238418579], 184: [0.2222222238779068, 0.444444477558136, 0.6000000238418579], 185: [0.2222222238779068, 0.6666666865348816, 0.6000000238418579], 186: [1.4901161193847656e-08, -0.8888888359069824, 0.6000000238418579], 187: [1.4901161193847656e-08, -0.6666666865348816, 0.6000000238418579], 188: [1.1175870895385742e-08, -0.444444477558136, 0.6000000238418579], 189: [3.725290298461914e-09, -0.2222222238779068, 0.6000000238418579], 190: [0.0, 1.4901161193847656e-08, 0.6000000238418579], 191: [0.0, 0.222222238779068, 0.6000000238418579], 192: [-3.725290298461914e-09, 0.444444477558136, 0.6000000238418579], 193: [-1.1175870895385742e-08, 0.6666666865348816, 0.6000000238418579], 194: [-0.222222238779068, -0.8888888359069824, 0.6000000238418579], 195: [-0.222222238779068, -0.6666666865348816, 0.6000000238418579], 196: [-0.222222238779068, -0.444444477558136, 0.6000000238418579], 197: [-0.222222238779068, -0.2222222238779068, 0.6000000238418579], 198: [-0.222222238779068, 1.4901161193847656e-08, 0.6000000238418579], 199: [-0.222222238779068, 0.222222238779068, 0.6000000238418579], 200: [-0.222222238779068, 0.444444477558136, 0.6000000238418579], 201: [-0.222222238779068, 0.6666666865348816, 0.6000000238418579], 202: [-0.444444477558136, -0.8888888359069824, 0.6000000238418579], 203: [-0.444444477558136, -0.6666666865348816, 0.6000000238418579], 204: [-0.444444477558136, -0.444444477558136, 0.6000000238418579], 205: [-0.444444477558136, -0.2222222238779068, 0.6000000238418579], 206: [-0.444444477558136, 1.4901161193847656e-08, 0.6000000238418579], 207: [-0.444444477558136, 0.222222238779068, 0.6000000238418579], 208: [-0.444444477558136, 0.444444477558136, 0.6000000238418579], 209: [-0.444444477558136, 0.6666666865348816, 0.6000000238418579], 210: [-0.6666666865348816, -0.8888888359069824, 0.6000000238418579], 211: [-0.6666666865348816, -0.6666666865348816, 0.6000000238418579], 212: [-0.6666666865348816, -0.444444477558136, 0.6000000238418579], 213: [-0.6666666865348816, -0.2222222238779068, 0.6000000238418579], 214: [-0.6666666865348816, 1.4901161193847656e-08, 0.6000000238418579], 215: [-0.6666666865348816, 0.222222238779068, 0.6000000238418579], 216: [-0.6666666865348816, 0.444444477558136, 0.6000000238418579], 217: [-0.6666666865348816, 0.6666666865348816, 0.6000000238418579], 218: [-0.8888888955116272, -0.8888888359069824, 0.6000000238418579], 219: [-0.8888888955116272, -0.6666666865348816, 0.6000000238418579], 220: [-0.8888888955116272, -0.444444477558136, 0.6000000238418579], 221: [-0.8888888955116272, -0.222222238779068, 0.6000000238418579], 222: [-0.8888888955116272, 0.0, 0.6000000238418579], 223: [-0.8888888955116272, 0.222222238779068, 0.6000000238418579], 224: [-0.8888888955116272, 0.444444477558136, 0.6000000238418579], 225: [-0.8888888955116272, 0.6666666865348816, 0.6000000238418579], 226: [1.0353553295135498, -0.9203158617019653, 0.5], 227: [1.0353553295135498, -0.6902368664741516, 0.5], 228: [1.0353553295135498, -0.4601579010486603, 0.5], 229: [1.0353553295135498, -0.23007893562316895, 0.5], 230: [1.0353553295135498, 3.725290298461914e-08, 0.5], 231: [1.0353553295135498, 0.23007899522781372, 0.5], 232: [1.0353553295135498, 0.46015799045562744, 0.5], 233: [1.0353553295135498, 0.6902369260787964, 0.5], 234: [-1.0353553295135498, -0.9203158617019653, 0.6000000238418579], 235: [-1.0353553295135498, -0.6902369260787964, 0.6000000238418579], 236: [-1.0353553295135498, -0.46015799045562744, 0.6000000238418579], 237: [-1.0353553295135498, -0.23007899522781372, 0.6000000238418579], 238: [-1.0353553295135498, -3.725290298461914e-08, 0.6000000238418579], 239: [-1.0353553295135498, 0.23007893562316895, 0.6000000238418579], 240: [-1.0353553295135498, 0.46015793085098267, 0.6000000238418579], 241: [-1.0353553295135498, 0.6902369260787964, 0.6000000238418579], 242: [1.0353553295135498, 0.9203158617019653, 0.6000000238418579], 243: [1.0353553295135498, 0.6902369260787964, 0.6000000238418579], 244: [1.0353553295135498, 0.46015799045562744, 0.6000000238418579], 245: [1.0353553295135498, 0.23007899522781372, 0.6000000238418579], 246: [1.0353553295135498, 3.725290298461914e-08, 0.6000000238418579], 247: [1.0353553295135498, -0.23007893562316895, 0.6000000238418579], 248: [1.0353553295135498, -0.46015793085098267, 0.6000000238418579], 249: [1.0353553295135498, -0.6902369260787964, 0.6000000238418579], 250: [1.0707106590270996, -0.9517427682876587, 0.550000011920929], 251: [1.0707106590270996, -0.7138070464134216, 0.550000011920929], 252: [1.0707106590270996, -0.47587135434150696, 0.550000011920929], 253: [1.0707106590270996, -0.2379356324672699, 0.550000011920929], 254: [1.0707106590270996, 5.960464477539063e-08, 0.550000011920929], 255: [1.0707106590270996, 0.23793575167655945, 0.550000011920929], 256: [1.0707106590270996, 0.4758714437484741, 0.550000011920929], 257: [1.0707106590270996, 0.7138071656227112, 0.550000011920929], 258: [-1.0707106590270996, 0.9517427682876587, 0.550000011920929], 259: [-1.0707106590270996, 0.7138070464134216, 0.550000011920929], 260: [-1.0707106590270996, 0.47587135434150696, 0.550000011920929], 261: [-1.0707106590270996, 0.2379356324672699, 0.550000011920929], 262: [-1.0707106590270996, -5.960464477539063e-08, 0.550000011920929], 263: [-1.0707106590270996, -0.23793575167655945, 0.550000011920929], 264: [-1.0707106590270996, -0.4758714437484741, 0.550000011920929], 265: [-1.0707106590270996, -0.7138071656227112, 0.550000011920929], 266: [-1.0353553295135498, 0.9203158617019653, 0.5], 267: [-1.0353553295135498, 0.6902368664741516, 0.5], 268: [-1.0353553295135498, 0.4601579010486603, 0.5], 269: [-1.0353553295135498, 0.23007893562316895, 0.5], 270: [-1.0353553295135498, -3.725290298461914e-08, 0.5], 271: [-1.0353553295135498, -0.23007899522781372, 0.5], 272: [-1.0353553295135498, -0.46015799045562744, 0.5], 273: [-1.0353553295135498, -0.6902369260787964, 0.5], 274: [0.8888888359069824, -0.8888888359069824, 0.6000000238418579], 275: [0.8888888359069824, -0.6666666865348816, 0.6000000238418579], 276: [0.8888888359069824, -0.444444477558136, 0.6000000238418579], 277: [0.8888888359069824, -0.2222222238779068, 0.6000000238418579], 278: [0.8888888359069824, 1.4901161193847656e-08, 0.6000000238418579], 279: [0.8888888359069824, 0.222222238779068, 0.6000000238418579], 280: [0.8888888359069824, 0.444444477558136, 0.6000000238418579], 281: [0.8888888359069824, 0.6666666865348816, 0.6000000238418579], 282: [-1.0, 0.8888888955116272, 0.32499998807907104], 283: [-1.0, 0.6666666865348816, 0.32499998807907104], 284: [-1.0, 0.444444477558136, 0.32499998807907104], 285: [-1.0, 0.222222238779068, 0.32499998807907104], 286: [-1.0, -1.4901161193847656e-08, 0.32499998807907104], 287: [-1.0, -0.222222238779068, 0.32499998807907104], 288: [-1.0, -0.444444477558136, 0.32499998807907104], 289: [-1.0, -0.6666666865348816, 0.32499998807907104], 290: [1.0, -0.8888888955116272, 0.32499998807907104], 291: [1.0, -0.6666666865348816, 0.32499998807907104], 292: [1.0, -0.444444477558136, 0.32499998807907104], 293: [1.0, -0.222222238779068, 0.32499998807907104], 294: [1.0, 1.4901161193847656e-08, 0.32499998807907104], 295: [1.0, 0.222222238779068, 0.32499998807907104], 296: [1.0, 0.444444477558136, 0.32499998807907104], 297: [1.0, 0.6666666865348816, 0.32499998807907104], 298: [0.8888888955116272, -0.8888888955116272, 0.0], 299: [0.8888888955116272, -0.6666666865348816, 0.0], 300: [0.8888888955116272, -0.444444477558136, 0.0], 301: [0.8888888955116272, -0.222222238779068, 0.0], 302: [0.8888888955116272, 0.0, 0.0], 303: [0.8888888955116272, 0.222222238779068, 0.0], 304: [0.8888888955116272, 0.444444477558136, 0.0], 305: [0.8888888955116272, 0.6666666865348816, 0.0], 306: [1.0, 0.6666666865348816, 0.07500000298023224], 307: [1.0, 0.444444477558136, 0.07500000298023224], 308: [1.0, 0.222222238779068, 0.07500000298023224], 309: [1.0, 1.4901161193847656e-08, 0.07500000298023224], 310: [1.0, -0.222222238779068, 0.07500000298023224], 311: [1.0, -0.444444477558136, 0.07500000298023224], 312: [1.0, -0.6666666865348816, 0.07500000298023224], 313: [1.0, -0.8888888955116272, 0.07500000298023224], 314: [-1.0, -0.6666666865348816, 0.07500000298023224], 315: [-1.0, -0.444444477558136, 0.07500000298023224], 316: [-1.0, -0.222222238779068, 0.07500000298023224], 317: [-1.0, -1.4901161193847656e-08, 0.07500000298023224], 318: [-1.0, 0.222222238779068, 0.07500000298023224], 319: [-1.0, 0.444444477558136, 0.07500000298023224], 320: [-1.0, 0.6666666865348816, 0.07500000298023224], 321: [-1.0, 0.8888888955116272, 0.07500000298023224], 322: [-0.6666666865348816, 1.0, 0.07500000298023224], 323: [-0.444444477558136, 1.0, 0.07500000298023224], 324: [-0.222222238779068, 1.0, 0.07500000298023224], 325: [-1.4901161193847656e-08, 1.0, 0.07500000298023224], 326: [0.222222238779068, 1.0, 0.07500000298023224], 327: [0.444444477558136, 1.0, 0.07500000298023224], 328: [0.6666666865348816, 1.0, 0.07500000298023224], 329: [0.8888888955116272, 1.0, 0.07500000298023224], 330: [0.6666666865348816, -1.0, 0.07500000298023224], 331: [0.444444477558136, -1.0, 0.07500000298023224], 332: [0.222222238779068, -1.0, 0.07500000298023224], 333: [1.4901161193847656e-08, -1.0, 0.07500000298023224], 334: [-0.222222238779068, -1.0, 0.07500000298023224], 335: [-0.444444477558136, -1.0, 0.07500000298023224], 336: [-0.6666666865348816, -1.0, 0.07500000298023224], 337: [-0.8888888955116272, -1.0, 0.07500000298023224], 338: [0.8888888359069824, -1.0, 0.07500000298023224], 339: [-0.8888888359069824, 1.0, 0.07500000298023224], 340: [-1.0, -0.8888888359069824, 0.07500000298023224], 341: [1.0, 0.8888888359069824, 0.07500000298023224]}, 'editMode': True}, 'Plane.001', {'tolerance': 10}]
['Inset Faces', {'thickness': 0.05, 'depth': 0, 'newVertices': [344, 345, 346, 347, 348, 349, 350, 351, 352, 353, 354, 355, 356, 357, 358, 359, 360, 361, 362, 363, 364, 365, 366, 367, 368, 369, 370, 371, 372, 373, 374, 375, 376, 377, 378, 379, 380, 381, 382, 383, 384, 385, 386, 387, 388, 389, 390, 391, 392, 393, 394, 395, 396, 397, 398, 399, 400, 401, 402, 403, 404, 405, 406, 407, 408, 409, 410, 411, 412, 413, 414, 415, 416, 417, 418, 419, 420, 421, 422, 423, 424, 425, 426, 427, 428, 429, 430, 431, 432, 433, 434, 435, 436, 437, 438, 439, 440, 441, 442, 443, 444, 445, 446, 447, 448, 449, 450, 451, 452, 453, 454, 455, 456, 457, 458, 459, 460, 461, 462, 463, 464, 465, 466, 467, 468, 469, 470, 471, 472, 473, 474, 475, 476, 477, 478, 479, 480, 481, 482, 483, 484, 485, 486, 487], 'newFaces': [342, 343, 344, 345, 346, 347, 348, 349, 350, 351, 352, 353, 354, 355, 356, 357, 358, 359, 360, 361, 362, 363, 364, 365, 366, 367, 368, 369, 370, 371, 372, 373, 374, 375, 376, 377, 378, 379, 380, 381, 382, 383, 384, 385, 386, 387, 388, 389, 390, 391, 392, 393, 394, 395, 396, 397, 398, 399, 400, 401, 402, 403, 404, 405, 406, 407, 408, 409, 410, 411, 412, 413, 414, 415, 416, 417, 418, 419, 420, 421, 422, 423, 424, 425, 426, 427, 428, 429, 430, 431, 432, 433, 434, 435, 436, 437, 438, 439, 440, 441, 442, 443, 444, 445, 446, 447, 448, 449, 450, 451, 452, 453, 454, 455, 456, 457, 458, 459, 460, 461, 462, 463, 464, 465, 466, 467, 468, 469, 470, 471, 472, 473, 474, 475, 476, 477, 478, 479, 480, 481, 482, 483, 484, 485], 'vertices': {0: [-1.0, -1.0, 0.0], 1: [1.0, -1.0, 0.0], 2: [-1.0, 1.0, 0.0], 3: [1.0, 1.0, 0.0], 4: [-1.0, 1.0, 0.5], 5: [-1.0, -1.0, 0.5], 6: [1.0, -1.0, 0.5], 7: [1.0, 1.0, 0.5], 8: [-1.0, 1.0, 0.6000000238418579], 9: [-1.0, -1.0, 0.6000000238418579], 10: [1.0, -1.0, 0.6000000238418579], 11: [1.0, 1.0, 0.6000000238418579], 12: [-1.0707106590270996, 1.0707106590270996, 0.5], 13: [-1.0707106590270996, -1.0707106590270996, 0.5], 14: [1.0707106590270996, -1.0707106590270996, 0.5], 15: [1.0707106590270996, 1.0707106590270996, 0.5], 16: [-1.0707106590270996, 1.0707106590270996, 0.6000000238418579], 17: [-1.0707106590270996, -1.0707106590270996, 0.6000000238418579], 18: [1.0707106590270996, -1.0707106590270996, 0.6000000238418579], 19: [1.0707106590270996, 1.0707106590270996, 0.6000000238418579], 20: [-0.7777777910232544, -1.0, 0.0], 21: [-0.5555555820465088, -1.0, 0.0], 22: [-0.3333333432674408, -1.0, 0.0], 23: [-0.1111111044883728, -1.0, 0.0], 24: [0.11111113429069519, -1.0, 0.0], 25: [0.3333333432674408, -1.0, 0.0], 26: [0.5555555820465088, -1.0, 0.0], 27: [0.7777777910232544, -1.0, 0.0], 28: [0.7777777910232544, 1.0, 0.0], 29: [0.5555555820465088, 1.0, 0.0], 30: [0.3333333432674408, 1.0, 0.0], 31: [0.1111111044883728, 1.0, 0.0], 32: [-0.11111113429069519, 1.0, 0.0], 33: [-0.3333333432674408, 1.0, 0.0], 34: [-0.5555555820465088, 1.0, 0.0], 35: [-0.7777777910232544, 1.0, 0.0], 36: [-0.7777777910232544, -1.0, 0.5], 37: [-0.5555555820465088, -1.0, 0.5], 38: [-0.3333333432674408, -1.0, 0.5], 39: [-0.1111111044883728, -1.0, 0.5], 40: [0.11111113429069519, -1.0, 0.5], 41: [0.3333333432674408, -1.0, 0.5], 42: [0.5555555820465088, -1.0, 0.5], 43: [0.7777777910232544, -1.0, 0.5], 44: [0.7777777910232544, 1.0, 0.5], 45: [0.5555555820465088, 1.0, 0.5], 46: [0.3333333432674408, 1.0, 0.5], 47: [0.1111111044883728, 1.0, 0.5], 48: [-0.11111113429069519, 1.0, 0.5], 49: [-0.3333333432674408, 1.0, 0.5], 50: [-0.5555555820465088, 1.0, 0.5], 51: [-0.7777777910232544, 1.0, 0.5], 52: [-0.7777777910232544, -1.0, 0.6000000238418579], 53: [-0.5555555820465088, -1.0, 0.6000000238418579], 54: [-0.3333333432674408, -1.0, 0.6000000238418579], 55: [-0.1111111044883728, -1.0, 0.6000000238418579], 56: [0.11111113429069519, -1.0, 0.6000000238418579], 57: [0.3333333432674408, -1.0, 0.6000000238418579], 58: [0.5555555820465088, -1.0, 0.6000000238418579], 59: [0.7777777910232544, -1.0, 0.6000000238418579], 60: [0.7777777910232544, 1.0, 0.6000000238418579], 61: [0.5555555820465088, 1.0, 0.6000000238418579], 62: [0.3333333432674408, 1.0, 0.6000000238418579], 63: [0.1111111044883728, 1.0, 0.6000000238418579], 64: [-0.11111113429069519, 1.0, 0.6000000238418579], 65: [-0.3333333432674408, 1.0, 0.6000000238418579], 66: [-0.5555555820465088, 1.0, 0.6000000238418579], 67: [-0.7777777910232544, 1.0, 0.6000000238418579], 68: [-0.8327749371528625, -1.0707106590270996, 0.5], 69: [-0.5948392152786255, -1.0707106590270996, 0.5], 70: [-0.3569034934043884, -1.0707106590270996, 0.5], 71: [-0.11896778643131256, -1.0707106590270996, 0.5], 72: [0.11896790564060211, -1.0707106590270996, 0.5], 73: [0.356903612613678, -1.0707106590270996, 0.5], 74: [0.594839334487915, -1.0707106590270996, 0.5], 75: [0.8327749967575073, -1.0707106590270996, 0.5], 76: [0.8327749371528625, 1.0707106590270996, 0.5], 77: [0.5948392152786255, 1.0707106590270996, 0.5], 78: [0.3569034934043884, 1.0707106590270996, 0.5], 79: [0.11896778643131256, 1.0707106590270996, 0.5], 80: [-0.11896790564060211, 1.0707106590270996, 0.5], 81: [-0.356903612613678, 1.0707106590270996, 0.5], 82: [-0.594839334487915, 1.0707106590270996, 0.5], 83: [-0.8327749967575073, 1.0707106590270996, 0.5], 84: [-0.8327749371528625, -1.0707106590270996, 0.6000000238418579], 85: [-0.5948392152786255, -1.0707106590270996, 0.6000000238418579], 86: [-0.3569034934043884, -1.0707106590270996, 0.6000000238418579], 87: [-0.11896778643131256, -1.0707106590270996, 0.6000000238418579], 88: [0.11896790564060211, -1.0707106590270996, 0.6000000238418579], 89: [0.356903612613678, -1.0707106590270996, 0.6000000238418579], 90: [0.594839334487915, -1.0707106590270996, 0.6000000238418579], 91: [0.8327749967575073, -1.0707106590270996, 0.6000000238418579], 92: [0.8327749371528625, 1.0707106590270996, 0.6000000238418579], 93: [0.5948392152786255, 1.0707106590270996, 0.6000000238418579], 94: [0.3569034934043884, 1.0707106590270996, 0.6000000238418579], 95: [0.11896778643131256, 1.0707106590270996, 0.6000000238418579], 96: [-0.11896790564060211, 1.0707106590270996, 0.6000000238418579], 97: [-0.356903612613678, 1.0707106590270996, 0.6000000238418579], 98: [-0.594839334487915, 1.0707106590270996, 0.6000000238418579], 99: [-0.8327749967575073, 1.0707106590270996, 0.6000000238418579], 100: [-1.0, 0.7777777910232544, 0.0], 101: [-1.0, 0.5555555820465088, 0.0], 102: [-1.0, 0.3333333432674408, 0.0], 103: [-1.0, 0.1111111044883728, 0.0], 104: [-1.0, -0.11111113429069519, 0.0], 105: [-1.0, -0.3333333432674408, 0.0], 106: [-1.0, -0.5555555820465088, 0.0], 107: [-1.0, -0.7777777910232544, 0.0], 108: [1.0, -0.7777777910232544, 0.0], 109: [1.0, -0.5555555820465088, 0.0], 110: [1.0, -0.3333333432674408, 0.0], 111: [1.0, -0.1111111044883728, 0.0], 112: [1.0, 0.11111113429069519, 0.0], 113: [1.0, 0.3333333432674408, 0.0], 114: [1.0, 0.5555555820465088, 0.0], 115: [1.0, 0.7777777910232544, 0.0], 116: [-1.0, 0.7777777910232544, 0.5], 117: [-1.0, 0.5555555820465088, 0.5], 118: [-1.0, 0.3333333432674408, 0.5], 119: [-1.0, 0.1111111044883728, 0.5], 120: [-1.0, -0.11111113429069519, 0.5], 121: [-1.0, -0.3333333432674408, 0.5], 122: [-1.0, -0.5555555820465088, 0.5], 123: [-1.0, -0.7777777910232544, 0.5], 124: [1.0, -0.7777777910232544, 0.5], 125: [1.0, -0.5555555820465088, 0.5], 126: [1.0, -0.3333333432674408, 0.5], 127: [1.0, -0.1111111044883728, 0.5], 128: [1.0, 0.11111113429069519, 0.5], 129: [1.0, 0.3333333432674408, 0.5], 130: [1.0, 0.5555555820465088, 0.5], 131: [1.0, 0.7777777910232544, 0.5], 132: [-1.0, 0.7777777910232544, 0.6000000238418579], 133: [-1.0, 0.5555555820465088, 0.6000000238418579], 134: [-1.0, 0.3333333432674408, 0.6000000238418579], 135: [-1.0, 0.1111111044883728, 0.6000000238418579], 136: [-1.0, -0.11111113429069519, 0.6000000238418579], 137: [-1.0, -0.3333333432674408, 0.6000000238418579], 138: [-1.0, -0.5555555820465088, 0.6000000238418579], 139: [-1.0, -0.7777777910232544, 0.6000000238418579], 140: [1.0, -0.7777777910232544, 0.6000000238418579], 141: [1.0, -0.5555555820465088, 0.6000000238418579], 142: [1.0, -0.3333333432674408, 0.6000000238418579], 143: [1.0, -0.1111111044883728, 0.6000000238418579], 144: [1.0, 0.11111113429069519, 0.6000000238418579], 145: [1.0, 0.3333333432674408, 0.6000000238418579], 146: [1.0, 0.5555555820465088, 0.6000000238418579], 147: [1.0, 0.7777777910232544, 0.6000000238418579], 148: [-1.0707106590270996, 0.8327749371528625, 0.5], 149: [-1.0707106590270996, 0.5948392152786255, 0.5], 150: [-1.0707106590270996, 0.3569034934043884, 0.5], 151: [-1.0707106590270996, 0.11896778643131256, 0.5], 152: [-1.0707106590270996, -0.11896790564060211, 0.5], 153: [-1.0707106590270996, -0.356903612613678, 0.5], 154: [-1.0707106590270996, -0.594839334487915, 0.5], 155: [-1.0707106590270996, -0.8327749967575073, 0.5], 156: [1.0707106590270996, -0.8327749371528625, 0.5], 157: [1.0707106590270996, -0.5948392152786255, 0.5], 158: [1.0707106590270996, -0.3569034934043884, 0.5], 159: [1.0707106590270996, -0.11896778643131256, 0.5], 160: [1.0707106590270996, 0.11896790564060211, 0.5], 161: [1.0707106590270996, 0.356903612613678, 0.5], 162: [1.0707106590270996, 0.594839334487915, 0.5], 163: [1.0707106590270996, 0.8327749967575073, 0.5], 164: [-1.0707106590270996, 0.8327749371528625, 0.6000000238418579], 165: [-1.0707106590270996, 0.5948392152786255, 0.6000000238418579], 166: [-1.0707106590270996, 0.3569034934043884, 0.6000000238418579], 167: [-1.0707106590270996, 0.11896778643131256, 0.6000000238418579], 168: [-1.0707106590270996, -0.11896790564060211, 0.6000000238418579], 169: [-1.0707106590270996, -0.356903612613678, 0.6000000238418579], 170: [-1.0707106590270996, -0.594839334487915, 0.6000000238418579], 171: [-1.0707106590270996, -0.8327749967575073, 0.6000000238418579], 172: [1.0707106590270996, -0.8327749371528625, 0.6000000238418579], 173: [1.0707106590270996, -0.5948392152786255, 0.6000000238418579], 174: [1.0707106590270996, -0.3569034934043884, 0.6000000238418579], 175: [1.0707106590270996, -0.11896778643131256, 0.6000000238418579], 176: [1.0707106590270996, 0.11896790564060211, 0.6000000238418579], 177: [1.0707106590270996, 0.356903612613678, 0.6000000238418579], 178: [1.0707106590270996, 0.594839334487915, 0.6000000238418579], 179: [1.0707106590270996, 0.8327749967575073, 0.6000000238418579], 180: [-0.7777777910232544, -0.7777777910232544, 0.6000000238418579], 181: [-0.7777777910232544, -0.5555555820465088, 0.6000000238418579], 182: [-0.7777777910232544, -0.3333333432674408, 0.6000000238418579], 183: [-0.7777777910232544, -0.1111111044883728, 0.6000000238418579], 184: [-0.7777777910232544, 0.11111113429069519, 0.6000000238418579], 185: [-0.7777777910232544, 0.3333333432674408, 0.6000000238418579], 186: [-0.7777777910232544, 0.5555555820465088, 0.6000000238418579], 187: [-0.7777777910232544, 0.7777777910232544, 0.6000000238418579], 188: [-0.5555555820465088, -0.7777777910232544, 0.6000000238418579], 189: [-0.5555555820465088, -0.5555555820465088, 0.6000000238418579], 190: [-0.5555555820465088, -0.3333333432674408, 0.6000000238418579], 191: [-0.5555555820465088, -0.1111111044883728, 0.6000000238418579], 192: [-0.5555555820465088, 0.11111113429069519, 0.6000000238418579], 193: [-0.5555555820465088, 0.3333333432674408, 0.6000000238418579], 194: [-0.5555555820465088, 0.5555555820465088, 0.6000000238418579], 195: [-0.5555555820465088, 0.7777777910232544, 0.6000000238418579], 196: [-0.3333333432674408, -0.7777777910232544, 0.6000000238418579], 197: [-0.3333333432674408, -0.5555555820465088, 0.6000000238418579], 198: [-0.3333333432674408, -0.3333333432674408, 0.6000000238418579], 199: [-0.3333333432674408, -0.1111111044883728, 0.6000000238418579], 200: [-0.3333333432674408, 0.11111113429069519, 0.6000000238418579], 201: [-0.3333333432674408, 0.3333333432674408, 0.6000000238418579], 202: [-0.3333333432674408, 0.5555555820465088, 0.6000000238418579], 203: [-0.3333333432674408, 0.7777777910232544, 0.6000000238418579], 204: [-0.1111111044883728, -0.7777777910232544, 0.6000000238418579], 205: [-0.1111111044883728, -0.5555555820465088, 0.6000000238418579], 206: [-0.1111111119389534, -0.3333333432674408, 0.6000000238418579], 207: [-0.111111119389534, -0.1111111044883728, 0.6000000238418579], 208: [-0.111111119389534, 0.11111113429069519, 0.6000000238418579], 209: [-0.111111119389534, 0.3333333432674408, 0.6000000238418579], 210: [-0.1111111268401146, 0.5555555820465088, 0.6000000238418579], 211: [-0.11111113429069519, 0.7777777910232544, 0.6000000238418579], 212: [0.11111113429069519, -0.7777777910232544, 0.6000000238418579], 213: [0.11111113429069519, -0.5555555820465088, 0.6000000238418579], 214: [0.1111111268401146, -0.3333333432674408, 0.6000000238418579], 215: [0.111111119389534, -0.1111111044883728, 0.6000000238418579], 216: [0.111111119389534, 0.11111113429069519, 0.6000000238418579], 217: [0.111111119389534, 0.3333333432674408, 0.6000000238418579], 218: [0.1111111119389534, 0.5555555820465088, 0.6000000238418579], 219: [0.1111111044883728, 0.7777777910232544, 0.6000000238418579], 220: [0.3333333432674408, -0.7777777910232544, 0.6000000238418579], 221: [0.3333333432674408, -0.5555555820465088, 0.6000000238418579], 222: [0.3333333432674408, -0.3333333432674408, 0.6000000238418579], 223: [0.3333333432674408, -0.1111111044883728, 0.6000000238418579], 224: [0.3333333432674408, 0.11111113429069519, 0.6000000238418579], 225: [0.3333333432674408, 0.3333333432674408, 0.6000000238418579], 226: [0.3333333432674408, 0.5555555820465088, 0.6000000238418579], 227: [0.3333333432674408, 0.7777777910232544, 0.6000000238418579], 228: [0.5555555820465088, -0.7777777910232544, 0.6000000238418579], 229: [0.5555555820465088, -0.5555555820465088, 0.6000000238418579], 230: [0.5555555820465088, -0.3333333432674408, 0.6000000238418579], 231: [0.5555555820465088, -0.1111111044883728, 0.6000000238418579], 232: [0.5555555820465088, 0.11111113429069519, 0.6000000238418579], 233: [0.5555555820465088, 0.3333333432674408, 0.6000000238418579], 234: [0.5555555820465088, 0.5555555820465088, 0.6000000238418579], 235: [0.5555555820465088, 0.7777777910232544, 0.6000000238418579], 236: [0.7777777910232544, -0.7777777910232544, 0.6000000238418579], 237: [0.7777777910232544, -0.5555555820465088, 0.6000000238418579], 238: [0.7777777910232544, -0.3333333432674408, 0.6000000238418579], 239: [0.7777777910232544, -0.1111111044883728, 0.6000000238418579], 240: [0.7777777910232544, 0.11111113429069519, 0.6000000238418579], 241: [0.7777777910232544, 0.3333333432674408, 0.6000000238418579], 242: [0.7777777910232544, 0.5555555820465088, 0.6000000238418579], 243: [0.7777777910232544, 0.7777777910232544, 0.6000000238418579], 244: [-0.7777777910232544, 0.7777777910232544, 0.0], 245: [-0.7777777910232544, 0.5555555820465088, 0.0], 246: [-0.7777777910232544, 0.3333333432674408, 0.0], 247: [-0.7777777910232544, 0.1111111044883728, 0.0], 248: [-0.7777777910232544, -0.11111113429069519, 0.0], 249: [-0.7777777910232544, -0.3333333432674408, 0.0], 250: [-0.7777777910232544, -0.5555555820465088, 0.0], 251: [-0.7777777910232544, -0.7777777910232544, 0.0], 252: [-0.5555555820465088, 0.7777777910232544, 0.0], 253: [-0.5555555820465088, 0.5555555820465088, 0.0], 254: [-0.5555555820465088, 0.3333333432674408, 0.0], 255: [-0.5555555820465088, 0.1111111044883728, 0.0], 256: [-0.5555555820465088, -0.11111113429069519, 0.0], 257: [-0.5555555820465088, -0.3333333432674408, 0.0], 258: [-0.5555555820465088, -0.5555555820465088, 0.0], 259: [-0.5555555820465088, -0.7777777910232544, 0.0], 260: [-0.3333333432674408, 0.7777777910232544, 0.0], 261: [-0.3333333432674408, 0.5555555820465088, 0.0], 262: [-0.3333333432674408, 0.3333333432674408, 0.0], 263: [-0.3333333432674408, 0.1111111044883728, 0.0], 264: [-0.3333333432674408, -0.11111113429069519, 0.0], 265: [-0.3333333432674408, -0.3333333432674408, 0.0], 266: [-0.3333333432674408, -0.5555555820465088, 0.0], 267: [-0.3333333432674408, -0.7777777910232544, 0.0], 268: [-0.11111113429069519, 0.7777777910232544, 0.0], 269: [-0.11111113429069519, 0.5555555820465088, 0.0], 270: [-0.1111111268401146, 0.3333333432674408, 0.0], 271: [-0.111111119389534, 0.1111111044883728, 0.0], 272: [-0.111111119389534, -0.11111113429069519, 0.0], 273: [-0.111111119389534, -0.3333333432674408, 0.0], 274: [-0.1111111119389534, -0.5555555820465088, 0.0], 275: [-0.1111111044883728, -0.7777777910232544, 0.0], 276: [0.1111111044883728, 0.7777777910232544, 0.0], 277: [0.1111111044883728, 0.5555555820465088, 0.0], 278: [0.1111111119389534, 0.3333333432674408, 0.0], 279: [0.111111119389534, 0.1111111044883728, 0.0], 280: [0.111111119389534, -0.11111113429069519, 0.0], 281: [0.111111119389534, -0.3333333432674408, 0.0], 282: [0.1111111268401146, -0.5555555820465088, 0.0], 283: [0.11111113429069519, -0.7777777910232544, 0.0], 284: [0.3333333432674408, 0.7777777910232544, 0.0], 285: [0.3333333432674408, 0.5555555820465088, 0.0], 286: [0.3333333432674408, 0.3333333432674408, 0.0], 287: [0.3333333432674408, 0.1111111044883728, 0.0], 288: [0.3333333432674408, -0.11111113429069519, 0.0], 289: [0.3333333432674408, -0.3333333432674408, 0.0], 290: [0.3333333432674408, -0.5555555820465088, 0.0], 291: [0.3333333432674408, -0.7777777910232544, 0.0], 292: [0.5555555820465088, 0.7777777910232544, 0.0], 293: [0.5555555820465088, 0.5555555820465088, 0.0], 294: [0.5555555820465088, 0.3333333432674408, 0.0], 295: [0.5555555820465088, 0.1111111044883728, 0.0], 296: [0.5555555820465088, -0.11111113429069519, 0.0], 297: [0.5555555820465088, -0.3333333432674408, 0.0], 298: [0.5555555820465088, -0.5555555820465088, 0.0], 299: [0.5555555820465088, -0.7777777910232544, 0.0], 300: [0.7777777910232544, 0.7777777910232544, 0.0], 301: [0.7777777910232544, 0.5555555820465088, 0.0], 302: [0.7777777910232544, 0.3333333432674408, 0.0], 303: [0.7777777910232544, 0.1111111044883728, 0.0], 304: [0.7777777910232544, -0.11111113429069519, 0.0], 305: [0.7777777910232544, -0.3333333432674408, 0.0], 306: [0.7777777910232544, -0.5555555820465088, 0.0], 307: [0.7777777910232544, -0.7777777910232544, 0.0], 308: [1.0, 1.0, 0.15000000596046448], 309: [1.0, -1.0, 0.15000000596046448], 310: [-1.0, -1.0, 0.15000000596046448], 311: [-1.0, 1.0, 0.15000000596046448], 312: [-0.7777777910232544, -1.0, 0.15000000596046448], 313: [-0.5555555820465088, -1.0, 0.15000000596046448], 314: [-0.3333333432674408, -1.0, 0.15000000596046448], 315: [-0.1111111044883728, -1.0, 0.15000000596046448], 316: [0.11111113429069519, -1.0, 0.15000000596046448], 317: [0.3333333432674408, -1.0, 0.15000000596046448], 318: [0.5555555820465088, -1.0, 0.15000000596046448], 319: [0.7777777910232544, -1.0, 0.15000000596046448], 320: [0.7777777910232544, 1.0, 0.15000000596046448], 321: [0.5555555820465088, 1.0, 0.15000000596046448], 322: [0.3333333432674408, 1.0, 0.15000000596046448], 323: [0.1111111044883728, 1.0, 0.15000000596046448], 324: [-0.11111113429069519, 1.0, 0.15000000596046448], 325: [-0.3333333432674408, 1.0, 0.15000000596046448], 326: [-0.5555555820465088, 1.0, 0.15000000596046448], 327: [-0.7777777910232544, 1.0, 0.15000000596046448], 328: [-1.0, 0.7777777910232544, 0.15000000596046448], 329: [-1.0, 0.5555555820465088, 0.15000000596046448], 330: [-1.0, 0.3333333432674408, 0.15000000596046448], 331: [-1.0, 0.1111111044883728, 0.15000000596046448], 332: [-1.0, -0.11111113429069519, 0.15000000596046448], 333: [-1.0, -0.3333333432674408, 0.15000000596046448], 334: [-1.0, -0.5555555820465088, 0.15000000596046448], 335: [-1.0, -0.7777777910232544, 0.15000000596046448], 336: [1.0, -0.7777777910232544, 0.15000000596046448], 337: [1.0, -0.5555555820465088, 0.15000000596046448], 338: [1.0, -0.3333333432674408, 0.15000000596046448], 339: [1.0, -0.1111111044883728, 0.15000000596046448], 340: [1.0, 0.11111113429069519, 0.15000000596046448], 341: [1.0, 0.3333333432674408, 0.15000000596046448], 342: [1.0, 0.5555555820465088, 0.15000000596046448], 343: [1.0, 0.7777777910232544, 0.15000000596046448], 344: [1.0, 0.8277778029441833, 0.20000000298023224], 345: [1.0, 0.949999988079071, 0.20000000298023224], 346: [1.0, 0.949999988079071, 0.44999998807907104], 347: [1.0, 0.8277778029441833, 0.44999998807907104], 348: [-1.0, -0.8277778029441833, 0.20000000298023224], 349: [-1.0, -0.949999988079071, 0.20000000298023224], 350: [-1.0, -0.949999988079071, 0.44999998807907104], 351: [-1.0, -0.8277778029441833, 0.44999998807907104], 352: [-0.8277778029441833, 1.0, 0.20000000298023224], 353: [-0.949999988079071, 1.0, 0.20000000298023224], 354: [-0.949999988079071, 1.0, 0.44999998807907104], 355: [-0.8277778029441833, 1.0, 0.44999998807907104], 356: [0.8277778029441833, -1.0, 0.20000000298023224], 357: [0.949999988079071, -1.0, 0.20000000298023224], 358: [0.949999988079071, -1.0, 0.44999998807907104], 359: [0.8277778029441833, -1.0, 0.44999998807907104], 360: [-0.949999988079071, -1.0, 0.20000000298023224], 361: [-0.8277778029441833, -1.0, 0.20000000298023224], 362: [-0.8277778029441833, -1.0, 0.44999998807907104], 363: [-0.949999988079071, -1.0, 0.44999998807907104], 364: [-0.7277777791023254, -1.0, 0.20000000298023224], 365: [-0.6055555939674377, -1.0, 0.20000000298023224], 366: [-0.6055555939674377, -1.0, 0.44999998807907104], 367: [-0.7277777791023254, -1.0, 0.44999998807907104], 368: [-0.5055555701255798, -1.0, 0.20000000298023224], 369: [-0.38333335518836975, -1.0, 0.20000000298023224], 370: [-0.38333332538604736, -1.0, 0.45000001788139343], 371: [-0.5055555701255798, -1.0, 0.44999998807907104], 372: [-0.28333336114883423, -1.0, 0.20000000298023224], 373: [-0.16111111640930176, -1.0, 0.20000000298023224], 374: [-0.16111110150814056, -1.0, 0.45000001788139343], 375: [-0.28333333134651184, -1.0, 0.44999998807907104], 376: [-0.06111110746860504, -1.0, 0.20000000298023224], 377: [0.061111126095056534, -1.0, 0.20000000298023224], 378: [0.06111113727092743, -1.0, 0.45000001788139343], 379: [-0.061111096292734146, -1.0, 0.44999998807907104], 380: [0.16111113131046295, -1.0, 0.20000000298023224], 381: [0.28333336114883423, -1.0, 0.20000000298023224], 382: [0.28333336114883423, -1.0, 0.44999998807907104], 383: [0.16111113131046295, -1.0, 0.44999998807907104], 384: [0.38333332538604736, -1.0, 0.20000000298023224], 385: [0.5055555701255798, -1.0, 0.20000000298023224], 386: [0.5055555701255798, -1.0, 0.45000001788139343], 387: [0.38333335518836975, -1.0, 0.44999998807907104], 388: [0.6055555939674377, -1.0, 0.20000000298023224], 389: [0.7277777791023254, -1.0, 0.20000000298023224], 390: [0.7277777791023254, -1.0, 0.44999998807907104], 391: [0.6055555939674377, -1.0, 0.44999998807907104], 392: [0.949999988079071, 1.0, 0.20000000298023224], 393: [0.8277778029441833, 1.0, 0.20000000298023224], 394: [0.8277778029441833, 1.0, 0.44999998807907104], 395: [0.949999988079071, 1.0, 0.44999998807907104], 396: [0.7277777791023254, 1.0, 0.20000000298023224], 397: [0.6055555939674377, 1.0, 0.20000000298023224], 398: [0.6055555939674377, 1.0, 0.44999998807907104], 399: [0.7277777791023254, 1.0, 0.44999998807907104], 400: [0.5055555701255798, 1.0, 0.20000000298023224], 401: [0.38333335518836975, 1.0, 0.20000000298023224], 402: [0.38333332538604736, 1.0, 0.45000001788139343], 403: [0.5055555701255798, 1.0, 0.44999998807907104], 404: [0.28333336114883423, 1.0, 0.20000000298023224], 405: [0.16111111640930176, 1.0, 0.20000000298023224], 406: [0.16111110150814056, 1.0, 0.45000001788139343], 407: [0.28333333134651184, 1.0, 0.44999998807907104], 408: [0.06111110746860504, 1.0, 0.20000000298023224], 409: [-0.061111126095056534, 1.0, 0.20000000298023224], 410: [-0.06111113727092743, 1.0, 0.45000001788139343], 411: [0.061111096292734146, 1.0, 0.44999998807907104], 412: [-0.16111113131046295, 1.0, 0.20000000298023224], 413: [-0.28333336114883423, 1.0, 0.20000000298023224], 414: [-0.28333336114883423, 1.0, 0.44999998807907104], 415: [-0.16111113131046295, 1.0, 0.44999998807907104], 416: [-0.38333332538604736, 1.0, 0.20000000298023224], 417: [-0.5055555701255798, 1.0, 0.20000000298023224], 418: [-0.5055555701255798, 1.0, 0.45000001788139343], 419: [-0.38333335518836975, 1.0, 0.44999998807907104], 420: [-0.6055555939674377, 1.0, 0.20000000298023224], 421: [-0.7277777791023254, 1.0, 0.20000000298023224], 422: [-0.7277777791023254, 1.0, 0.44999998807907104], 423: [-0.6055555939674377, 1.0, 0.44999998807907104], 424: [-1.0, 0.949999988079071, 0.20000000298023224], 425: [-1.0, 0.8277778029441833, 0.20000000298023224], 426: [-1.0, 0.8277778029441833, 0.44999998807907104], 427: [-1.0, 0.949999988079071, 0.44999998807907104], 428: [-1.0, 0.7277777791023254, 0.20000000298023224], 429: [-1.0, 0.6055555939674377, 0.20000000298023224], 430: [-1.0, 0.6055555939674377, 0.44999998807907104], 431: [-1.0, 0.7277777791023254, 0.44999998807907104], 432: [-1.0, 0.5055555701255798, 0.20000000298023224], 433: [-1.0, 0.38333335518836975, 0.20000000298023224], 434: [-1.0, 0.38333332538604736, 0.45000001788139343], 435: [-1.0, 0.5055555701255798, 0.44999998807907104], 436: [-1.0, 0.28333336114883423, 0.20000000298023224], 437: [-1.0, 0.16111111640930176, 0.20000000298023224], 438: [-1.0, 0.16111110150814056, 0.45000001788139343], 439: [-1.0, 0.28333333134651184, 0.44999998807907104], 440: [-1.0, 0.06111110746860504, 0.20000000298023224], 441: [-1.0, -0.061111126095056534, 0.20000000298023224], 442: [-1.0, -0.06111113727092743, 0.45000001788139343], 443: [-1.0, 0.061111096292734146, 0.44999998807907104], 444: [-1.0, -0.16111113131046295, 0.20000000298023224], 445: [-1.0, -0.28333336114883423, 0.20000000298023224], 446: [-1.0, -0.28333336114883423, 0.44999998807907104], 447: [-1.0, -0.16111113131046295, 0.44999998807907104], 448: [-1.0, -0.38333332538604736, 0.20000000298023224], 449: [-1.0, -0.5055555701255798, 0.20000000298023224], 450: [-1.0, -0.5055555701255798, 0.45000001788139343], 451: [-1.0, -0.38333335518836975, 0.44999998807907104], 452: [-1.0, -0.6055555939674377, 0.20000000298023224], 453: [-1.0, -0.7277777791023254, 0.20000000298023224], 454: [-1.0, -0.7277777791023254, 0.44999998807907104], 455: [-1.0, -0.6055555939674377, 0.44999998807907104], 456: [1.0, -0.949999988079071, 0.20000000298023224], 457: [1.0, -0.8277778029441833, 0.20000000298023224], 458: [1.0, -0.8277778029441833, 0.44999998807907104], 459: [1.0, -0.949999988079071, 0.44999998807907104], 460: [1.0, -0.7277777791023254, 0.20000000298023224], 461: [1.0, -0.6055555939674377, 0.20000000298023224], 462: [1.0, -0.6055555939674377, 0.44999998807907104], 463: [1.0, -0.7277777791023254, 0.44999998807907104], 464: [1.0, -0.5055555701255798, 0.20000000298023224], 465: [1.0, -0.38333335518836975, 0.20000000298023224], 466: [1.0, -0.38333332538604736, 0.45000001788139343], 467: [1.0, -0.5055555701255798, 0.44999998807907104], 468: [1.0, -0.28333336114883423, 0.20000000298023224], 469: [1.0, -0.16111111640930176, 0.20000000298023224], 470: [1.0, -0.16111110150814056, 0.45000001788139343], 471: [1.0, -0.28333333134651184, 0.44999998807907104], 472: [1.0, -0.06111110746860504, 0.20000000298023224], 473: [1.0, 0.061111126095056534, 0.20000000298023224], 474: [1.0, 0.06111113727092743, 0.45000001788139343], 475: [1.0, -0.061111096292734146, 0.44999998807907104], 476: [1.0, 0.16111113131046295, 0.20000000298023224], 477: [1.0, 0.28333336114883423, 0.20000000298023224], 478: [1.0, 0.28333336114883423, 0.44999998807907104], 479: [1.0, 0.16111113131046295, 0.44999998807907104], 480: [1.0, 0.38333332538604736, 0.20000000298023224], 481: [1.0, 0.5055555701255798, 0.20000000298023224], 482: [1.0, 0.5055555701255798, 0.45000001788139343], 483: [1.0, 0.38333335518836975, 0.44999998807907104], 484: [1.0, 0.6055555939674377, 0.20000000298023224], 485: [1.0, 0.7277777791023254, 0.20000000298023224], 486: [1.0, 0.7277777791023254, 0.44999998807907104], 487: [1.0, 0.6055555939674377, 0.44999998807907104]}, 'faces': {0: [0.8888888955116272, 0.8888888359069824, 0.0], 1: [-0.9203158617019653, 1.0353553295135498, 0.5], 2: [1.0, 0.8888888955116272, 0.32499998807907104], 3: [-1.0, -0.8888888955116272, 0.32499998807907104], 4: [-0.8888888955116272, 1.0, 0.32499998807907104], 5: [0.8888888955116272, -1.0, 0.32499998807907104], 6: [0.8888888359069824, 0.8888888955116272, 0.6000000238418579], 7: [-0.9203158020973206, -1.0353553295135498, 0.6000000238418579], 8: [-1.0353553295135498, -0.9203158617019653, 0.5], 9: [0.9203158020973206, 1.0353553295135498, 0.6000000238418579], 10: [-1.0707106590270996, -0.9517428874969482, 0.550000011920929], 11: [-0.9517428874969482, 1.0707106590270996, 0.550000011920929], 12: [0.9517428874969482, -1.0707106590270996, 0.550000011920929], 13: [1.0707106590270996, 0.9517428874969482, 0.550000011920929], 14: [0.9203158617019653, -1.0353553295135498, 0.5], 15: [1.0353553295135498, -0.9203158020973206, 0.6000000238418579], 16: [-1.0353553295135498, 0.9203158020973206, 0.6000000238418579], 17: [1.0353553295135498, 0.9203158617019653, 0.5], 18: [-0.9203158617019653, -1.0353553295135498, 0.5], 19: [-0.6902368664741516, -1.0353553295135498, 0.5], 20: [-0.4601579010486603, -1.0353553295135498, 0.5], 21: [-0.23007893562316895, -1.0353553295135498, 0.5], 22: [3.725290298461914e-08, -1.0353553295135498, 0.5], 23: [0.23007899522781372, -1.0353553295135498, 0.5], 24: [0.46015799045562744, -1.0353553295135498, 0.5], 25: [0.6902369260787964, -1.0353553295135498, 0.5], 26: [-0.9517427682876587, -1.0707106590270996, 0.550000011920929], 27: [-0.7138070464134216, -1.0707106590270996, 0.550000011920929], 28: [-0.47587135434150696, -1.0707106590270996, 0.550000011920929], 29: [-0.2379356324672699, -1.0707106590270996, 0.550000011920929], 30: [5.960464477539063e-08, -1.0707106590270996, 0.550000011920929], 31: [0.23793575167655945, -1.0707106590270996, 0.550000011920929], 32: [0.4758714437484741, -1.0707106590270996, 0.550000011920929], 33: [0.7138071656227112, -1.0707106590270996, 0.550000011920929], 34: [0.9517427682876587, 1.0707106590270996, 0.550000011920929], 35: [0.7138070464134216, 1.0707106590270996, 0.550000011920929], 36: [0.47587135434150696, 1.0707106590270996, 0.550000011920929], 37: [0.2379356324672699, 1.0707106590270996, 0.550000011920929], 38: [-5.960464477539063e-08, 1.0707106590270996, 0.550000011920929], 39: [-0.23793575167655945, 1.0707106590270996, 0.550000011920929], 40: [-0.4758714437484741, 1.0707106590270996, 0.550000011920929], 41: [-0.7138071656227112, 1.0707106590270996, 0.550000011920929], 42: [-0.9203158617019653, 1.0353553295135498, 0.6000000238418579], 43: [-0.6902369260787964, 1.0353553295135498, 0.6000000238418579], 44: [-0.46015799045562744, 1.0353553295135498, 0.6000000238418579], 45: [-0.23007899522781372, 1.0353553295135498, 0.6000000238418579], 46: [-3.725290298461914e-08, 1.0353553295135498, 0.6000000238418579], 47: [0.23007893562316895, 1.0353553295135498, 0.6000000238418579], 48: [0.46015793085098267, 1.0353553295135498, 0.6000000238418579], 49: [0.6902369260787964, 1.0353553295135498, 0.6000000238418579], 50: [0.9203158617019653, -1.0353553295135498, 0.6000000238418579], 51: [0.6902369260787964, -1.0353553295135498, 0.6000000238418579], 52: [0.46015799045562744, -1.0353553295135498, 0.6000000238418579], 53: [0.23007899522781372, -1.0353553295135498, 0.6000000238418579], 54: [3.725290298461914e-08, -1.0353553295135498, 0.6000000238418579], 55: [-0.23007893562316895, -1.0353553295135498, 0.6000000238418579], 56: [-0.46015793085098267, -1.0353553295135498, 0.6000000238418579], 57: [-0.6902369260787964, -1.0353553295135498, 0.6000000238418579], 58: [-0.8888888955116272, 0.8888888955116272, 0.6000000238418579], 59: [-0.6666666865348816, 0.8888888955116272, 0.6000000238418579], 60: [-0.444444477558136, 0.8888888955116272, 0.6000000238418579], 61: [-0.222222238779068, 0.8888888955116272, 0.6000000238418579], 62: [-1.4901161193847656e-08, 0.8888888955116272, 0.6000000238418579], 63: [0.2222222238779068, 0.8888888955116272, 0.6000000238418579], 64: [0.444444477558136, 0.8888888955116272, 0.6000000238418579], 65: [0.6666666865348816, 0.8888888955116272, 0.6000000238418579], 66: [-0.8888888955116272, -1.0, 0.32499998807907104], 67: [-0.6666666865348816, -1.0, 0.32499998807907104], 68: [-0.444444477558136, -1.0, 0.32499998807907104], 69: [-0.222222238779068, -1.0, 0.32499998807907104], 70: [1.4901161193847656e-08, -1.0, 0.32499998807907104], 71: [0.222222238779068, -1.0, 0.32499998807907104], 72: [0.4444444477558136, -1.0, 0.32499998807907104], 73: [0.6666666865348816, -1.0, 0.32499998807907104], 74: [0.8888888955116272, 1.0, 0.32499998807907104], 75: [0.6666666865348816, 1.0, 0.32499998807907104], 76: [0.444444477558136, 1.0, 0.32499998807907104], 77: [0.222222238779068, 1.0, 0.32499998807907104], 78: [-1.4901161193847656e-08, 1.0, 0.32499998807907104], 79: [-0.222222238779068, 1.0, 0.32499998807907104], 80: [-0.4444444477558136, 1.0, 0.32499998807907104], 81: [-0.6666666865348816, 1.0, 0.32499998807907104], 82: [0.9203158617019653, 1.0353553295135498, 0.5], 83: [0.6902368664741516, 1.0353553295135498, 0.5], 84: [0.4601579010486603, 1.0353553295135498, 0.5], 85: [0.23007893562316895, 1.0353553295135498, 0.5], 86: [-3.725290298461914e-08, 1.0353553295135498, 0.5], 87: [-0.23007899522781372, 1.0353553295135498, 0.5], 88: [-0.46015799045562744, 1.0353553295135498, 0.5], 89: [-0.6902369260787964, 1.0353553295135498, 0.5], 90: [-0.8888888359069824, 0.8888888359069824, 0.0], 91: [-0.6666666865348816, 0.8888888359069824, 0.0], 92: [-0.444444477558136, 0.8888888359069824, 0.0], 93: [-0.222222238779068, 0.8888888359069824, 0.0], 94: [-1.4901161193847656e-08, 0.8888888359069824, 0.0], 95: [0.222222238779068, 0.8888888359069824, 0.0], 96: [0.444444477558136, 0.8888888359069824, 0.0], 97: [0.6666666865348816, 0.8888888359069824, 0.0], 98: [0.6666666865348816, -0.8888888955116272, 0.0], 99: [0.6666666865348816, -0.6666666865348816, 0.0], 100: [0.6666666865348816, -0.444444477558136, 0.0], 101: [0.6666666865348816, -0.222222238779068, 0.0], 102: [0.6666666865348816, -1.4901161193847656e-08, 0.0], 103: [0.6666666865348816, 0.2222222238779068, 0.0], 104: [0.6666666865348816, 0.444444477558136, 0.0], 105: [0.6666666865348816, 0.6666666865348816, 0.0], 106: [0.444444477558136, -0.8888888955116272, 0.0], 107: [0.444444477558136, -0.6666666865348816, 0.0], 108: [0.444444477558136, -0.444444477558136, 0.0], 109: [0.444444477558136, -0.222222238779068, 0.0], 110: [0.444444477558136, -1.4901161193847656e-08, 0.0], 111: [0.444444477558136, 0.2222222238779068, 0.0], 112: [0.444444477558136, 0.444444477558136, 0.0], 113: [0.444444477558136, 0.6666666865348816, 0.0], 114: [0.222222238779068, -0.8888888955116272, 0.0], 115: [0.222222238779068, -0.6666666865348816, 0.0], 116: [0.222222238779068, -0.444444477558136, 0.0], 117: [0.222222238779068, -0.222222238779068, 0.0], 118: [0.222222238779068, -1.4901161193847656e-08, 0.0], 119: [0.222222238779068, 0.2222222238779068, 0.0], 120: [0.222222238779068, 0.444444477558136, 0.0], 121: [0.222222238779068, 0.6666666865348816, 0.0], 122: [1.4901161193847656e-08, -0.8888888955116272, 0.0], 123: [1.30385160446167e-08, -0.6666666865348816, 0.0], 124: [1.862645149230957e-09, -0.444444477558136, 0.0], 125: [0.0, -0.222222238779068, 0.0], 126: [0.0, -1.4901161193847656e-08, 0.0], 127: [-1.862645149230957e-09, 0.2222222238779068, 0.0], 128: [-1.30385160446167e-08, 0.444444477558136, 0.0], 129: [-1.4901161193847656e-08, 0.6666666865348816, 0.0], 130: [-0.2222222238779068, -0.8888888955116272, 0.0], 131: [-0.2222222238779068, -0.6666666865348816, 0.0], 132: [-0.2222222238779068, -0.444444477558136, 0.0], 133: [-0.2222222238779068, -0.222222238779068, 0.0], 134: [-0.2222222238779068, -1.4901161193847656e-08, 0.0], 135: [-0.2222222238779068, 0.2222222238779068, 0.0], 136: [-0.2222222238779068, 0.444444477558136, 0.0], 137: [-0.222222238779068, 0.6666666865348816, 0.0], 138: [-0.444444477558136, -0.8888888955116272, 0.0], 139: [-0.444444477558136, -0.6666666865348816, 0.0], 140: [-0.444444477558136, -0.444444477558136, 0.0], 141: [-0.444444477558136, -0.222222238779068, 0.0], 142: [-0.444444477558136, -1.4901161193847656e-08, 0.0], 143: [-0.444444477558136, 0.2222222238779068, 0.0], 144: [-0.444444477558136, 0.444444477558136, 0.0], 145: [-0.444444477558136, 0.6666666865348816, 0.0], 146: [-0.6666666865348816, -0.8888888955116272, 0.0], 147: [-0.6666666865348816, -0.6666666865348816, 0.0], 148: [-0.6666666865348816, -0.444444477558136, 0.0], 149: [-0.6666666865348816, -0.222222238779068, 0.0], 150: [-0.6666666865348816, -1.4901161193847656e-08, 0.0], 151: [-0.6666666865348816, 0.2222222238779068, 0.0], 152: [-0.6666666865348816, 0.444444477558136, 0.0], 153: [-0.6666666865348816, 0.6666666865348816, 0.0], 154: [-0.8888888359069824, -0.8888888955116272, 0.0], 155: [-0.8888888359069824, -0.6666666865348816, 0.0], 156: [-0.8888888359069824, -0.444444477558136, 0.0], 157: [-0.8888888359069824, -0.222222238779068, 0.0], 158: [-0.8888888359069824, -1.4901161193847656e-08, 0.0], 159: [-0.8888888359069824, 0.2222222238779068, 0.0], 160: [-0.8888888359069824, 0.444444477558136, 0.0], 161: [-0.8888888359069824, 0.6666666865348816, 0.0], 162: [0.6666666865348816, -0.8888888359069824, 0.6000000238418579], 163: [0.6666666865348816, -0.6666666865348816, 0.6000000238418579], 164: [0.6666666865348816, -0.444444477558136, 0.6000000238418579], 165: [0.6666666865348816, -0.2222222238779068, 0.6000000238418579], 166: [0.6666666865348816, 1.4901161193847656e-08, 0.6000000238418579], 167: [0.6666666865348816, 0.222222238779068, 0.6000000238418579], 168: [0.6666666865348816, 0.444444477558136, 0.6000000238418579], 169: [0.6666666865348816, 0.6666666865348816, 0.6000000238418579], 170: [0.444444477558136, -0.8888888359069824, 0.6000000238418579], 171: [0.444444477558136, -0.6666666865348816, 0.6000000238418579], 172: [0.444444477558136, -0.444444477558136, 0.6000000238418579], 173: [0.444444477558136, -0.2222222238779068, 0.6000000238418579], 174: [0.444444477558136, 1.4901161193847656e-08, 0.6000000238418579], 175: [0.444444477558136, 0.222222238779068, 0.6000000238418579], 176: [0.444444477558136, 0.444444477558136, 0.6000000238418579], 177: [0.444444477558136, 0.6666666865348816, 0.6000000238418579], 178: [0.222222238779068, -0.8888888359069824, 0.6000000238418579], 179: [0.222222238779068, -0.6666666865348816, 0.6000000238418579], 180: [0.2222222238779068, -0.444444477558136, 0.6000000238418579], 181: [0.2222222238779068, -0.2222222238779068, 0.6000000238418579], 182: [0.2222222238779068, 1.4901161193847656e-08, 0.6000000238418579], 183: [0.2222222238779068, 0.222222238779068, 0.6000000238418579], 184: [0.2222222238779068, 0.444444477558136, 0.6000000238418579], 185: [0.2222222238779068, 0.6666666865348816, 0.6000000238418579], 186: [1.4901161193847656e-08, -0.8888888359069824, 0.6000000238418579], 187: [1.4901161193847656e-08, -0.6666666865348816, 0.6000000238418579], 188: [1.1175870895385742e-08, -0.444444477558136, 0.6000000238418579], 189: [3.725290298461914e-09, -0.2222222238779068, 0.6000000238418579], 190: [0.0, 1.4901161193847656e-08, 0.6000000238418579], 191: [0.0, 0.222222238779068, 0.6000000238418579], 192: [-3.725290298461914e-09, 0.444444477558136, 0.6000000238418579], 193: [-1.1175870895385742e-08, 0.6666666865348816, 0.6000000238418579], 194: [-0.222222238779068, -0.8888888359069824, 0.6000000238418579], 195: [-0.222222238779068, -0.6666666865348816, 0.6000000238418579], 196: [-0.222222238779068, -0.444444477558136, 0.6000000238418579], 197: [-0.222222238779068, -0.2222222238779068, 0.6000000238418579], 198: [-0.222222238779068, 1.4901161193847656e-08, 0.6000000238418579], 199: [-0.222222238779068, 0.222222238779068, 0.6000000238418579], 200: [-0.222222238779068, 0.444444477558136, 0.6000000238418579], 201: [-0.222222238779068, 0.6666666865348816, 0.6000000238418579], 202: [-0.444444477558136, -0.8888888359069824, 0.6000000238418579], 203: [-0.444444477558136, -0.6666666865348816, 0.6000000238418579], 204: [-0.444444477558136, -0.444444477558136, 0.6000000238418579], 205: [-0.444444477558136, -0.2222222238779068, 0.6000000238418579], 206: [-0.444444477558136, 1.4901161193847656e-08, 0.6000000238418579], 207: [-0.444444477558136, 0.222222238779068, 0.6000000238418579], 208: [-0.444444477558136, 0.444444477558136, 0.6000000238418579], 209: [-0.444444477558136, 0.6666666865348816, 0.6000000238418579], 210: [-0.6666666865348816, -0.8888888359069824, 0.6000000238418579], 211: [-0.6666666865348816, -0.6666666865348816, 0.6000000238418579], 212: [-0.6666666865348816, -0.444444477558136, 0.6000000238418579], 213: [-0.6666666865348816, -0.2222222238779068, 0.6000000238418579], 214: [-0.6666666865348816, 1.4901161193847656e-08, 0.6000000238418579], 215: [-0.6666666865348816, 0.222222238779068, 0.6000000238418579], 216: [-0.6666666865348816, 0.444444477558136, 0.6000000238418579], 217: [-0.6666666865348816, 0.6666666865348816, 0.6000000238418579], 218: [-0.8888888955116272, -0.8888888359069824, 0.6000000238418579], 219: [-0.8888888955116272, -0.6666666865348816, 0.6000000238418579], 220: [-0.8888888955116272, -0.444444477558136, 0.6000000238418579], 221: [-0.8888888955116272, -0.222222238779068, 0.6000000238418579], 222: [-0.8888888955116272, 0.0, 0.6000000238418579], 223: [-0.8888888955116272, 0.222222238779068, 0.6000000238418579], 224: [-0.8888888955116272, 0.444444477558136, 0.6000000238418579], 225: [-0.8888888955116272, 0.6666666865348816, 0.6000000238418579], 226: [1.0353553295135498, -0.9203158617019653, 0.5], 227: [1.0353553295135498, -0.6902368664741516, 0.5], 228: [1.0353553295135498, -0.4601579010486603, 0.5], 229: [1.0353553295135498, -0.23007893562316895, 0.5], 230: [1.0353553295135498, 3.725290298461914e-08, 0.5], 231: [1.0353553295135498, 0.23007899522781372, 0.5], 232: [1.0353553295135498, 0.46015799045562744, 0.5], 233: [1.0353553295135498, 0.6902369260787964, 0.5], 234: [-1.0353553295135498, -0.9203158617019653, 0.6000000238418579], 235: [-1.0353553295135498, -0.6902369260787964, 0.6000000238418579], 236: [-1.0353553295135498, -0.46015799045562744, 0.6000000238418579], 237: [-1.0353553295135498, -0.23007899522781372, 0.6000000238418579], 238: [-1.0353553295135498, -3.725290298461914e-08, 0.6000000238418579], 239: [-1.0353553295135498, 0.23007893562316895, 0.6000000238418579], 240: [-1.0353553295135498, 0.46015793085098267, 0.6000000238418579], 241: [-1.0353553295135498, 0.6902369260787964, 0.6000000238418579], 242: [1.0353553295135498, 0.9203158617019653, 0.6000000238418579], 243: [1.0353553295135498, 0.6902369260787964, 0.6000000238418579], 244: [1.0353553295135498, 0.46015799045562744, 0.6000000238418579], 245: [1.0353553295135498, 0.23007899522781372, 0.6000000238418579], 246: [1.0353553295135498, 3.725290298461914e-08, 0.6000000238418579], 247: [1.0353553295135498, -0.23007893562316895, 0.6000000238418579], 248: [1.0353553295135498, -0.46015793085098267, 0.6000000238418579], 249: [1.0353553295135498, -0.6902369260787964, 0.6000000238418579], 250: [1.0707106590270996, -0.9517427682876587, 0.550000011920929], 251: [1.0707106590270996, -0.7138070464134216, 0.550000011920929], 252: [1.0707106590270996, -0.47587135434150696, 0.550000011920929], 253: [1.0707106590270996, -0.2379356324672699, 0.550000011920929], 254: [1.0707106590270996, 5.960464477539063e-08, 0.550000011920929], 255: [1.0707106590270996, 0.23793575167655945, 0.550000011920929], 256: [1.0707106590270996, 0.4758714437484741, 0.550000011920929], 257: [1.0707106590270996, 0.7138071656227112, 0.550000011920929], 258: [-1.0707106590270996, 0.9517427682876587, 0.550000011920929], 259: [-1.0707106590270996, 0.7138070464134216, 0.550000011920929], 260: [-1.0707106590270996, 0.47587135434150696, 0.550000011920929], 261: [-1.0707106590270996, 0.2379356324672699, 0.550000011920929], 262: [-1.0707106590270996, -5.960464477539063e-08, 0.550000011920929], 263: [-1.0707106590270996, -0.23793575167655945, 0.550000011920929], 264: [-1.0707106590270996, -0.4758714437484741, 0.550000011920929], 265: [-1.0707106590270996, -0.7138071656227112, 0.550000011920929], 266: [-1.0353553295135498, 0.9203158617019653, 0.5], 267: [-1.0353553295135498, 0.6902368664741516, 0.5], 268: [-1.0353553295135498, 0.4601579010486603, 0.5], 269: [-1.0353553295135498, 0.23007893562316895, 0.5], 270: [-1.0353553295135498, -3.725290298461914e-08, 0.5], 271: [-1.0353553295135498, -0.23007899522781372, 0.5], 272: [-1.0353553295135498, -0.46015799045562744, 0.5], 273: [-1.0353553295135498, -0.6902369260787964, 0.5], 274: [0.8888888359069824, -0.8888888359069824, 0.6000000238418579], 275: [0.8888888359069824, -0.6666666865348816, 0.6000000238418579], 276: [0.8888888359069824, -0.444444477558136, 0.6000000238418579], 277: [0.8888888359069824, -0.2222222238779068, 0.6000000238418579], 278: [0.8888888359069824, 1.4901161193847656e-08, 0.6000000238418579], 279: [0.8888888359069824, 0.222222238779068, 0.6000000238418579], 280: [0.8888888359069824, 0.444444477558136, 0.6000000238418579], 281: [0.8888888359069824, 0.6666666865348816, 0.6000000238418579], 282: [-1.0, 0.8888888955116272, 0.32499998807907104], 283: [-1.0, 0.6666666865348816, 0.32499998807907104], 284: [-1.0, 0.444444477558136, 0.32499998807907104], 285: [-1.0, 0.222222238779068, 0.32499998807907104], 286: [-1.0, -1.4901161193847656e-08, 0.32499998807907104], 287: [-1.0, -0.222222238779068, 0.32499998807907104], 288: [-1.0, -0.4444444477558136, 0.32499998807907104], 289: [-1.0, -0.6666666865348816, 0.32499998807907104], 290: [1.0, -0.8888888955116272, 0.32499998807907104], 291: [1.0, -0.6666666865348816, 0.32499998807907104], 292: [1.0, -0.444444477558136, 0.32499998807907104], 293: [1.0, -0.222222238779068, 0.32499998807907104], 294: [1.0, 1.4901161193847656e-08, 0.32499998807907104], 295: [1.0, 0.222222238779068, 0.32499998807907104], 296: [1.0, 0.4444444477558136, 0.32499998807907104], 297: [1.0, 0.6666666865348816, 0.32499998807907104], 298: [0.8888888955116272, -0.8888888955116272, 0.0], 299: [0.8888888955116272, -0.6666666865348816, 0.0], 300: [0.8888888955116272, -0.444444477558136, 0.0], 301: [0.8888888955116272, -0.222222238779068, 0.0], 302: [0.8888888955116272, 0.0, 0.0], 303: [0.8888888955116272, 0.222222238779068, 0.0], 304: [0.8888888955116272, 0.444444477558136, 0.0], 305: [0.8888888955116272, 0.6666666865348816, 0.0], 306: [1.0, 0.6666666865348816, 0.07500000298023224], 307: [1.0, 0.444444477558136, 0.07500000298023224], 308: [1.0, 0.222222238779068, 0.07500000298023224], 309: [1.0, 1.4901161193847656e-08, 0.07500000298023224], 310: [1.0, -0.222222238779068, 0.07500000298023224], 311: [1.0, -0.444444477558136, 0.07500000298023224], 312: [1.0, -0.6666666865348816, 0.07500000298023224], 313: [1.0, -0.8888888955116272, 0.07500000298023224], 314: [-1.0, -0.6666666865348816, 0.07500000298023224], 315: [-1.0, -0.444444477558136, 0.07500000298023224], 316: [-1.0, -0.222222238779068, 0.07500000298023224], 317: [-1.0, -1.4901161193847656e-08, 0.07500000298023224], 318: [-1.0, 0.222222238779068, 0.07500000298023224], 319: [-1.0, 0.444444477558136, 0.07500000298023224], 320: [-1.0, 0.6666666865348816, 0.07500000298023224], 321: [-1.0, 0.8888888955116272, 0.07500000298023224], 322: [-0.6666666865348816, 1.0, 0.07500000298023224], 323: [-0.444444477558136, 1.0, 0.07500000298023224], 324: [-0.222222238779068, 1.0, 0.07500000298023224], 325: [-1.4901161193847656e-08, 1.0, 0.07500000298023224], 326: [0.222222238779068, 1.0, 0.07500000298023224], 327: [0.444444477558136, 1.0, 0.07500000298023224], 328: [0.6666666865348816, 1.0, 0.07500000298023224], 329: [0.8888888955116272, 1.0, 0.07500000298023224], 330: [0.6666666865348816, -1.0, 0.07500000298023224], 331: [0.444444477558136, -1.0, 0.07500000298023224], 332: [0.222222238779068, -1.0, 0.07500000298023224], 333: [1.4901161193847656e-08, -1.0, 0.07500000298023224], 334: [-0.222222238779068, -1.0, 0.07500000298023224], 335: [-0.444444477558136, -1.0, 0.07500000298023224], 336: [-0.6666666865348816, -1.0, 0.07500000298023224], 337: [-0.8888888955116272, -1.0, 0.07500000298023224], 338: [0.8888888359069824, -1.0, 0.07500000298023224], 339: [-0.8888888359069824, 1.0, 0.07500000298023224], 340: [-1.0, -0.8888888359069824, 0.07500000298023224], 341: [1.0, 0.8888888359069824, 0.07500000298023224], 342: [1.0, 0.8888888955116272, 0.17499999701976776], 343: [1.0, 0.9750000238418579, 0.32499998807907104], 344: [1.0, 0.8888888955116272, 0.4750000238418579], 345: [1.0, 0.8027778267860413, 0.32499998807907104], 346: [-1.0, -0.8888888955116272, 0.17499999701976776], 347: [-1.0, -0.9750000238418579, 0.32499998807907104], 348: [-1.0, -0.8888888955116272, 0.4750000238418579], 349: [-1.0, -0.8027778267860413, 0.32499998807907104], 350: [-0.8888888955116272, 1.0, 0.17499999701976776], 351: [-0.9750000238418579, 1.0, 0.32499998807907104], 352: [-0.8888888955116272, 1.0, 0.4750000238418579], 353: [-0.8027778267860413, 1.0, 0.32499998807907104], 354: [0.8888888955116272, -1.0, 0.17499999701976776], 355: [0.9750000238418579, -1.0, 0.32499998807907104], 356: [0.8888888955116272, -1.0, 0.4750000238418579], 357: [0.8027778267860413, -1.0, 0.32499998807907104], 358: [-0.8888888955116272, -1.0, 0.17499999701976776], 359: [-0.8027778267860413, -1.0, 0.32499998807907104], 360: [-0.8888888955116272, -1.0, 0.4750000238418579], 361: [-0.9750000238418579, -1.0, 0.32499998807907104], 362: [-0.6666666865348816, -1.0, 0.17499999701976776], 363: [-0.5805555582046509, -1.0, 0.32499998807907104], 364: [-0.6666666865348816, -1.0, 0.4750000238418579], 365: [-0.7527777552604675, -1.0, 0.32499998807907104], 366: [-0.444444477558136, -1.0, 0.17499999701976776], 367: [-0.3583333194255829, -1.0, 0.32500001788139343], 368: [-0.4444444477558136, -1.0, 0.4750000238418579], 369: [-0.5305556058883667, -1.0, 0.32499998807907104], 370: [-0.2222222238779068, -1.0, 0.17499999701976776], 371: [-0.13611111044883728, -1.0, 0.32500001788139343], 372: [-0.2222222238779068, -1.0, 0.4750000238418579], 373: [-0.3083333373069763, -1.0, 0.32499998807907104], 374: [1.210719347000122e-08, -1.0, 0.17499999701976776], 375: [0.08611113578081131, -1.0, 0.32500001788139343], 376: [1.7695128917694092e-08, -1.0, 0.4750000238418579], 377: [-0.08611109852790833, -1.0, 0.32499998807907104], 378: [0.222222238779068, -1.0, 0.17499999701976776], 379: [0.3083333373069763, -1.0, 0.32499998807907104], 380: [0.222222238779068, -1.0, 0.4750000238418579], 381: [0.13611112534999847, -1.0, 0.32499998807907104], 382: [0.4444444477558136, -1.0, 0.17499999701976776], 383: [0.5305556058883667, -1.0, 0.32500001788139343], 384: [0.444444477558136, -1.0, 0.4750000238418579], 385: [0.3583333194255829, -1.0, 0.32499998807907104], 386: [0.6666666865348816, -1.0, 0.17499999701976776], 387: [0.7527777552604675, -1.0, 0.32499998807907104], 388: [0.6666666865348816, -1.0, 0.4750000238418579], 389: [0.5805555582046509, -1.0, 0.32499998807907104], 390: [0.8888888955116272, 1.0, 0.17499999701976776], 391: [0.8027778267860413, 1.0, 0.32499998807907104], 392: [0.8888888955116272, 1.0, 0.4750000238418579], 393: [0.9750000238418579, 1.0, 0.32499998807907104], 394: [0.6666666865348816, 1.0, 0.17499999701976776], 395: [0.5805555582046509, 1.0, 0.32499998807907104], 396: [0.6666666865348816, 1.0, 0.4750000238418579], 397: [0.7527777552604675, 1.0, 0.32499998807907104], 398: [0.444444477558136, 1.0, 0.17499999701976776], 399: [0.3583333194255829, 1.0, 0.32500001788139343], 400: [0.4444444477558136, 1.0, 0.4750000238418579], 401: [0.5305556058883667, 1.0, 0.32499998807907104], 402: [0.2222222238779068, 1.0, 0.17499999701976776], 403: [0.13611111044883728, 1.0, 0.32500001788139343], 404: [0.2222222238779068, 1.0, 0.4750000238418579], 405: [0.3083333373069763, 1.0, 0.32499998807907104], 406: [-1.210719347000122e-08, 1.0, 0.17499999701976776], 407: [-0.08611113578081131, 1.0, 0.32500001788139343], 408: [-1.7695128917694092e-08, 1.0, 0.4750000238418579], 409: [0.08611109852790833, 1.0, 0.32499998807907104], 410: [-0.222222238779068, 1.0, 0.17499999701976776], 411: [-0.3083333373069763, 1.0, 0.32499998807907104], 412: [-0.222222238779068, 1.0, 0.4750000238418579], 413: [-0.13611112534999847, 1.0, 0.32499998807907104], 414: [-0.4444444477558136, 1.0, 0.17499999701976776], 415: [-0.5305556058883667, 1.0, 0.32500001788139343], 416: [-0.444444477558136, 1.0, 0.4750000238418579], 417: [-0.3583333194255829, 1.0, 0.32499998807907104], 418: [-0.6666666865348816, 1.0, 0.17499999701976776], 419: [-0.7527777552604675, 1.0, 0.32499998807907104], 420: [-0.6666666865348816, 1.0, 0.4750000238418579], 421: [-0.5805555582046509, 1.0, 0.32499998807907104], 422: [-1.0, 0.8888888955116272, 0.17499999701976776], 423: [-1.0, 0.8027778267860413, 0.32499998807907104], 424: [-1.0, 0.8888888955116272, 0.4750000238418579], 425: [-1.0, 0.9750000238418579, 0.32499998807907104], 426: [-1.0, 0.6666666865348816, 0.17499999701976776], 427: [-1.0, 0.5805555582046509, 0.32499998807907104], 428: [-1.0, 0.6666666865348816, 0.4750000238418579], 429: [-1.0, 0.7527777552604675, 0.32499998807907104], 430: [-1.0, 0.444444477558136, 0.17499999701976776], 431: [-1.0, 0.3583333194255829, 0.32500001788139343], 432: [-1.0, 0.4444444477558136, 0.4750000238418579], 433: [-1.0, 0.5305556058883667, 0.32499998807907104], 434: [-1.0, 0.2222222238779068, 0.17499999701976776], 435: [-1.0, 0.13611111044883728, 0.32500001788139343], 436: [-1.0, 0.2222222238779068, 0.4750000238418579], 437: [-1.0, 0.3083333373069763, 0.32499998807907104], 438: [-1.0, -1.210719347000122e-08, 0.17499999701976776], 439: [-1.0, -0.08611113578081131, 0.32500001788139343], 440: [-1.0, -1.7695128917694092e-08, 0.4750000238418579], 441: [-1.0, 0.08611109852790833, 0.32499998807907104], 442: [-1.0, -0.222222238779068, 0.17499999701976776], 443: [-1.0, -0.3083333373069763, 0.32499998807907104], 444: [-1.0, -0.222222238779068, 0.4750000238418579], 445: [-1.0, -0.13611112534999847, 0.32499998807907104], 446: [-1.0, -0.4444444477558136, 0.17499999701976776], 447: [-1.0, -0.5305556058883667, 0.32500001788139343], 448: [-1.0, -0.444444477558136, 0.4750000238418579], 449: [-1.0, -0.3583333194255829, 0.32499998807907104], 450: [-1.0, -0.6666666865348816, 0.17499999701976776], 451: [-1.0, -0.7527777552604675, 0.32499998807907104], 452: [-1.0, -0.6666666865348816, 0.4750000238418579], 453: [-1.0, -0.5805555582046509, 0.32499998807907104], 454: [1.0, -0.8888888955116272, 0.17499999701976776], 455: [1.0, -0.8027778267860413, 0.32499998807907104], 456: [1.0, -0.8888888955116272, 0.4750000238418579], 457: [1.0, -0.9750000238418579, 0.32499998807907104], 458: [1.0, -0.6666666865348816, 0.17499999701976776], 459: [1.0, -0.5805555582046509, 0.32499998807907104], 460: [1.0, -0.6666666865348816, 0.4750000238418579], 461: [1.0, -0.7527777552604675, 0.32499998807907104], 462: [1.0, -0.444444477558136, 0.17499999701976776], 463: [1.0, -0.3583333194255829, 0.32500001788139343], 464: [1.0, -0.4444444477558136, 0.4750000238418579], 465: [1.0, -0.5305556058883667, 0.32499998807907104], 466: [1.0, -0.2222222238779068, 0.17499999701976776], 467: [1.0, -0.13611111044883728, 0.32500001788139343], 468: [1.0, -0.2222222238779068, 0.4750000238418579], 469: [1.0, -0.3083333373069763, 0.32499998807907104], 470: [1.0, 1.210719347000122e-08, 0.17499999701976776], 471: [1.0, 0.08611113578081131, 0.32500001788139343], 472: [1.0, 1.7695128917694092e-08, 0.4750000238418579], 473: [1.0, -0.08611109852790833, 0.32499998807907104], 474: [1.0, 0.222222238779068, 0.17499999701976776], 475: [1.0, 0.3083333373069763, 0.32499998807907104], 476: [1.0, 0.222222238779068, 0.4750000238418579], 477: [1.0, 0.13611112534999847, 0.32499998807907104], 478: [1.0, 0.4444444477558136, 0.17499999701976776], 479: [1.0, 0.5305556058883667, 0.32500001788139343], 480: [1.0, 0.444444477558136, 0.4750000238418579], 481: [1.0, 0.3583333194255829, 0.32499998807907104], 482: [1.0, 0.6666666865348816, 0.17499999701976776], 483: [1.0, 0.7527777552604675, 0.32499998807907104], 484: [1.0, 0.6666666865348816, 0.4750000238418579], 485: [1.0, 0.5805555582046509, 0.32499998807907104]}, 'editMode': True}, 'Plane.001', {'tolerance': 10}]
['Extrude Region and Shrink/Fatten', {'use_normal_flip': False, 'use_dissolve_ortho_edges': False, 'value': -0.05, 'use_even_offset': False, 'newVertices': [488, 489, 490, 491, 492, 493, 494, 495, 496, 497, 498, 499, 500, 501, 502, 503, 504, 505, 506, 507, 508, 509, 510, 511, 512, 513, 514, 515, 516, 517, 518, 519, 520, 521, 522, 523, 524, 525, 526, 527, 528, 529, 530, 531, 532, 533, 534, 535, 536, 537, 538, 539, 540, 541, 542, 543, 544, 545, 546, 547, 548, 549, 550, 551, 552, 553, 554, 555, 556, 557, 558, 559, 560, 561, 562, 563, 564, 565, 566, 567, 568, 569, 570, 571, 572, 573, 574, 575, 576, 577, 578, 579, 580, 581, 582, 583, 584, 585, 586, 587, 588, 589, 590, 591, 592, 593, 594, 595, 596, 597, 598, 599, 600, 601, 602, 603, 604, 605, 606, 607, 608, 609, 610, 611, 612, 613, 614, 615, 616, 617, 618, 619, 620, 621, 622, 623, 624, 625, 626, 627, 628, 629, 630, 631], 'newFaces': [486, 487, 488, 489, 490, 491, 492, 493, 494, 495, 496, 497, 498, 499, 500, 501, 502, 503, 504, 505, 506, 507, 508, 509, 510, 511, 512, 513, 514, 515, 516, 517, 518, 519, 520, 521, 522, 523, 524, 525, 526, 527, 528, 529, 530, 531, 532, 533, 534, 535, 536, 537, 538, 539, 540, 541, 542, 543, 544, 545, 546, 547, 548, 549, 550, 551, 552, 553, 554, 555, 556, 557, 558, 559, 560, 561, 562, 563, 564, 565, 566, 567, 568, 569, 570, 571, 572, 573, 574, 575, 576, 577, 578, 579, 580, 581, 582, 583, 584, 585, 586, 587, 588, 589, 590, 591, 592, 593, 594, 595, 596, 597, 598, 599, 600, 601, 602, 603, 604, 605, 606, 607, 608, 609, 610, 611, 612, 613, 614, 615, 616, 617, 618, 619, 620, 621, 622, 623, 624, 625, 626, 627, 628, 629], 'vertices': {0: [-1.0, -1.0, 0.0], 1: [1.0, -1.0, 0.0], 2: [-1.0, 1.0, 0.0], 3: [1.0, 1.0, 0.0], 4: [-1.0, 1.0, 0.5], 5: [-1.0, -1.0, 0.5], 6: [1.0, -1.0, 0.5], 7: [1.0, 1.0, 0.5], 8: [-1.0, 1.0, 0.6000000238418579], 9: [-1.0, -1.0, 0.6000000238418579], 10: [1.0, -1.0, 0.6000000238418579], 11: [1.0, 1.0, 0.6000000238418579], 12: [-1.0707106590270996, 1.0707106590270996, 0.5], 13: [-1.0707106590270996, -1.0707106590270996, 0.5], 14: [1.0707106590270996, -1.0707106590270996, 0.5], 15: [1.0707106590270996, 1.0707106590270996, 0.5], 16: [-1.0707106590270996, 1.0707106590270996, 0.6000000238418579], 17: [-1.0707106590270996, -1.0707106590270996, 0.6000000238418579], 18: [1.0707106590270996, -1.0707106590270996, 0.6000000238418579], 19: [1.0707106590270996, 1.0707106590270996, 0.6000000238418579], 20: [-0.7777777910232544, -1.0, 0.0], 21: [-0.5555555820465088, -1.0, 0.0], 22: [-0.3333333432674408, -1.0, 0.0], 23: [-0.1111111044883728, -1.0, 0.0], 24: [0.11111113429069519, -1.0, 0.0], 25: [0.3333333432674408, -1.0, 0.0], 26: [0.5555555820465088, -1.0, 0.0], 27: [0.7777777910232544, -1.0, 0.0], 28: [0.7777777910232544, 1.0, 0.0], 29: [0.5555555820465088, 1.0, 0.0], 30: [0.3333333432674408, 1.0, 0.0], 31: [0.1111111044883728, 1.0, 0.0], 32: [-0.11111113429069519, 1.0, 0.0], 33: [-0.3333333432674408, 1.0, 0.0], 34: [-0.5555555820465088, 1.0, 0.0], 35: [-0.7777777910232544, 1.0, 0.0], 36: [-0.7777777910232544, -1.0, 0.5], 37: [-0.5555555820465088, -1.0, 0.5], 38: [-0.3333333432674408, -1.0, 0.5], 39: [-0.1111111044883728, -1.0, 0.5], 40: [0.11111113429069519, -1.0, 0.5], 41: [0.3333333432674408, -1.0, 0.5], 42: [0.5555555820465088, -1.0, 0.5], 43: [0.7777777910232544, -1.0, 0.5], 44: [0.7777777910232544, 1.0, 0.5], 45: [0.5555555820465088, 1.0, 0.5], 46: [0.3333333432674408, 1.0, 0.5], 47: [0.1111111044883728, 1.0, 0.5], 48: [-0.11111113429069519, 1.0, 0.5], 49: [-0.3333333432674408, 1.0, 0.5], 50: [-0.5555555820465088, 1.0, 0.5], 51: [-0.7777777910232544, 1.0, 0.5], 52: [-0.7777777910232544, -1.0, 0.6000000238418579], 53: [-0.5555555820465088, -1.0, 0.6000000238418579], 54: [-0.3333333432674408, -1.0, 0.6000000238418579], 55: [-0.1111111044883728, -1.0, 0.6000000238418579], 56: [0.11111113429069519, -1.0, 0.6000000238418579], 57: [0.3333333432674408, -1.0, 0.6000000238418579], 58: [0.5555555820465088, -1.0, 0.6000000238418579], 59: [0.7777777910232544, -1.0, 0.6000000238418579], 60: [0.7777777910232544, 1.0, 0.6000000238418579], 61: [0.5555555820465088, 1.0, 0.6000000238418579], 62: [0.3333333432674408, 1.0, 0.6000000238418579], 63: [0.1111111044883728, 1.0, 0.6000000238418579], 64: [-0.11111113429069519, 1.0, 0.6000000238418579], 65: [-0.3333333432674408, 1.0, 0.6000000238418579], 66: [-0.5555555820465088, 1.0, 0.6000000238418579], 67: [-0.7777777910232544, 1.0, 0.6000000238418579], 68: [-0.8327749371528625, -1.0707106590270996, 0.5], 69: [-0.5948392152786255, -1.0707106590270996, 0.5], 70: [-0.3569034934043884, -1.0707106590270996, 0.5], 71: [-0.11896778643131256, -1.0707106590270996, 0.5], 72: [0.11896790564060211, -1.0707106590270996, 0.5], 73: [0.356903612613678, -1.0707106590270996, 0.5], 74: [0.594839334487915, -1.0707106590270996, 0.5], 75: [0.8327749967575073, -1.0707106590270996, 0.5], 76: [0.8327749371528625, 1.0707106590270996, 0.5], 77: [0.5948392152786255, 1.0707106590270996, 0.5], 78: [0.3569034934043884, 1.0707106590270996, 0.5], 79: [0.11896778643131256, 1.0707106590270996, 0.5], 80: [-0.11896790564060211, 1.0707106590270996, 0.5], 81: [-0.356903612613678, 1.0707106590270996, 0.5], 82: [-0.594839334487915, 1.0707106590270996, 0.5], 83: [-0.8327749967575073, 1.0707106590270996, 0.5], 84: [-0.8327749371528625, -1.0707106590270996, 0.6000000238418579], 85: [-0.5948392152786255, -1.0707106590270996, 0.6000000238418579], 86: [-0.3569034934043884, -1.0707106590270996, 0.6000000238418579], 87: [-0.11896778643131256, -1.0707106590270996, 0.6000000238418579], 88: [0.11896790564060211, -1.0707106590270996, 0.6000000238418579], 89: [0.356903612613678, -1.0707106590270996, 0.6000000238418579], 90: [0.594839334487915, -1.0707106590270996, 0.6000000238418579], 91: [0.8327749967575073, -1.0707106590270996, 0.6000000238418579], 92: [0.8327749371528625, 1.0707106590270996, 0.6000000238418579], 93: [0.5948392152786255, 1.0707106590270996, 0.6000000238418579], 94: [0.3569034934043884, 1.0707106590270996, 0.6000000238418579], 95: [0.11896778643131256, 1.0707106590270996, 0.6000000238418579], 96: [-0.11896790564060211, 1.0707106590270996, 0.6000000238418579], 97: [-0.356903612613678, 1.0707106590270996, 0.6000000238418579], 98: [-0.594839334487915, 1.0707106590270996, 0.6000000238418579], 99: [-0.8327749967575073, 1.0707106590270996, 0.6000000238418579], 100: [-1.0, 0.7777777910232544, 0.0], 101: [-1.0, 0.5555555820465088, 0.0], 102: [-1.0, 0.3333333432674408, 0.0], 103: [-1.0, 0.1111111044883728, 0.0], 104: [-1.0, -0.11111113429069519, 0.0], 105: [-1.0, -0.3333333432674408, 0.0], 106: [-1.0, -0.5555555820465088, 0.0], 107: [-1.0, -0.7777777910232544, 0.0], 108: [1.0, -0.7777777910232544, 0.0], 109: [1.0, -0.5555555820465088, 0.0], 110: [1.0, -0.3333333432674408, 0.0], 111: [1.0, -0.1111111044883728, 0.0], 112: [1.0, 0.11111113429069519, 0.0], 113: [1.0, 0.3333333432674408, 0.0], 114: [1.0, 0.5555555820465088, 0.0], 115: [1.0, 0.7777777910232544, 0.0], 116: [-1.0, 0.7777777910232544, 0.5], 117: [-1.0, 0.5555555820465088, 0.5], 118: [-1.0, 0.3333333432674408, 0.5], 119: [-1.0, 0.1111111044883728, 0.5], 120: [-1.0, -0.11111113429069519, 0.5], 121: [-1.0, -0.3333333432674408, 0.5], 122: [-1.0, -0.5555555820465088, 0.5], 123: [-1.0, -0.7777777910232544, 0.5], 124: [1.0, -0.7777777910232544, 0.5], 125: [1.0, -0.5555555820465088, 0.5], 126: [1.0, -0.3333333432674408, 0.5], 127: [1.0, -0.1111111044883728, 0.5], 128: [1.0, 0.11111113429069519, 0.5], 129: [1.0, 0.3333333432674408, 0.5], 130: [1.0, 0.5555555820465088, 0.5], 131: [1.0, 0.7777777910232544, 0.5], 132: [-1.0, 0.7777777910232544, 0.6000000238418579], 133: [-1.0, 0.5555555820465088, 0.6000000238418579], 134: [-1.0, 0.3333333432674408, 0.6000000238418579], 135: [-1.0, 0.1111111044883728, 0.6000000238418579], 136: [-1.0, -0.11111113429069519, 0.6000000238418579], 137: [-1.0, -0.3333333432674408, 0.6000000238418579], 138: [-1.0, -0.5555555820465088, 0.6000000238418579], 139: [-1.0, -0.7777777910232544, 0.6000000238418579], 140: [1.0, -0.7777777910232544, 0.6000000238418579], 141: [1.0, -0.5555555820465088, 0.6000000238418579], 142: [1.0, -0.3333333432674408, 0.6000000238418579], 143: [1.0, -0.1111111044883728, 0.6000000238418579], 144: [1.0, 0.11111113429069519, 0.6000000238418579], 145: [1.0, 0.3333333432674408, 0.6000000238418579], 146: [1.0, 0.5555555820465088, 0.6000000238418579], 147: [1.0, 0.7777777910232544, 0.6000000238418579], 148: [-1.0707106590270996, 0.8327749371528625, 0.5], 149: [-1.0707106590270996, 0.5948392152786255, 0.5], 150: [-1.0707106590270996, 0.3569034934043884, 0.5], 151: [-1.0707106590270996, 0.11896778643131256, 0.5], 152: [-1.0707106590270996, -0.11896790564060211, 0.5], 153: [-1.0707106590270996, -0.356903612613678, 0.5], 154: [-1.0707106590270996, -0.594839334487915, 0.5], 155: [-1.0707106590270996, -0.8327749967575073, 0.5], 156: [1.0707106590270996, -0.8327749371528625, 0.5], 157: [1.0707106590270996, -0.5948392152786255, 0.5], 158: [1.0707106590270996, -0.3569034934043884, 0.5], 159: [1.0707106590270996, -0.11896778643131256, 0.5], 160: [1.0707106590270996, 0.11896790564060211, 0.5], 161: [1.0707106590270996, 0.356903612613678, 0.5], 162: [1.0707106590270996, 0.594839334487915, 0.5], 163: [1.0707106590270996, 0.8327749967575073, 0.5], 164: [-1.0707106590270996, 0.8327749371528625, 0.6000000238418579], 165: [-1.0707106590270996, 0.5948392152786255, 0.6000000238418579], 166: [-1.0707106590270996, 0.3569034934043884, 0.6000000238418579], 167: [-1.0707106590270996, 0.11896778643131256, 0.6000000238418579], 168: [-1.0707106590270996, -0.11896790564060211, 0.6000000238418579], 169: [-1.0707106590270996, -0.356903612613678, 0.6000000238418579], 170: [-1.0707106590270996, -0.594839334487915, 0.6000000238418579], 171: [-1.0707106590270996, -0.8327749967575073, 0.6000000238418579], 172: [1.0707106590270996, -0.8327749371528625, 0.6000000238418579], 173: [1.0707106590270996, -0.5948392152786255, 0.6000000238418579], 174: [1.0707106590270996, -0.3569034934043884, 0.6000000238418579], 175: [1.0707106590270996, -0.11896778643131256, 0.6000000238418579], 176: [1.0707106590270996, 0.11896790564060211, 0.6000000238418579], 177: [1.0707106590270996, 0.356903612613678, 0.6000000238418579], 178: [1.0707106590270996, 0.594839334487915, 0.6000000238418579], 179: [1.0707106590270996, 0.8327749967575073, 0.6000000238418579], 180: [-0.7777777910232544, -0.7777777910232544, 0.6000000238418579], 181: [-0.7777777910232544, -0.5555555820465088, 0.6000000238418579], 182: [-0.7777777910232544, -0.3333333432674408, 0.6000000238418579], 183: [-0.7777777910232544, -0.1111111044883728, 0.6000000238418579], 184: [-0.7777777910232544, 0.11111113429069519, 0.6000000238418579], 185: [-0.7777777910232544, 0.3333333432674408, 0.6000000238418579], 186: [-0.7777777910232544, 0.5555555820465088, 0.6000000238418579], 187: [-0.7777777910232544, 0.7777777910232544, 0.6000000238418579], 188: [-0.5555555820465088, -0.7777777910232544, 0.6000000238418579], 189: [-0.5555555820465088, -0.5555555820465088, 0.6000000238418579], 190: [-0.5555555820465088, -0.3333333432674408, 0.6000000238418579], 191: [-0.5555555820465088, -0.1111111044883728, 0.6000000238418579], 192: [-0.5555555820465088, 0.11111113429069519, 0.6000000238418579], 193: [-0.5555555820465088, 0.3333333432674408, 0.6000000238418579], 194: [-0.5555555820465088, 0.5555555820465088, 0.6000000238418579], 195: [-0.5555555820465088, 0.7777777910232544, 0.6000000238418579], 196: [-0.3333333432674408, -0.7777777910232544, 0.6000000238418579], 197: [-0.3333333432674408, -0.5555555820465088, 0.6000000238418579], 198: [-0.3333333432674408, -0.3333333432674408, 0.6000000238418579], 199: [-0.3333333432674408, -0.1111111044883728, 0.6000000238418579], 200: [-0.3333333432674408, 0.11111113429069519, 0.6000000238418579], 201: [-0.3333333432674408, 0.3333333432674408, 0.6000000238418579], 202: [-0.3333333432674408, 0.5555555820465088, 0.6000000238418579], 203: [-0.3333333432674408, 0.7777777910232544, 0.6000000238418579], 204: [-0.1111111044883728, -0.7777777910232544, 0.6000000238418579], 205: [-0.1111111044883728, -0.5555555820465088, 0.6000000238418579], 206: [-0.1111111119389534, -0.3333333432674408, 0.6000000238418579], 207: [-0.111111119389534, -0.1111111044883728, 0.6000000238418579], 208: [-0.111111119389534, 0.11111113429069519, 0.6000000238418579], 209: [-0.111111119389534, 0.3333333432674408, 0.6000000238418579], 210: [-0.1111111268401146, 0.5555555820465088, 0.6000000238418579], 211: [-0.11111113429069519, 0.7777777910232544, 0.6000000238418579], 212: [0.11111113429069519, -0.7777777910232544, 0.6000000238418579], 213: [0.11111113429069519, -0.5555555820465088, 0.6000000238418579], 214: [0.1111111268401146, -0.3333333432674408, 0.6000000238418579], 215: [0.111111119389534, -0.1111111044883728, 0.6000000238418579], 216: [0.111111119389534, 0.11111113429069519, 0.6000000238418579], 217: [0.111111119389534, 0.3333333432674408, 0.6000000238418579], 218: [0.1111111119389534, 0.5555555820465088, 0.6000000238418579], 219: [0.1111111044883728, 0.7777777910232544, 0.6000000238418579], 220: [0.3333333432674408, -0.7777777910232544, 0.6000000238418579], 221: [0.3333333432674408, -0.5555555820465088, 0.6000000238418579], 222: [0.3333333432674408, -0.3333333432674408, 0.6000000238418579], 223: [0.3333333432674408, -0.1111111044883728, 0.6000000238418579], 224: [0.3333333432674408, 0.11111113429069519, 0.6000000238418579], 225: [0.3333333432674408, 0.3333333432674408, 0.6000000238418579], 226: [0.3333333432674408, 0.5555555820465088, 0.6000000238418579], 227: [0.3333333432674408, 0.7777777910232544, 0.6000000238418579], 228: [0.5555555820465088, -0.7777777910232544, 0.6000000238418579], 229: [0.5555555820465088, -0.5555555820465088, 0.6000000238418579], 230: [0.5555555820465088, -0.3333333432674408, 0.6000000238418579], 231: [0.5555555820465088, -0.1111111044883728, 0.6000000238418579], 232: [0.5555555820465088, 0.11111113429069519, 0.6000000238418579], 233: [0.5555555820465088, 0.3333333432674408, 0.6000000238418579], 234: [0.5555555820465088, 0.5555555820465088, 0.6000000238418579], 235: [0.5555555820465088, 0.7777777910232544, 0.6000000238418579], 236: [0.7777777910232544, -0.7777777910232544, 0.6000000238418579], 237: [0.7777777910232544, -0.5555555820465088, 0.6000000238418579], 238: [0.7777777910232544, -0.3333333432674408, 0.6000000238418579], 239: [0.7777777910232544, -0.1111111044883728, 0.6000000238418579], 240: [0.7777777910232544, 0.11111113429069519, 0.6000000238418579], 241: [0.7777777910232544, 0.3333333432674408, 0.6000000238418579], 242: [0.7777777910232544, 0.5555555820465088, 0.6000000238418579], 243: [0.7777777910232544, 0.7777777910232544, 0.6000000238418579], 244: [-0.7777777910232544, 0.7777777910232544, 0.0], 245: [-0.7777777910232544, 0.5555555820465088, 0.0], 246: [-0.7777777910232544, 0.3333333432674408, 0.0], 247: [-0.7777777910232544, 0.1111111044883728, 0.0], 248: [-0.7777777910232544, -0.11111113429069519, 0.0], 249: [-0.7777777910232544, -0.3333333432674408, 0.0], 250: [-0.7777777910232544, -0.5555555820465088, 0.0], 251: [-0.7777777910232544, -0.7777777910232544, 0.0], 252: [-0.5555555820465088, 0.7777777910232544, 0.0], 253: [-0.5555555820465088, 0.5555555820465088, 0.0], 254: [-0.5555555820465088, 0.3333333432674408, 0.0], 255: [-0.5555555820465088, 0.1111111044883728, 0.0], 256: [-0.5555555820465088, -0.11111113429069519, 0.0], 257: [-0.5555555820465088, -0.3333333432674408, 0.0], 258: [-0.5555555820465088, -0.5555555820465088, 0.0], 259: [-0.5555555820465088, -0.7777777910232544, 0.0], 260: [-0.3333333432674408, 0.7777777910232544, 0.0], 261: [-0.3333333432674408, 0.5555555820465088, 0.0], 262: [-0.3333333432674408, 0.3333333432674408, 0.0], 263: [-0.3333333432674408, 0.1111111044883728, 0.0], 264: [-0.3333333432674408, -0.11111113429069519, 0.0], 265: [-0.3333333432674408, -0.3333333432674408, 0.0], 266: [-0.3333333432674408, -0.5555555820465088, 0.0], 267: [-0.3333333432674408, -0.7777777910232544, 0.0], 268: [-0.11111113429069519, 0.7777777910232544, 0.0], 269: [-0.11111113429069519, 0.5555555820465088, 0.0], 270: [-0.1111111268401146, 0.3333333432674408, 0.0], 271: [-0.111111119389534, 0.1111111044883728, 0.0], 272: [-0.111111119389534, -0.11111113429069519, 0.0], 273: [-0.111111119389534, -0.3333333432674408, 0.0], 274: [-0.1111111119389534, -0.5555555820465088, 0.0], 275: [-0.1111111044883728, -0.7777777910232544, 0.0], 276: [0.1111111044883728, 0.7777777910232544, 0.0], 277: [0.1111111044883728, 0.5555555820465088, 0.0], 278: [0.1111111119389534, 0.3333333432674408, 0.0], 279: [0.111111119389534, 0.1111111044883728, 0.0], 280: [0.111111119389534, -0.11111113429069519, 0.0], 281: [0.111111119389534, -0.3333333432674408, 0.0], 282: [0.1111111268401146, -0.5555555820465088, 0.0], 283: [0.11111113429069519, -0.7777777910232544, 0.0], 284: [0.3333333432674408, 0.7777777910232544, 0.0], 285: [0.3333333432674408, 0.5555555820465088, 0.0], 286: [0.3333333432674408, 0.3333333432674408, 0.0], 287: [0.3333333432674408, 0.1111111044883728, 0.0], 288: [0.3333333432674408, -0.11111113429069519, 0.0], 289: [0.3333333432674408, -0.3333333432674408, 0.0], 290: [0.3333333432674408, -0.5555555820465088, 0.0], 291: [0.3333333432674408, -0.7777777910232544, 0.0], 292: [0.5555555820465088, 0.7777777910232544, 0.0], 293: [0.5555555820465088, 0.5555555820465088, 0.0], 294: [0.5555555820465088, 0.3333333432674408, 0.0], 295: [0.5555555820465088, 0.1111111044883728, 0.0], 296: [0.5555555820465088, -0.11111113429069519, 0.0], 297: [0.5555555820465088, -0.3333333432674408, 0.0], 298: [0.5555555820465088, -0.5555555820465088, 0.0], 299: [0.5555555820465088, -0.7777777910232544, 0.0], 300: [0.7777777910232544, 0.7777777910232544, 0.0], 301: [0.7777777910232544, 0.5555555820465088, 0.0], 302: [0.7777777910232544, 0.3333333432674408, 0.0], 303: [0.7777777910232544, 0.1111111044883728, 0.0], 304: [0.7777777910232544, -0.11111113429069519, 0.0], 305: [0.7777777910232544, -0.3333333432674408, 0.0], 306: [0.7777777910232544, -0.5555555820465088, 0.0], 307: [0.7777777910232544, -0.7777777910232544, 0.0], 308: [1.0, 1.0, 0.15000000596046448], 309: [1.0, -1.0, 0.15000000596046448], 310: [-1.0, -1.0, 0.15000000596046448], 311: [-1.0, 1.0, 0.15000000596046448], 312: [-0.7777777910232544, -1.0, 0.15000000596046448], 313: [-0.5555555820465088, -1.0, 0.15000000596046448], 314: [-0.3333333432674408, -1.0, 0.15000000596046448], 315: [-0.1111111044883728, -1.0, 0.15000000596046448], 316: [0.11111113429069519, -1.0, 0.15000000596046448], 317: [0.3333333432674408, -1.0, 0.15000000596046448], 318: [0.5555555820465088, -1.0, 0.15000000596046448], 319: [0.7777777910232544, -1.0, 0.15000000596046448], 320: [0.7777777910232544, 1.0, 0.15000000596046448], 321: [0.5555555820465088, 1.0, 0.15000000596046448], 322: [0.3333333432674408, 1.0, 0.15000000596046448], 323: [0.1111111044883728, 1.0, 0.15000000596046448], 324: [-0.11111113429069519, 1.0, 0.15000000596046448], 325: [-0.3333333432674408, 1.0, 0.15000000596046448], 326: [-0.5555555820465088, 1.0, 0.15000000596046448], 327: [-0.7777777910232544, 1.0, 0.15000000596046448], 328: [-1.0, 0.7777777910232544, 0.15000000596046448], 329: [-1.0, 0.5555555820465088, 0.15000000596046448], 330: [-1.0, 0.3333333432674408, 0.15000000596046448], 331: [-1.0, 0.1111111044883728, 0.15000000596046448], 332: [-1.0, -0.11111113429069519, 0.15000000596046448], 333: [-1.0, -0.3333333432674408, 0.15000000596046448], 334: [-1.0, -0.5555555820465088, 0.15000000596046448], 335: [-1.0, -0.7777777910232544, 0.15000000596046448], 336: [1.0, -0.7777777910232544, 0.15000000596046448], 337: [1.0, -0.5555555820465088, 0.15000000596046448], 338: [1.0, -0.3333333432674408, 0.15000000596046448], 339: [1.0, -0.1111111044883728, 0.15000000596046448], 340: [1.0, 0.11111113429069519, 0.15000000596046448], 341: [1.0, 0.3333333432674408, 0.15000000596046448], 342: [1.0, 0.5555555820465088, 0.15000000596046448], 343: [1.0, 0.7777777910232544, 0.15000000596046448], 344: [1.0, 0.8277778029441833, 0.20000000298023224], 345: [1.0, 0.949999988079071, 0.20000000298023224], 346: [1.0, 0.949999988079071, 0.44999998807907104], 347: [1.0, 0.8277778029441833, 0.44999998807907104], 348: [-1.0, -0.8277778029441833, 0.20000000298023224], 349: [-1.0, -0.949999988079071, 0.20000000298023224], 350: [-1.0, -0.949999988079071, 0.44999998807907104], 351: [-1.0, -0.8277778029441833, 0.44999998807907104], 352: [-0.8277778029441833, 1.0, 0.20000000298023224], 353: [-0.949999988079071, 1.0, 0.20000000298023224], 354: [-0.949999988079071, 1.0, 0.44999998807907104], 355: [-0.8277778029441833, 1.0, 0.44999998807907104], 356: [0.8277778029441833, -1.0, 0.20000000298023224], 357: [0.949999988079071, -1.0, 0.20000000298023224], 358: [0.949999988079071, -1.0, 0.44999998807907104], 359: [0.8277778029441833, -1.0, 0.44999998807907104], 360: [-0.949999988079071, -1.0, 0.20000000298023224], 361: [-0.8277778029441833, -1.0, 0.20000000298023224], 362: [-0.8277778029441833, -1.0, 0.44999998807907104], 363: [-0.949999988079071, -1.0, 0.44999998807907104], 364: [-0.7277777791023254, -1.0, 0.20000000298023224], 365: [-0.6055555939674377, -1.0, 0.20000000298023224], 366: [-0.6055555939674377, -1.0, 0.44999998807907104], 367: [-0.7277777791023254, -1.0, 0.44999998807907104], 368: [-0.5055555701255798, -1.0, 0.20000000298023224], 369: [-0.38333335518836975, -1.0, 0.20000000298023224], 370: [-0.38333332538604736, -1.0, 0.45000001788139343], 371: [-0.5055555701255798, -1.0, 0.44999998807907104], 372: [-0.28333336114883423, -1.0, 0.20000000298023224], 373: [-0.16111111640930176, -1.0, 0.20000000298023224], 374: [-0.16111110150814056, -1.0, 0.45000001788139343], 375: [-0.28333333134651184, -1.0, 0.44999998807907104], 376: [-0.06111110746860504, -1.0, 0.20000000298023224], 377: [0.061111126095056534, -1.0, 0.20000000298023224], 378: [0.06111113727092743, -1.0, 0.45000001788139343], 379: [-0.061111096292734146, -1.0, 0.44999998807907104], 380: [0.16111113131046295, -1.0, 0.20000000298023224], 381: [0.28333336114883423, -1.0, 0.20000000298023224], 382: [0.28333336114883423, -1.0, 0.44999998807907104], 383: [0.16111113131046295, -1.0, 0.44999998807907104], 384: [0.38333332538604736, -1.0, 0.20000000298023224], 385: [0.5055555701255798, -1.0, 0.20000000298023224], 386: [0.5055555701255798, -1.0, 0.45000001788139343], 387: [0.38333335518836975, -1.0, 0.44999998807907104], 388: [0.6055555939674377, -1.0, 0.20000000298023224], 389: [0.7277777791023254, -1.0, 0.20000000298023224], 390: [0.7277777791023254, -1.0, 0.44999998807907104], 391: [0.6055555939674377, -1.0, 0.44999998807907104], 392: [0.949999988079071, 1.0, 0.20000000298023224], 393: [0.8277778029441833, 1.0, 0.20000000298023224], 394: [0.8277778029441833, 1.0, 0.44999998807907104], 395: [0.949999988079071, 1.0, 0.44999998807907104], 396: [0.7277777791023254, 1.0, 0.20000000298023224], 397: [0.6055555939674377, 1.0, 0.20000000298023224], 398: [0.6055555939674377, 1.0, 0.44999998807907104], 399: [0.7277777791023254, 1.0, 0.44999998807907104], 400: [0.5055555701255798, 1.0, 0.20000000298023224], 401: [0.38333335518836975, 1.0, 0.20000000298023224], 402: [0.38333332538604736, 1.0, 0.45000001788139343], 403: [0.5055555701255798, 1.0, 0.44999998807907104], 404: [0.28333336114883423, 1.0, 0.20000000298023224], 405: [0.16111111640930176, 1.0, 0.20000000298023224], 406: [0.16111110150814056, 1.0, 0.45000001788139343], 407: [0.28333333134651184, 1.0, 0.44999998807907104], 408: [0.06111110746860504, 1.0, 0.20000000298023224], 409: [-0.061111126095056534, 1.0, 0.20000000298023224], 410: [-0.06111113727092743, 1.0, 0.45000001788139343], 411: [0.061111096292734146, 1.0, 0.44999998807907104], 412: [-0.16111113131046295, 1.0, 0.20000000298023224], 413: [-0.28333336114883423, 1.0, 0.20000000298023224], 414: [-0.28333336114883423, 1.0, 0.44999998807907104], 415: [-0.16111113131046295, 1.0, 0.44999998807907104], 416: [-0.38333332538604736, 1.0, 0.20000000298023224], 417: [-0.5055555701255798, 1.0, 0.20000000298023224], 418: [-0.5055555701255798, 1.0, 0.45000001788139343], 419: [-0.38333335518836975, 1.0, 0.44999998807907104], 420: [-0.6055555939674377, 1.0, 0.20000000298023224], 421: [-0.7277777791023254, 1.0, 0.20000000298023224], 422: [-0.7277777791023254, 1.0, 0.44999998807907104], 423: [-0.6055555939674377, 1.0, 0.44999998807907104], 424: [-1.0, 0.949999988079071, 0.20000000298023224], 425: [-1.0, 0.8277778029441833, 0.20000000298023224], 426: [-1.0, 0.8277778029441833, 0.44999998807907104], 427: [-1.0, 0.949999988079071, 0.44999998807907104], 428: [-1.0, 0.7277777791023254, 0.20000000298023224], 429: [-1.0, 0.6055555939674377, 0.20000000298023224], 430: [-1.0, 0.6055555939674377, 0.44999998807907104], 431: [-1.0, 0.7277777791023254, 0.44999998807907104], 432: [-1.0, 0.5055555701255798, 0.20000000298023224], 433: [-1.0, 0.38333335518836975, 0.20000000298023224], 434: [-1.0, 0.38333332538604736, 0.45000001788139343], 435: [-1.0, 0.5055555701255798, 0.44999998807907104], 436: [-1.0, 0.28333336114883423, 0.20000000298023224], 437: [-1.0, 0.16111111640930176, 0.20000000298023224], 438: [-1.0, 0.16111110150814056, 0.45000001788139343], 439: [-1.0, 0.28333333134651184, 0.44999998807907104], 440: [-1.0, 0.06111110746860504, 0.20000000298023224], 441: [-1.0, -0.061111126095056534, 0.20000000298023224], 442: [-1.0, -0.06111113727092743, 0.45000001788139343], 443: [-1.0, 0.061111096292734146, 0.44999998807907104], 444: [-1.0, -0.16111113131046295, 0.20000000298023224], 445: [-1.0, -0.28333336114883423, 0.20000000298023224], 446: [-1.0, -0.28333336114883423, 0.44999998807907104], 447: [-1.0, -0.16111113131046295, 0.44999998807907104], 448: [-1.0, -0.38333332538604736, 0.20000000298023224], 449: [-1.0, -0.5055555701255798, 0.20000000298023224], 450: [-1.0, -0.5055555701255798, 0.45000001788139343], 451: [-1.0, -0.38333335518836975, 0.44999998807907104], 452: [-1.0, -0.6055555939674377, 0.20000000298023224], 453: [-1.0, -0.7277777791023254, 0.20000000298023224], 454: [-1.0, -0.7277777791023254, 0.44999998807907104], 455: [-1.0, -0.6055555939674377, 0.44999998807907104], 456: [1.0, -0.949999988079071, 0.20000000298023224], 457: [1.0, -0.8277778029441833, 0.20000000298023224], 458: [1.0, -0.8277778029441833, 0.44999998807907104], 459: [1.0, -0.949999988079071, 0.44999998807907104], 460: [1.0, -0.7277777791023254, 0.20000000298023224], 461: [1.0, -0.6055555939674377, 0.20000000298023224], 462: [1.0, -0.6055555939674377, 0.44999998807907104], 463: [1.0, -0.7277777791023254, 0.44999998807907104], 464: [1.0, -0.5055555701255798, 0.20000000298023224], 465: [1.0, -0.38333335518836975, 0.20000000298023224], 466: [1.0, -0.38333332538604736, 0.45000001788139343], 467: [1.0, -0.5055555701255798, 0.44999998807907104], 468: [1.0, -0.28333336114883423, 0.20000000298023224], 469: [1.0, -0.16111111640930176, 0.20000000298023224], 470: [1.0, -0.16111110150814056, 0.45000001788139343], 471: [1.0, -0.28333333134651184, 0.44999998807907104], 472: [1.0, -0.06111110746860504, 0.20000000298023224], 473: [1.0, 0.061111126095056534, 0.20000000298023224], 474: [1.0, 0.06111113727092743, 0.45000001788139343], 475: [1.0, -0.061111096292734146, 0.44999998807907104], 476: [1.0, 0.16111113131046295, 0.20000000298023224], 477: [1.0, 0.28333336114883423, 0.20000000298023224], 478: [1.0, 0.28333336114883423, 0.44999998807907104], 479: [1.0, 0.16111113131046295, 0.44999998807907104], 480: [1.0, 0.38333332538604736, 0.20000000298023224], 481: [1.0, 0.5055555701255798, 0.20000000298023224], 482: [1.0, 0.5055555701255798, 0.45000001788139343], 483: [1.0, 0.38333335518836975, 0.44999998807907104], 484: [1.0, 0.6055555939674377, 0.20000000298023224], 485: [1.0, 0.7277777791023254, 0.20000000298023224], 486: [1.0, 0.7277777791023254, 0.44999998807907104], 487: [1.0, 0.6055555939674377, 0.44999998807907104], 488: [0.949999988079071, 0.949999988079071, 0.20000000298023224], 489: [0.949999988079071, 0.8277778029441833, 0.20000000298023224], 490: [0.949999988079071, 0.8277778029441833, 0.44999998807907104], 491: [0.949999988079071, 0.949999988079071, 0.44999998807907104], 492: [-0.949999988079071, -0.949999988079071, 0.20000000298023224], 493: [-0.949999988079071, -0.8277778029441833, 0.20000000298023224], 494: [-0.949999988079071, -0.8277778029441833, 0.44999998807907104], 495: [-0.949999988079071, -0.949999988079071, 0.44999998807907104], 496: [-0.949999988079071, 0.949999988079071, 0.20000000298023224], 497: [-0.8277778029441833, 0.949999988079071, 0.20000000298023224], 498: [-0.8277778029441833, 0.949999988079071, 0.44999998807907104], 499: [-0.949999988079071, 0.949999988079071, 0.44999998807907104], 500: [0.949999988079071, -0.949999988079071, 0.20000000298023224], 501: [0.8277778029441833, -0.949999988079071, 0.20000000298023224], 502: [0.8277778029441833, -0.949999988079071, 0.44999998807907104], 503: [0.949999988079071, -0.949999988079071, 0.44999998807907104], 504: [-0.8277778029441833, -0.949999988079071, 0.20000000298023224], 505: [-0.949999988079071, -0.949999988079071, 0.20000000298023224], 506: [-0.949999988079071, -0.949999988079071, 0.44999998807907104], 507: [-0.8277778029441833, -0.949999988079071, 0.44999998807907104], 508: [-0.6055555939674377, -0.949999988079071, 0.20000000298023224], 509: [-0.7277777791023254, -0.949999988079071, 0.20000000298023224], 510: [-0.7277777791023254, -0.949999988079071, 0.44999998807907104], 511: [-0.6055555939674377, -0.949999988079071, 0.44999998807907104], 512: [-0.38333335518836975, -0.949999988079071, 0.20000000298023224], 513: [-0.5055555701255798, -0.949999988079071, 0.20000000298023224], 514: [-0.5055555701255798, -0.949999988079071, 0.44999998807907104], 515: [-0.38333332538604736, -0.949999988079071, 0.45000001788139343], 516: [-0.16111111640930176, -0.949999988079071, 0.20000000298023224], 517: [-0.28333336114883423, -0.949999988079071, 0.20000000298023224], 518: [-0.28333333134651184, -0.949999988079071, 0.44999998807907104], 519: [-0.16111110150814056, -0.949999988079071, 0.45000001788139343], 520: [0.061111126095056534, -0.949999988079071, 0.20000000298023224], 521: [-0.06111110746860504, -0.949999988079071, 0.20000000298023224], 522: [-0.061111096292734146, -0.949999988079071, 0.44999998807907104], 523: [0.06111113727092743, -0.949999988079071, 0.45000001788139343], 524: [0.28333336114883423, -0.949999988079071, 0.20000000298023224], 525: [0.16111113131046295, -0.949999988079071, 0.20000000298023224], 526: [0.16111113131046295, -0.949999988079071, 0.44999998807907104], 527: [0.28333336114883423, -0.949999988079071, 0.44999998807907104], 528: [0.5055555701255798, -0.949999988079071, 0.20000000298023224], 529: [0.38333332538604736, -0.949999988079071, 0.20000000298023224], 530: [0.38333335518836975, -0.949999988079071, 0.44999998807907104], 531: [0.5055555701255798, -0.949999988079071, 0.45000001788139343], 532: [0.7277777791023254, -0.949999988079071, 0.20000000298023224], 533: [0.6055555939674377, -0.949999988079071, 0.20000000298023224], 534: [0.6055555939674377, -0.949999988079071, 0.44999998807907104], 535: [0.7277777791023254, -0.949999988079071, 0.44999998807907104], 536: [0.8277778029441833, 0.949999988079071, 0.20000000298023224], 537: [0.949999988079071, 0.949999988079071, 0.20000000298023224], 538: [0.949999988079071, 0.949999988079071, 0.44999998807907104], 539: [0.8277778029441833, 0.949999988079071, 0.44999998807907104], 540: [0.6055555939674377, 0.949999988079071, 0.20000000298023224], 541: [0.7277777791023254, 0.949999988079071, 0.20000000298023224], 542: [0.7277777791023254, 0.949999988079071, 0.44999998807907104], 543: [0.6055555939674377, 0.949999988079071, 0.44999998807907104], 544: [0.38333335518836975, 0.949999988079071, 0.20000000298023224], 545: [0.5055555701255798, 0.949999988079071, 0.20000000298023224], 546: [0.5055555701255798, 0.949999988079071, 0.44999998807907104], 547: [0.38333332538604736, 0.949999988079071, 0.45000001788139343], 548: [0.16111111640930176, 0.949999988079071, 0.20000000298023224], 549: [0.28333336114883423, 0.949999988079071, 0.20000000298023224], 550: [0.28333333134651184, 0.949999988079071, 0.44999998807907104], 551: [0.16111110150814056, 0.949999988079071, 0.45000001788139343], 552: [-0.061111126095056534, 0.949999988079071, 0.20000000298023224], 553: [0.06111110746860504, 0.949999988079071, 0.20000000298023224], 554: [0.061111096292734146, 0.949999988079071, 0.44999998807907104], 555: [-0.06111113727092743, 0.949999988079071, 0.45000001788139343], 556: [-0.28333336114883423, 0.949999988079071, 0.20000000298023224], 557: [-0.16111113131046295, 0.949999988079071, 0.20000000298023224], 558: [-0.16111113131046295, 0.949999988079071, 0.44999998807907104], 559: [-0.28333336114883423, 0.949999988079071, 0.44999998807907104], 560: [-0.5055555701255798, 0.949999988079071, 0.20000000298023224], 561: [-0.38333332538604736, 0.949999988079071, 0.20000000298023224], 562: [-0.38333335518836975, 0.949999988079071, 0.44999998807907104], 563: [-0.5055555701255798, 0.949999988079071, 0.45000001788139343], 564: [-0.7277777791023254, 0.949999988079071, 0.20000000298023224], 565: [-0.6055555939674377, 0.949999988079071, 0.20000000298023224], 566: [-0.6055555939674377, 0.949999988079071, 0.44999998807907104], 567: [-0.7277777791023254, 0.949999988079071, 0.44999998807907104], 568: [-0.949999988079071, 0.8277778029441833, 0.20000000298023224], 569: [-0.949999988079071, 0.949999988079071, 0.20000000298023224], 570: [-0.949999988079071, 0.949999988079071, 0.44999998807907104], 571: [-0.949999988079071, 0.8277778029441833, 0.44999998807907104], 572: [-0.949999988079071, 0.6055555939674377, 0.20000000298023224], 573: [-0.949999988079071, 0.7277777791023254, 0.20000000298023224], 574: [-0.949999988079071, 0.7277777791023254, 0.44999998807907104], 575: [-0.949999988079071, 0.6055555939674377, 0.44999998807907104], 576: [-0.949999988079071, 0.38333335518836975, 0.20000000298023224], 577: [-0.949999988079071, 0.5055555701255798, 0.20000000298023224], 578: [-0.949999988079071, 0.5055555701255798, 0.44999998807907104], 579: [-0.949999988079071, 0.38333332538604736, 0.45000001788139343], 580: [-0.949999988079071, 0.16111111640930176, 0.20000000298023224], 581: [-0.949999988079071, 0.28333336114883423, 0.20000000298023224], 582: [-0.949999988079071, 0.28333333134651184, 0.44999998807907104], 583: [-0.949999988079071, 0.16111110150814056, 0.45000001788139343], 584: [-0.949999988079071, -0.061111126095056534, 0.20000000298023224], 585: [-0.949999988079071, 0.06111110746860504, 0.20000000298023224], 586: [-0.949999988079071, 0.061111096292734146, 0.44999998807907104], 587: [-0.949999988079071, -0.06111113727092743, 0.45000001788139343], 588: [-0.949999988079071, -0.28333336114883423, 0.20000000298023224], 589: [-0.949999988079071, -0.16111113131046295, 0.20000000298023224], 590: [-0.949999988079071, -0.16111113131046295, 0.44999998807907104], 591: [-0.949999988079071, -0.28333336114883423, 0.44999998807907104], 592: [-0.949999988079071, -0.5055555701255798, 0.20000000298023224], 593: [-0.949999988079071, -0.38333332538604736, 0.20000000298023224], 594: [-0.949999988079071, -0.38333335518836975, 0.44999998807907104], 595: [-0.949999988079071, -0.5055555701255798, 0.45000001788139343], 596: [-0.949999988079071, -0.7277777791023254, 0.20000000298023224], 597: [-0.949999988079071, -0.6055555939674377, 0.20000000298023224], 598: [-0.949999988079071, -0.6055555939674377, 0.44999998807907104], 599: [-0.949999988079071, -0.7277777791023254, 0.44999998807907104], 600: [0.949999988079071, -0.8277778029441833, 0.20000000298023224], 601: [0.949999988079071, -0.949999988079071, 0.20000000298023224], 602: [0.949999988079071, -0.949999988079071, 0.44999998807907104], 603: [0.949999988079071, -0.8277778029441833, 0.44999998807907104], 604: [0.949999988079071, -0.6055555939674377, 0.20000000298023224], 605: [0.949999988079071, -0.7277777791023254, 0.20000000298023224], 606: [0.949999988079071, -0.7277777791023254, 0.44999998807907104], 607: [0.949999988079071, -0.6055555939674377, 0.44999998807907104], 608: [0.949999988079071, -0.38333335518836975, 0.20000000298023224], 609: [0.949999988079071, -0.5055555701255798, 0.20000000298023224], 610: [0.949999988079071, -0.5055555701255798, 0.44999998807907104], 611: [0.949999988079071, -0.38333332538604736, 0.45000001788139343], 612: [0.949999988079071, -0.16111111640930176, 0.20000000298023224], 613: [0.949999988079071, -0.28333336114883423, 0.20000000298023224], 614: [0.949999988079071, -0.28333333134651184, 0.44999998807907104], 615: [0.949999988079071, -0.16111110150814056, 0.45000001788139343], 616: [0.949999988079071, 0.061111126095056534, 0.20000000298023224], 617: [0.949999988079071, -0.06111110746860504, 0.20000000298023224], 618: [0.949999988079071, -0.061111096292734146, 0.44999998807907104], 619: [0.949999988079071, 0.06111113727092743, 0.45000001788139343], 620: [0.949999988079071, 0.28333336114883423, 0.20000000298023224], 621: [0.949999988079071, 0.16111113131046295, 0.20000000298023224], 622: [0.949999988079071, 0.16111113131046295, 0.44999998807907104], 623: [0.949999988079071, 0.28333336114883423, 0.44999998807907104], 624: [0.949999988079071, 0.5055555701255798, 0.20000000298023224], 625: [0.949999988079071, 0.38333332538604736, 0.20000000298023224], 626: [0.949999988079071, 0.38333335518836975, 0.44999998807907104], 627: [0.949999988079071, 0.5055555701255798, 0.45000001788139343], 628: [0.949999988079071, 0.7277777791023254, 0.20000000298023224], 629: [0.949999988079071, 0.6055555939674377, 0.20000000298023224], 630: [0.949999988079071, 0.6055555939674377, 0.44999998807907104], 631: [0.949999988079071, 0.7277777791023254, 0.44999998807907104]}, 'faces': {0: [0.8888888955116272, 0.8888888359069824, 0.0], 1: [-0.9203158617019653, 1.0353553295135498, 0.5], 2: [-0.9750000238418579, -0.444444477558136, 0.44999998807907104], 3: [-0.222222238779068, -0.9750000238418579, 0.20000000298023224], 4: [-0.9750000238418579, -0.5055555701255798, 0.32500001788139343], 5: [0.6666666865348816, 0.9750000238418579, 0.44999998807907104], 6: [0.8888888359069824, 0.8888888955116272, 0.6000000238418579], 7: [-0.9203158020973206, -1.0353553295135498, 0.6000000238418579], 8: [-1.0353553295135498, -0.9203158617019653, 0.5], 9: [0.9203158020973206, 1.0353553295135498, 0.6000000238418579], 10: [-1.0707106590270996, -0.9517428874969482, 0.550000011920929], 11: [-0.9517428874969482, 1.0707106590270996, 0.550000011920929], 12: [0.9517428874969482, -1.0707106590270996, 0.550000011920929], 13: [1.0707106590270996, 0.9517428874969482, 0.550000011920929], 14: [0.9203158617019653, -1.0353553295135498, 0.5], 15: [1.0353553295135498, -0.9203158020973206, 0.6000000238418579], 16: [-1.0353553295135498, 0.9203158020973206, 0.6000000238418579], 17: [1.0353553295135498, 0.9203158617019653, 0.5], 18: [-0.9203158617019653, -1.0353553295135498, 0.5], 19: [-0.6902368664741516, -1.0353553295135498, 0.5], 20: [-0.4601579010486603, -1.0353553295135498, 0.5], 21: [-0.23007893562316895, -1.0353553295135498, 0.5], 22: [3.725290298461914e-08, -1.0353553295135498, 0.5], 23: [0.23007899522781372, -1.0353553295135498, 0.5], 24: [0.46015799045562744, -1.0353553295135498, 0.5], 25: [0.6902369260787964, -1.0353553295135498, 0.5], 26: [-0.9517427682876587, -1.0707106590270996, 0.550000011920929], 27: [-0.7138070464134216, -1.0707106590270996, 0.550000011920929], 28: [-0.47587135434150696, -1.0707106590270996, 0.550000011920929], 29: [-0.2379356324672699, -1.0707106590270996, 0.550000011920929], 30: [5.960464477539063e-08, -1.0707106590270996, 0.550000011920929], 31: [0.23793575167655945, -1.0707106590270996, 0.550000011920929], 32: [0.4758714437484741, -1.0707106590270996, 0.550000011920929], 33: [0.7138071656227112, -1.0707106590270996, 0.550000011920929], 34: [0.9517427682876587, 1.0707106590270996, 0.550000011920929], 35: [0.7138070464134216, 1.0707106590270996, 0.550000011920929], 36: [0.47587135434150696, 1.0707106590270996, 0.550000011920929], 37: [0.2379356324672699, 1.0707106590270996, 0.550000011920929], 38: [-5.960464477539063e-08, 1.0707106590270996, 0.550000011920929], 39: [-0.23793575167655945, 1.0707106590270996, 0.550000011920929], 40: [-0.4758714437484741, 1.0707106590270996, 0.550000011920929], 41: [-0.7138071656227112, 1.0707106590270996, 0.550000011920929], 42: [-0.9203158617019653, 1.0353553295135498, 0.6000000238418579], 43: [-0.6902369260787964, 1.0353553295135498, 0.6000000238418579], 44: [-0.46015799045562744, 1.0353553295135498, 0.6000000238418579], 45: [-0.23007899522781372, 1.0353553295135498, 0.6000000238418579], 46: [-3.725290298461914e-08, 1.0353553295135498, 0.6000000238418579], 47: [0.23007893562316895, 1.0353553295135498, 0.6000000238418579], 48: [0.46015793085098267, 1.0353553295135498, 0.6000000238418579], 49: [0.6902369260787964, 1.0353553295135498, 0.6000000238418579], 50: [0.9203158617019653, -1.0353553295135498, 0.6000000238418579], 51: [0.6902369260787964, -1.0353553295135498, 0.6000000238418579], 52: [0.46015799045562744, -1.0353553295135498, 0.6000000238418579], 53: [0.23007899522781372, -1.0353553295135498, 0.6000000238418579], 54: [3.725290298461914e-08, -1.0353553295135498, 0.6000000238418579], 55: [-0.23007893562316895, -1.0353553295135498, 0.6000000238418579], 56: [-0.46015793085098267, -1.0353553295135498, 0.6000000238418579], 57: [-0.6902369260787964, -1.0353553295135498, 0.6000000238418579], 58: [-0.8888888955116272, 0.8888888955116272, 0.6000000238418579], 59: [-0.6666666865348816, 0.8888888955116272, 0.6000000238418579], 60: [-0.444444477558136, 0.8888888955116272, 0.6000000238418579], 61: [-0.222222238779068, 0.8888888955116272, 0.6000000238418579], 62: [-1.4901161193847656e-08, 0.8888888955116272, 0.6000000238418579], 63: [0.2222222238779068, 0.8888888955116272, 0.6000000238418579], 64: [0.444444477558136, 0.8888888955116272, 0.6000000238418579], 65: [0.6666666865348816, 0.8888888955116272, 0.6000000238418579], 66: [-0.9750000238418579, -0.38333332538604736, 0.32499998807907104], 67: [0.6055555939674377, 0.9750000238418579, 0.32499998807907104], 68: [0.9750000238418579, 0.8888888955116272, 0.44999998807907104], 69: [-0.9750000238418579, -0.4444444477558136, 0.20000000298023224], 70: [0.7277777791023254, 0.9750000238418579, 0.32499998807907104], 71: [0.9750000238418579, 0.949999988079071, 0.32499998807907104], 72: [0.9750000238418579, 2.0489096641540527e-08, 0.44999998807907104], 73: [0.6666666865348816, 0.9750000238418579, 0.20000000298023224], 74: [0.9750000238418579, 0.8277778029441833, 0.32499998807907104], 75: [0.9750000238418579, 0.06111112982034683, 0.32500001788139343], 76: [-0.6666666865348816, 0.9750000238418579, 0.44999998807907104], 77: [0.9750000238418579, 0.8888888955116272, 0.20000000298023224], 78: [0.9750000238418579, -0.061111100018024445, 0.32499998807907104], 79: [-0.7277777791023254, 0.9750000238418579, 0.32499998807907104], 80: [-0.4444444477558136, -0.9750000238418579, 0.44999998807907104], 81: [0.9750000238418579, 9.313225746154785e-09, 0.20000000298023224], 82: [0.9203158617019653, 1.0353553295135498, 0.5], 83: [0.6902368664741516, 1.0353553295135498, 0.5], 84: [0.4601579010486603, 1.0353553295135498, 0.5], 85: [0.23007893562316895, 1.0353553295135498, 0.5], 86: [-3.725290298461914e-08, 1.0353553295135498, 0.5], 87: [-0.23007899522781372, 1.0353553295135498, 0.5], 88: [-0.46015799045562744, 1.0353553295135498, 0.5], 89: [-0.6902369260787964, 1.0353553295135498, 0.5], 90: [-0.8888888359069824, 0.8888888359069824, 0.0], 91: [-0.6666666865348816, 0.8888888359069824, 0.0], 92: [-0.444444477558136, 0.8888888359069824, 0.0], 93: [-0.222222238779068, 0.8888888359069824, 0.0], 94: [-1.4901161193847656e-08, 0.8888888359069824, 0.0], 95: [0.222222238779068, 0.8888888359069824, 0.0], 96: [0.444444477558136, 0.8888888359069824, 0.0], 97: [0.6666666865348816, 0.8888888359069824, 0.0], 98: [0.6666666865348816, -0.8888888955116272, 0.0], 99: [0.6666666865348816, -0.6666666865348816, 0.0], 100: [0.6666666865348816, -0.444444477558136, 0.0], 101: [0.6666666865348816, -0.222222238779068, 0.0], 102: [0.6666666865348816, -1.4901161193847656e-08, 0.0], 103: [0.6666666865348816, 0.2222222238779068, 0.0], 104: [0.6666666865348816, 0.444444477558136, 0.0], 105: [0.6666666865348816, 0.6666666865348816, 0.0], 106: [0.444444477558136, -0.8888888955116272, 0.0], 107: [0.444444477558136, -0.6666666865348816, 0.0], 108: [0.444444477558136, -0.444444477558136, 0.0], 109: [0.444444477558136, -0.222222238779068, 0.0], 110: [0.444444477558136, -1.4901161193847656e-08, 0.0], 111: [0.444444477558136, 0.2222222238779068, 0.0], 112: [0.444444477558136, 0.444444477558136, 0.0], 113: [0.444444477558136, 0.6666666865348816, 0.0], 114: [0.222222238779068, -0.8888888955116272, 0.0], 115: [0.222222238779068, -0.6666666865348816, 0.0], 116: [0.222222238779068, -0.444444477558136, 0.0], 117: [0.222222238779068, -0.222222238779068, 0.0], 118: [0.222222238779068, -1.4901161193847656e-08, 0.0], 119: [0.222222238779068, 0.2222222238779068, 0.0], 120: [0.222222238779068, 0.444444477558136, 0.0], 121: [0.222222238779068, 0.6666666865348816, 0.0], 122: [1.4901161193847656e-08, -0.8888888955116272, 0.0], 123: [1.30385160446167e-08, -0.6666666865348816, 0.0], 124: [1.862645149230957e-09, -0.444444477558136, 0.0], 125: [0.0, -0.222222238779068, 0.0], 126: [0.0, -1.4901161193847656e-08, 0.0], 127: [-1.862645149230957e-09, 0.2222222238779068, 0.0], 128: [-1.30385160446167e-08, 0.444444477558136, 0.0], 129: [-1.4901161193847656e-08, 0.6666666865348816, 0.0], 130: [-0.2222222238779068, -0.8888888955116272, 0.0], 131: [-0.2222222238779068, -0.6666666865348816, 0.0], 132: [-0.2222222238779068, -0.444444477558136, 0.0], 133: [-0.2222222238779068, -0.222222238779068, 0.0], 134: [-0.2222222238779068, -1.4901161193847656e-08, 0.0], 135: [-0.2222222238779068, 0.2222222238779068, 0.0], 136: [-0.2222222238779068, 0.444444477558136, 0.0], 137: [-0.222222238779068, 0.6666666865348816, 0.0], 138: [-0.444444477558136, -0.8888888955116272, 0.0], 139: [-0.444444477558136, -0.6666666865348816, 0.0], 140: [-0.444444477558136, -0.444444477558136, 0.0], 141: [-0.444444477558136, -0.222222238779068, 0.0], 142: [-0.444444477558136, -1.4901161193847656e-08, 0.0], 143: [-0.444444477558136, 0.2222222238779068, 0.0], 144: [-0.444444477558136, 0.444444477558136, 0.0], 145: [-0.444444477558136, 0.6666666865348816, 0.0], 146: [-0.6666666865348816, -0.8888888955116272, 0.0], 147: [-0.6666666865348816, -0.6666666865348816, 0.0], 148: [-0.6666666865348816, -0.444444477558136, 0.0], 149: [-0.6666666865348816, -0.222222238779068, 0.0], 150: [-0.6666666865348816, -1.4901161193847656e-08, 0.0], 151: [-0.6666666865348816, 0.2222222238779068, 0.0], 152: [-0.6666666865348816, 0.444444477558136, 0.0], 153: [-0.6666666865348816, 0.6666666865348816, 0.0], 154: [-0.8888888359069824, -0.8888888955116272, 0.0], 155: [-0.8888888359069824, -0.6666666865348816, 0.0], 156: [-0.8888888359069824, -0.444444477558136, 0.0], 157: [-0.8888888359069824, -0.222222238779068, 0.0], 158: [-0.8888888359069824, -1.4901161193847656e-08, 0.0], 159: [-0.8888888359069824, 0.2222222238779068, 0.0], 160: [-0.8888888359069824, 0.444444477558136, 0.0], 161: [-0.8888888359069824, 0.6666666865348816, 0.0], 162: [0.6666666865348816, -0.8888888359069824, 0.6000000238418579], 163: [0.6666666865348816, -0.6666666865348816, 0.6000000238418579], 164: [0.6666666865348816, -0.444444477558136, 0.6000000238418579], 165: [0.6666666865348816, -0.2222222238779068, 0.6000000238418579], 166: [0.6666666865348816, 1.4901161193847656e-08, 0.6000000238418579], 167: [0.6666666865348816, 0.222222238779068, 0.6000000238418579], 168: [0.6666666865348816, 0.444444477558136, 0.6000000238418579], 169: [0.6666666865348816, 0.6666666865348816, 0.6000000238418579], 170: [0.444444477558136, -0.8888888359069824, 0.6000000238418579], 171: [0.444444477558136, -0.6666666865348816, 0.6000000238418579], 172: [0.444444477558136, -0.444444477558136, 0.6000000238418579], 173: [0.444444477558136, -0.2222222238779068, 0.6000000238418579], 174: [0.444444477558136, 1.4901161193847656e-08, 0.6000000238418579], 175: [0.444444477558136, 0.222222238779068, 0.6000000238418579], 176: [0.444444477558136, 0.444444477558136, 0.6000000238418579], 177: [0.444444477558136, 0.6666666865348816, 0.6000000238418579], 178: [0.222222238779068, -0.8888888359069824, 0.6000000238418579], 179: [0.222222238779068, -0.6666666865348816, 0.6000000238418579], 180: [0.2222222238779068, -0.444444477558136, 0.6000000238418579], 181: [0.2222222238779068, -0.2222222238779068, 0.6000000238418579], 182: [0.2222222238779068, 1.4901161193847656e-08, 0.6000000238418579], 183: [0.2222222238779068, 0.222222238779068, 0.6000000238418579], 184: [0.2222222238779068, 0.444444477558136, 0.6000000238418579], 185: [0.2222222238779068, 0.6666666865348816, 0.6000000238418579], 186: [1.4901161193847656e-08, -0.8888888359069824, 0.6000000238418579], 187: [1.4901161193847656e-08, -0.6666666865348816, 0.6000000238418579], 188: [1.1175870895385742e-08, -0.444444477558136, 0.6000000238418579], 189: [3.725290298461914e-09, -0.2222222238779068, 0.6000000238418579], 190: [0.0, 1.4901161193847656e-08, 0.6000000238418579], 191: [0.0, 0.222222238779068, 0.6000000238418579], 192: [-3.725290298461914e-09, 0.444444477558136, 0.6000000238418579], 193: [-1.1175870895385742e-08, 0.6666666865348816, 0.6000000238418579], 194: [-0.222222238779068, -0.8888888359069824, 0.6000000238418579], 195: [-0.222222238779068, -0.6666666865348816, 0.6000000238418579], 196: [-0.222222238779068, -0.444444477558136, 0.6000000238418579], 197: [-0.222222238779068, -0.2222222238779068, 0.6000000238418579], 198: [-0.222222238779068, 1.4901161193847656e-08, 0.6000000238418579], 199: [-0.222222238779068, 0.222222238779068, 0.6000000238418579], 200: [-0.222222238779068, 0.444444477558136, 0.6000000238418579], 201: [-0.222222238779068, 0.6666666865348816, 0.6000000238418579], 202: [-0.444444477558136, -0.8888888359069824, 0.6000000238418579], 203: [-0.444444477558136, -0.6666666865348816, 0.6000000238418579], 204: [-0.444444477558136, -0.444444477558136, 0.6000000238418579], 205: [-0.444444477558136, -0.2222222238779068, 0.6000000238418579], 206: [-0.444444477558136, 1.4901161193847656e-08, 0.6000000238418579], 207: [-0.444444477558136, 0.222222238779068, 0.6000000238418579], 208: [-0.444444477558136, 0.444444477558136, 0.6000000238418579], 209: [-0.444444477558136, 0.6666666865348816, 0.6000000238418579], 210: [-0.6666666865348816, -0.8888888359069824, 0.6000000238418579], 211: [-0.6666666865348816, -0.6666666865348816, 0.6000000238418579], 212: [-0.6666666865348816, -0.444444477558136, 0.6000000238418579], 213: [-0.6666666865348816, -0.2222222238779068, 0.6000000238418579], 214: [-0.6666666865348816, 1.4901161193847656e-08, 0.6000000238418579], 215: [-0.6666666865348816, 0.222222238779068, 0.6000000238418579], 216: [-0.6666666865348816, 0.444444477558136, 0.6000000238418579], 217: [-0.6666666865348816, 0.6666666865348816, 0.6000000238418579], 218: [-0.8888888955116272, -0.8888888359069824, 0.6000000238418579], 219: [-0.8888888955116272, -0.6666666865348816, 0.6000000238418579], 220: [-0.8888888955116272, -0.444444477558136, 0.6000000238418579], 221: [-0.8888888955116272, -0.222222238779068, 0.6000000238418579], 222: [-0.8888888955116272, 0.0, 0.6000000238418579], 223: [-0.8888888955116272, 0.222222238779068, 0.6000000238418579], 224: [-0.8888888955116272, 0.444444477558136, 0.6000000238418579], 225: [-0.8888888955116272, 0.6666666865348816, 0.6000000238418579], 226: [1.0353553295135498, -0.9203158617019653, 0.5], 227: [1.0353553295135498, -0.6902368664741516, 0.5], 228: [1.0353553295135498, -0.4601579010486603, 0.5], 229: [1.0353553295135498, -0.23007893562316895, 0.5], 230: [1.0353553295135498, 3.725290298461914e-08, 0.5], 231: [1.0353553295135498, 0.23007899522781372, 0.5], 232: [1.0353553295135498, 0.46015799045562744, 0.5], 233: [1.0353553295135498, 0.6902369260787964, 0.5], 234: [-1.0353553295135498, -0.9203158617019653, 0.6000000238418579], 235: [-1.0353553295135498, -0.6902369260787964, 0.6000000238418579], 236: [-1.0353553295135498, -0.46015799045562744, 0.6000000238418579], 237: [-1.0353553295135498, -0.23007899522781372, 0.6000000238418579], 238: [-1.0353553295135498, -3.725290298461914e-08, 0.6000000238418579], 239: [-1.0353553295135498, 0.23007893562316895, 0.6000000238418579], 240: [-1.0353553295135498, 0.46015793085098267, 0.6000000238418579], 241: [-1.0353553295135498, 0.6902369260787964, 0.6000000238418579], 242: [1.0353553295135498, 0.9203158617019653, 0.6000000238418579], 243: [1.0353553295135498, 0.6902369260787964, 0.6000000238418579], 244: [1.0353553295135498, 0.46015799045562744, 0.6000000238418579], 245: [1.0353553295135498, 0.23007899522781372, 0.6000000238418579], 246: [1.0353553295135498, 3.725290298461914e-08, 0.6000000238418579], 247: [1.0353553295135498, -0.23007893562316895, 0.6000000238418579], 248: [1.0353553295135498, -0.46015793085098267, 0.6000000238418579], 249: [1.0353553295135498, -0.6902369260787964, 0.6000000238418579], 250: [1.0707106590270996, -0.9517427682876587, 0.550000011920929], 251: [1.0707106590270996, -0.7138070464134216, 0.550000011920929], 252: [1.0707106590270996, -0.47587135434150696, 0.550000011920929], 253: [1.0707106590270996, -0.2379356324672699, 0.550000011920929], 254: [1.0707106590270996, 5.960464477539063e-08, 0.550000011920929], 255: [1.0707106590270996, 0.23793575167655945, 0.550000011920929], 256: [1.0707106590270996, 0.4758714437484741, 0.550000011920929], 257: [1.0707106590270996, 0.7138071656227112, 0.550000011920929], 258: [-1.0707106590270996, 0.9517427682876587, 0.550000011920929], 259: [-1.0707106590270996, 0.7138070464134216, 0.550000011920929], 260: [-1.0707106590270996, 0.47587135434150696, 0.550000011920929], 261: [-1.0707106590270996, 0.2379356324672699, 0.550000011920929], 262: [-1.0707106590270996, -5.960464477539063e-08, 0.550000011920929], 263: [-1.0707106590270996, -0.23793575167655945, 0.550000011920929], 264: [-1.0707106590270996, -0.4758714437484741, 0.550000011920929], 265: [-1.0707106590270996, -0.7138071656227112, 0.550000011920929], 266: [-1.0353553295135498, 0.9203158617019653, 0.5], 267: [-1.0353553295135498, 0.6902368664741516, 0.5], 268: [-1.0353553295135498, 0.4601579010486603, 0.5], 269: [-1.0353553295135498, 0.23007893562316895, 0.5], 270: [-1.0353553295135498, -3.725290298461914e-08, 0.5], 271: [-1.0353553295135498, -0.23007899522781372, 0.5], 272: [-1.0353553295135498, -0.46015799045562744, 0.5], 273: [-1.0353553295135498, -0.6902369260787964, 0.5], 274: [0.8888888359069824, -0.8888888359069824, 0.6000000238418579], 275: [0.8888888359069824, -0.6666666865348816, 0.6000000238418579], 276: [0.8888888359069824, -0.444444477558136, 0.6000000238418579], 277: [0.8888888359069824, -0.2222222238779068, 0.6000000238418579], 278: [0.8888888359069824, 1.4901161193847656e-08, 0.6000000238418579], 279: [0.8888888359069824, 0.222222238779068, 0.6000000238418579], 280: [0.8888888359069824, 0.444444477558136, 0.6000000238418579], 281: [0.8888888359069824, 0.6666666865348816, 0.6000000238418579], 282: [-0.6055555939674377, 0.9750000238418579, 0.32499998807907104], 283: [-0.38333332538604736, -0.9750000238418579, 0.32500001788139343], 284: [-0.6666666865348816, 0.9750000238418579, 0.20000000298023224], 285: [-0.5055555701255798, -0.9750000238418579, 0.32499998807907104], 286: [-0.9750000238418579, -0.222222238779068, 0.44999998807907104], 287: [-0.444444477558136, -0.9750000238418579, 0.20000000298023224], 288: [-0.9750000238418579, -0.28333336114883423, 0.32499998807907104], 289: [0.8888888955116272, 0.9750000238418579, 0.44999998807907104], 290: [-0.9750000238418579, -0.16111113131046295, 0.32499998807907104], 291: [0.8277778029441833, 0.9750000238418579, 0.32499998807907104], 292: [-0.9750000238418579, -0.222222238779068, 0.20000000298023224], 293: [0.949999988079071, 0.9750000238418579, 0.32499998807907104], 294: [0.9750000238418579, -0.2222222089767456, 0.44999998807907104], 295: [0.8888888955116272, 0.9750000238418579, 0.20000000298023224], 296: [0.9750000238418579, -0.16111111640930176, 0.32500001788139343], 297: [-0.444444477558136, 0.9750000238418579, 0.44999998807907104], 298: [0.8888888955116272, -0.8888888955116272, 0.0], 299: [0.8888888955116272, -0.6666666865348816, 0.0], 300: [0.8888888955116272, -0.444444477558136, 0.0], 301: [0.8888888955116272, -0.222222238779068, 0.0], 302: [0.8888888955116272, 0.0, 0.0], 303: [0.8888888955116272, 0.222222238779068, 0.0], 304: [0.8888888955116272, 0.444444477558136, 0.0], 305: [0.8888888955116272, 0.6666666865348816, 0.0], 306: [1.0, 0.6666666865348816, 0.07500000298023224], 307: [1.0, 0.444444477558136, 0.07500000298023224], 308: [1.0, 0.222222238779068, 0.07500000298023224], 309: [1.0, 1.4901161193847656e-08, 0.07500000298023224], 310: [1.0, -0.222222238779068, 0.07500000298023224], 311: [1.0, -0.444444477558136, 0.07500000298023224], 312: [1.0, -0.6666666865348816, 0.07500000298023224], 313: [1.0, -0.8888888955116272, 0.07500000298023224], 314: [-1.0, -0.6666666865348816, 0.07500000298023224], 315: [-1.0, -0.444444477558136, 0.07500000298023224], 316: [-1.0, -0.222222238779068, 0.07500000298023224], 317: [-1.0, -1.4901161193847656e-08, 0.07500000298023224], 318: [-1.0, 0.222222238779068, 0.07500000298023224], 319: [-1.0, 0.444444477558136, 0.07500000298023224], 320: [-1.0, 0.6666666865348816, 0.07500000298023224], 321: [-1.0, 0.8888888955116272, 0.07500000298023224], 322: [-0.6666666865348816, 1.0, 0.07500000298023224], 323: [-0.444444477558136, 1.0, 0.07500000298023224], 324: [-0.222222238779068, 1.0, 0.07500000298023224], 325: [-1.4901161193847656e-08, 1.0, 0.07500000298023224], 326: [0.222222238779068, 1.0, 0.07500000298023224], 327: [0.444444477558136, 1.0, 0.07500000298023224], 328: [0.6666666865348816, 1.0, 0.07500000298023224], 329: [0.8888888955116272, 1.0, 0.07500000298023224], 330: [0.6666666865348816, -1.0, 0.07500000298023224], 331: [0.444444477558136, -1.0, 0.07500000298023224], 332: [0.222222238779068, -1.0, 0.07500000298023224], 333: [1.4901161193847656e-08, -1.0, 0.07500000298023224], 334: [-0.222222238779068, -1.0, 0.07500000298023224], 335: [-0.444444477558136, -1.0, 0.07500000298023224], 336: [-0.6666666865348816, -1.0, 0.07500000298023224], 337: [-0.8888888955116272, -1.0, 0.07500000298023224], 338: [0.8888888359069824, -1.0, 0.07500000298023224], 339: [-0.8888888359069824, 1.0, 0.07500000298023224], 340: [-1.0, -0.8888888359069824, 0.07500000298023224], 341: [1.0, 0.8888888359069824, 0.07500000298023224], 342: [1.0, 0.8888888955116272, 0.17499999701976776], 343: [1.0, 0.9750000238418579, 0.32499998807907104], 344: [1.0, 0.8888888955116272, 0.4750000238418579], 345: [1.0, 0.8027778267860413, 0.32499998807907104], 346: [-1.0, -0.8888888955116272, 0.17499999701976776], 347: [-1.0, -0.9750000238418579, 0.32499998807907104], 348: [-1.0, -0.8888888955116272, 0.4750000238418579], 349: [-1.0, -0.8027778267860413, 0.32499998807907104], 350: [-0.8888888955116272, 1.0, 0.17499999701976776], 351: [-0.9750000238418579, 1.0, 0.32499998807907104], 352: [-0.8888888955116272, 1.0, 0.4750000238418579], 353: [-0.8027778267860413, 1.0, 0.32499998807907104], 354: [0.8888888955116272, -1.0, 0.17499999701976776], 355: [0.9750000238418579, -1.0, 0.32499998807907104], 356: [0.8888888955116272, -1.0, 0.4750000238418579], 357: [0.8027778267860413, -1.0, 0.32499998807907104], 358: [-0.8888888955116272, -1.0, 0.17499999701976776], 359: [-0.8027778267860413, -1.0, 0.32499998807907104], 360: [-0.8888888955116272, -1.0, 0.4750000238418579], 361: [-0.9750000238418579, -1.0, 0.32499998807907104], 362: [-0.6666666865348816, -1.0, 0.17499999701976776], 363: [-0.5805555582046509, -1.0, 0.32499998807907104], 364: [-0.6666666865348816, -1.0, 0.4750000238418579], 365: [-0.7527777552604675, -1.0, 0.32499998807907104], 366: [-0.444444477558136, -1.0, 0.17499999701976776], 367: [-0.3583333194255829, -1.0, 0.32500001788139343], 368: [-0.4444444477558136, -1.0, 0.4750000238418579], 369: [-0.5305556058883667, -1.0, 0.32499998807907104], 370: [-0.2222222238779068, -1.0, 0.17499999701976776], 371: [-0.13611111044883728, -1.0, 0.32500001788139343], 372: [-0.2222222238779068, -1.0, 0.4750000238418579], 373: [-0.3083333373069763, -1.0, 0.32499998807907104], 374: [1.210719347000122e-08, -1.0, 0.17499999701976776], 375: [0.08611113578081131, -1.0, 0.32500001788139343], 376: [1.7695128917694092e-08, -1.0, 0.4750000238418579], 377: [-0.08611109852790833, -1.0, 0.32499998807907104], 378: [0.222222238779068, -1.0, 0.17499999701976776], 379: [0.3083333373069763, -1.0, 0.32499998807907104], 380: [0.222222238779068, -1.0, 0.4750000238418579], 381: [0.13611112534999847, -1.0, 0.32499998807907104], 382: [0.4444444477558136, -1.0, 0.17499999701976776], 383: [0.5305556058883667, -1.0, 0.32500001788139343], 384: [0.444444477558136, -1.0, 0.4750000238418579], 385: [0.3583333194255829, -1.0, 0.32499998807907104], 386: [0.6666666865348816, -1.0, 0.17499999701976776], 387: [0.7527777552604675, -1.0, 0.32499998807907104], 388: [0.6666666865348816, -1.0, 0.4750000238418579], 389: [0.5805555582046509, -1.0, 0.32499998807907104], 390: [0.8888888955116272, 1.0, 0.17499999701976776], 391: [0.8027778267860413, 1.0, 0.32499998807907104], 392: [0.8888888955116272, 1.0, 0.4750000238418579], 393: [0.9750000238418579, 1.0, 0.32499998807907104], 394: [0.6666666865348816, 1.0, 0.17499999701976776], 395: [0.5805555582046509, 1.0, 0.32499998807907104], 396: [0.6666666865348816, 1.0, 0.4750000238418579], 397: [0.7527777552604675, 1.0, 0.32499998807907104], 398: [0.444444477558136, 1.0, 0.17499999701976776], 399: [0.3583333194255829, 1.0, 0.32500001788139343], 400: [0.4444444477558136, 1.0, 0.4750000238418579], 401: [0.5305556058883667, 1.0, 0.32499998807907104], 402: [0.2222222238779068, 1.0, 0.17499999701976776], 403: [0.13611111044883728, 1.0, 0.32500001788139343], 404: [0.2222222238779068, 1.0, 0.4750000238418579], 405: [0.3083333373069763, 1.0, 0.32499998807907104], 406: [-1.210719347000122e-08, 1.0, 0.17499999701976776], 407: [-0.08611113578081131, 1.0, 0.32500001788139343], 408: [-1.7695128917694092e-08, 1.0, 0.4750000238418579], 409: [0.08611109852790833, 1.0, 0.32499998807907104], 410: [-0.222222238779068, 1.0, 0.17499999701976776], 411: [-0.3083333373069763, 1.0, 0.32499998807907104], 412: [-0.222222238779068, 1.0, 0.4750000238418579], 413: [-0.13611112534999847, 1.0, 0.32499998807907104], 414: [-0.4444444477558136, 1.0, 0.17499999701976776], 415: [-0.5305556058883667, 1.0, 0.32500001788139343], 416: [-0.444444477558136, 1.0, 0.4750000238418579], 417: [-0.3583333194255829, 1.0, 0.32499998807907104], 418: [-0.6666666865348816, 1.0, 0.17499999701976776], 419: [-0.7527777552604675, 1.0, 0.32499998807907104], 420: [-0.6666666865348816, 1.0, 0.4750000238418579], 421: [-0.5805555582046509, 1.0, 0.32499998807907104], 422: [-1.0, 0.8888888955116272, 0.17499999701976776], 423: [-1.0, 0.8027778267860413, 0.32499998807907104], 424: [-1.0, 0.8888888955116272, 0.4750000238418579], 425: [-1.0, 0.9750000238418579, 0.32499998807907104], 426: [-1.0, 0.6666666865348816, 0.17499999701976776], 427: [-1.0, 0.5805555582046509, 0.32499998807907104], 428: [-1.0, 0.6666666865348816, 0.4750000238418579], 429: [-1.0, 0.7527777552604675, 0.32499998807907104], 430: [-1.0, 0.444444477558136, 0.17499999701976776], 431: [-1.0, 0.3583333194255829, 0.32500001788139343], 432: [-1.0, 0.4444444477558136, 0.4750000238418579], 433: [-1.0, 0.5305556058883667, 0.32499998807907104], 434: [-1.0, 0.2222222238779068, 0.17499999701976776], 435: [-1.0, 0.13611111044883728, 0.32500001788139343], 436: [-1.0, 0.2222222238779068, 0.4750000238418579], 437: [-1.0, 0.3083333373069763, 0.32499998807907104], 438: [-1.0, -1.210719347000122e-08, 0.17499999701976776], 439: [-1.0, -0.08611113578081131, 0.32500001788139343], 440: [-1.0, -1.7695128917694092e-08, 0.4750000238418579], 441: [-1.0, 0.08611109852790833, 0.32499998807907104], 442: [-1.0, -0.222222238779068, 0.17499999701976776], 443: [-1.0, -0.3083333373069763, 0.32499998807907104], 444: [-1.0, -0.222222238779068, 0.4750000238418579], 445: [-1.0, -0.13611112534999847, 0.32499998807907104], 446: [-1.0, -0.4444444477558136, 0.17499999701976776], 447: [-1.0, -0.5305556058883667, 0.32500001788139343], 448: [-1.0, -0.444444477558136, 0.4750000238418579], 449: [-1.0, -0.3583333194255829, 0.32499998807907104], 450: [-1.0, -0.6666666865348816, 0.17499999701976776], 451: [-1.0, -0.7527777552604675, 0.32499998807907104], 452: [-1.0, -0.6666666865348816, 0.4750000238418579], 453: [-1.0, -0.5805555582046509, 0.32499998807907104], 454: [1.0, -0.8888888955116272, 0.17499999701976776], 455: [1.0, -0.8027778267860413, 0.32499998807907104], 456: [1.0, -0.8888888955116272, 0.4750000238418579], 457: [1.0, -0.9750000238418579, 0.32499998807907104], 458: [1.0, -0.6666666865348816, 0.17499999701976776], 459: [1.0, -0.5805555582046509, 0.32499998807907104], 460: [1.0, -0.6666666865348816, 0.4750000238418579], 461: [1.0, -0.7527777552604675, 0.32499998807907104], 462: [1.0, -0.444444477558136, 0.17499999701976776], 463: [1.0, -0.3583333194255829, 0.32500001788139343], 464: [1.0, -0.4444444477558136, 0.4750000238418579], 465: [1.0, -0.5305556058883667, 0.32499998807907104], 466: [1.0, -0.2222222238779068, 0.17499999701976776], 467: [1.0, -0.13611111044883728, 0.32500001788139343], 468: [1.0, -0.2222222238779068, 0.4750000238418579], 469: [1.0, -0.3083333373069763, 0.32499998807907104], 470: [1.0, 1.210719347000122e-08, 0.17499999701976776], 471: [1.0, 0.08611113578081131, 0.32500001788139343], 472: [1.0, 1.7695128917694092e-08, 0.4750000238418579], 473: [1.0, -0.08611109852790833, 0.32499998807907104], 474: [1.0, 0.222222238779068, 0.17499999701976776], 475: [1.0, 0.3083333373069763, 0.32499998807907104], 476: [1.0, 0.222222238779068, 0.4750000238418579], 477: [1.0, 0.13611112534999847, 0.32499998807907104], 478: [1.0, 0.4444444477558136, 0.17499999701976776], 479: [1.0, 0.5305556058883667, 0.32500001788139343], 480: [1.0, 0.444444477558136, 0.4750000238418579], 481: [1.0, 0.3583333194255829, 0.32499998807907104], 482: [1.0, 0.6666666865348816, 0.17499999701976776], 483: [1.0, 0.7527777552604675, 0.32499998807907104], 484: [1.0, 0.6666666865348816, 0.4750000238418579], 485: [1.0, 0.5805555582046509, 0.32499998807907104], 486: [0.949999988079071, 0.8888888955116272, 0.32499998807907104], 487: [-0.949999988079071, -0.8888888955116272, 0.32499998807907104], 488: [-0.8888888955116272, 0.949999988079071, 0.32499998807907104], 489: [0.8888888955116272, -0.949999988079071, 0.32499998807907104], 490: [-0.8888888955116272, -0.949999988079071, 0.32499998807907104], 491: [-0.6666666865348816, -0.949999988079071, 0.32499998807907104], 492: [-0.444444477558136, -0.949999988079071, 0.32499998807907104], 493: [-0.222222238779068, -0.949999988079071, 0.32499998807907104], 494: [1.4901161193847656e-08, -0.949999988079071, 0.32499998807907104], 495: [0.222222238779068, -0.949999988079071, 0.32499998807907104], 496: [0.4444444477558136, -0.949999988079071, 0.32499998807907104], 497: [0.6666666865348816, -0.949999988079071, 0.32499998807907104], 498: [0.8888888955116272, 0.949999988079071, 0.32499998807907104], 499: [0.6666666865348816, 0.949999988079071, 0.32499998807907104], 500: [0.444444477558136, 0.949999988079071, 0.32499998807907104], 501: [0.222222238779068, 0.949999988079071, 0.32499998807907104], 502: [-1.4901161193847656e-08, 0.949999988079071, 0.32499998807907104], 503: [-0.222222238779068, 0.949999988079071, 0.32499998807907104], 504: [-0.4444444477558136, 0.949999988079071, 0.32499998807907104], 505: [-0.6666666865348816, 0.949999988079071, 0.32499998807907104], 506: [-0.949999988079071, 0.8888888955116272, 0.32499998807907104], 507: [-0.949999988079071, 0.6666666865348816, 0.32499998807907104], 508: [-0.949999988079071, 0.444444477558136, 0.32499998807907104], 509: [-0.949999988079071, 0.222222238779068, 0.32499998807907104], 510: [-0.949999988079071, -1.4901161193847656e-08, 0.32499998807907104], 511: [-0.949999988079071, -0.222222238779068, 0.32499998807907104], 512: [-0.949999988079071, -0.4444444477558136, 0.32499998807907104], 513: [-0.949999988079071, -0.6666666865348816, 0.32499998807907104], 514: [0.949999988079071, -0.8888888955116272, 0.32499998807907104], 515: [0.949999988079071, -0.6666666865348816, 0.32499998807907104], 516: [0.949999988079071, -0.444444477558136, 0.32499998807907104], 517: [0.949999988079071, -0.222222238779068, 0.32499998807907104], 518: [0.949999988079071, 1.4901161193847656e-08, 0.32499998807907104], 519: [0.949999988079071, 0.222222238779068, 0.32499998807907104], 520: [0.949999988079071, 0.4444444477558136, 0.32499998807907104], 521: [0.949999988079071, 0.6666666865348816, 0.32499998807907104], 522: [-0.28333336114883423, -0.9750000238418579, 0.32499998807907104], 523: [-0.9750000238418579, 0.8888888955116272, 0.20000000298023224], 524: [-0.16111111640930176, -0.9750000238418579, 0.32500001788139343], 525: [-0.9750000238418579, 0.949999988079071, 0.32499998807907104], 526: [0.9750000238418579, 0.222222238779068, 0.20000000298023224], 527: [-0.2222222089767456, -0.9750000238418579, 0.44999998807907104], 528: [-0.9750000238418579, 0.8277778029441833, 0.32499998807907104], 529: [0.9750000238418579, 0.16111113131046295, 0.32499998807907104], 530: [-0.9750000238418579, -0.8888888955116272, 0.20000000298023224], 531: [-0.9750000238418579, 0.8888888955116272, 0.44999998807907104], 532: [0.9750000238418579, 0.28333336114883423, 0.32499998807907104], 533: [-0.9750000238418579, -0.8277778029441833, 0.32499998807907104], 534: [0.444444477558136, 0.9750000238418579, 0.20000000298023224], 535: [0.9750000238418579, 0.222222238779068, 0.44999998807907104], 536: [-0.9750000238418579, -0.949999988079071, 0.32499998807907104], 537: [0.5055555701255798, 0.9750000238418579, 0.32499998807907104], 538: [-0.9750000238418579, -0.6666666865348816, 0.20000000298023224], 539: [-0.9750000238418579, -0.8888888955116272, 0.44999998807907104], 540: [0.38333332538604736, 0.9750000238418579, 0.32500001788139343], 541: [-0.9750000238418579, -0.6055555939674377, 0.32499998807907104], 542: [0.4444444477558136, 0.9750000238418579, 0.44999998807907104], 543: [-0.9750000238418579, -0.7277777791023254, 0.32499998807907104], 544: [9.313225746154785e-09, -0.9750000238418579, 0.20000000298023224], 545: [-0.9750000238418579, -0.6666666865348816, 0.44999998807907104], 546: [-0.061111100018024445, -0.9750000238418579, 0.32499998807907104], 547: [-0.9750000238418579, 0.6666666865348816, 0.20000000298023224], 548: [0.06111112982034683, -0.9750000238418579, 0.32500001788139343], 549: [-0.9750000238418579, 0.7277777791023254, 0.32499998807907104], 550: [0.9750000238418579, 0.4444444477558136, 0.20000000298023224], 551: [2.0489096641540527e-08, -0.9750000238418579, 0.44999998807907104], 552: [-0.9750000238418579, 0.6055555939674377, 0.32499998807907104], 553: [0.9750000238418579, 0.38333332538604736, 0.32499998807907104], 554: [-0.8888888955116272, 0.9750000238418579, 0.20000000298023224], 555: [-0.9750000238418579, 0.6666666865348816, 0.44999998807907104], 556: [0.9750000238418579, 0.5055555701255798, 0.32500001788139343], 557: [-0.8277778029441833, 0.9750000238418579, 0.32499998807907104], 558: [0.222222238779068, 0.9750000238418579, 0.20000000298023224], 559: [0.9750000238418579, 0.444444477558136, 0.44999998807907104], 560: [-0.949999988079071, 0.9750000238418579, 0.32499998807907104], 561: [0.28333336114883423, 0.9750000238418579, 0.32499998807907104], 562: [0.9750000238418579, -0.8888888955116272, 0.20000000298023224], 563: [-0.8888888955116272, 0.9750000238418579, 0.44999998807907104], 564: [0.16111111640930176, 0.9750000238418579, 0.32500001788139343], 565: [0.9750000238418579, -0.949999988079071, 0.32499998807907104], 566: [0.2222222089767456, 0.9750000238418579, 0.44999998807907104], 567: [0.9750000238418579, -0.8277778029441833, 0.32499998807907104], 568: [0.222222238779068, -0.9750000238418579, 0.20000000298023224], 569: [0.9750000238418579, -0.8888888955116272, 0.44999998807907104], 570: [0.16111113131046295, -0.9750000238418579, 0.32499998807907104], 571: [-0.9750000238418579, 0.444444477558136, 0.20000000298023224], 572: [0.28333336114883423, -0.9750000238418579, 0.32499998807907104], 573: [-0.9750000238418579, 0.5055555701255798, 0.32499998807907104], 574: [0.9750000238418579, 0.6666666865348816, 0.20000000298023224], 575: [0.222222238779068, -0.9750000238418579, 0.44999998807907104], 576: [-0.9750000238418579, 0.38333332538604736, 0.32500001788139343], 577: [0.9750000238418579, 0.6055555939674377, 0.32499998807907104], 578: [0.8888888955116272, -0.9750000238418579, 0.20000000298023224], 579: [-0.9750000238418579, 0.4444444477558136, 0.44999998807907104], 580: [0.9750000238418579, 0.7277777791023254, 0.32499998807907104], 581: [0.8277778029441833, -0.9750000238418579, 0.32499998807907104], 582: [-9.313225746154785e-09, 0.9750000238418579, 0.20000000298023224], 583: [0.9750000238418579, 0.6666666865348816, 0.44999998807907104], 584: [0.949999988079071, -0.9750000238418579, 0.32499998807907104], 585: [0.061111100018024445, 0.9750000238418579, 0.32499998807907104], 586: [0.9750000238418579, -0.6666666865348816, 0.20000000298023224], 587: [0.8888888955116272, -0.9750000238418579, 0.44999998807907104], 588: [-0.06111112982034683, 0.9750000238418579, 0.32500001788139343], 589: [0.9750000238418579, -0.7277777791023254, 0.32499998807907104], 590: [-2.0489096641540527e-08, 0.9750000238418579, 0.44999998807907104], 591: [0.9750000238418579, -0.6055555939674377, 0.32499998807907104], 592: [0.4444444477558136, -0.9750000238418579, 0.20000000298023224], 593: [0.9750000238418579, -0.6666666865348816, 0.44999998807907104], 594: [0.38333332538604736, -0.9750000238418579, 0.32499998807907104], 595: [-0.9750000238418579, 0.222222238779068, 0.20000000298023224], 596: [0.5055555701255798, -0.9750000238418579, 0.32500001788139343], 597: [-0.9750000238418579, 0.28333336114883423, 0.32499998807907104], 598: [0.444444477558136, -0.9750000238418579, 0.44999998807907104], 599: [-0.9750000238418579, 0.16111111640930176, 0.32500001788139343], 600: [-0.8888888955116272, -0.9750000238418579, 0.20000000298023224], 601: [-0.9750000238418579, 0.2222222089767456, 0.44999998807907104], 602: [-0.949999988079071, -0.9750000238418579, 0.32499998807907104], 603: [-0.222222238779068, 0.9750000238418579, 0.20000000298023224], 604: [-0.8277778029441833, -0.9750000238418579, 0.32499998807907104], 605: [-0.16111113131046295, 0.9750000238418579, 0.32499998807907104], 606: [0.9750000238418579, -0.444444477558136, 0.20000000298023224], 607: [-0.8888888955116272, -0.9750000238418579, 0.44999998807907104], 608: [-0.28333336114883423, 0.9750000238418579, 0.32499998807907104], 609: [0.9750000238418579, -0.5055555701255798, 0.32499998807907104], 610: [-0.222222238779068, 0.9750000238418579, 0.44999998807907104], 611: [0.9750000238418579, -0.38333332538604736, 0.32500001788139343], 612: [0.6666666865348816, -0.9750000238418579, 0.20000000298023224], 613: [0.9750000238418579, -0.4444444477558136, 0.44999998807907104], 614: [0.6055555939674377, -0.9750000238418579, 0.32499998807907104], 615: [-0.9750000238418579, -9.313225746154785e-09, 0.20000000298023224], 616: [0.7277777791023254, -0.9750000238418579, 0.32499998807907104], 617: [-0.9750000238418579, 0.061111100018024445, 0.32499998807907104], 618: [0.6666666865348816, -0.9750000238418579, 0.44999998807907104], 619: [-0.9750000238418579, -0.06111112982034683, 0.32500001788139343], 620: [-0.6666666865348816, -0.9750000238418579, 0.20000000298023224], 621: [-0.9750000238418579, -2.0489096641540527e-08, 0.44999998807907104], 622: [-0.7277777791023254, -0.9750000238418579, 0.32499998807907104], 623: [-0.4444444477558136, 0.9750000238418579, 0.20000000298023224], 624: [-0.6055555939674377, -0.9750000238418579, 0.32499998807907104], 625: [-0.38333332538604736, 0.9750000238418579, 0.32499998807907104], 626: [0.9750000238418579, -0.222222238779068, 0.20000000298023224], 627: [-0.6666666865348816, -0.9750000238418579, 0.44999998807907104], 628: [-0.5055555701255798, 0.9750000238418579, 0.32500001788139343], 629: [0.9750000238418579, -0.28333336114883423, 0.32499998807907104]}, 'editMode': True}, 'Plane.001', {'tolerance': 10}]
['Toggle Edit Mode', {'editMode': False}, 'Plane.001', {'tolerance': 10}]
[' bpy context space_data', {'context': "'MODIFIER'", 'editMode': False}, 'Plane.001', {'tolerance': 10}]
['Add Modifier', {'type': 'ARRAY', 'editMode': False}, 'Plane.001', {'tolerance': 10}]
[' bpy context object modifiers', {'group': 'Array', 'subgroup': 0, 'relative_offset_displace': '0', 'editMode': False}, 'Plane.001', {'tolerance': 10}]
[' bpy context object modifiers', {'group': 'Array', 'subgroup': 2, 'relative_offset_displace': '1', 'editMode': False}, 'Plane.001', {'tolerance': 10}]
[' bpy context object modifiers', {'group': 'Array', 'count': '15', 'editMode': False}, 'Plane.001', {'tolerance': 10}]
