['(De)select All', {'action': 'SELECT', 'selectedObjs': ['Cube', 'Light', 'Camera'], 'editMode': False}, 'Cube', {'tolerance': 10}]
['', {'align': 'WORLD', 'location': (0, 0, 0), 'editMode': False}, 'Gem', {'tolerance': 10}]
['', {'action': 'DESELECT', 'editMode': False}, 'Gem', {'tolerance': 10}]
['Add UV Sphere', {'radius': 1, 'enter_editmode': False, 'editMode': False}, 'Sphere', {'tolerance': 10}]
['Add UV Sphere', {'action': 'DESELECT', 'editMode': False}, 'Sphere', {'tolerance': 10}]
['Add UV Sphere', {'segments': 8, 'radius': 1, 'editMode': False}, 'Sphere', {'tolerance': 10}]
['Add UV Sphere', {'segments': 8, 'ring_count': 4, 'editMode': False}, 'Sphere', {'tolerance': 10}]
['Toggle Edit Mode', {'deletedVertices': [26, 27, 28, 29, 30, 31, 32, 33, 34, 35, 36, 37, 38, 39, 40, 41, 42, 43, 44, 45, 46, 47, 48, 49, 50, 51, 52, 53, 54, 55, 56, 57, 58, 59, 60, 61, 62, 63, 64, 65, 66, 67, 68, 69, 70, 71, 72, 73, 74, 75, 76, 77, 78, 79, 80, 81, 82, 83, 84, 85, 86, 87, 88, 89, 90, 91, 92, 93, 94, 95, 96, 97, 98, 99, 100, 101, 102, 103, 104, 105, 106, 107, 108, 109, 110, 111, 112, 113, 114, 115, 116, 117, 118, 119, 120, 121, 122, 123, 124, 125, 126, 127, 128, 129, 130, 131, 132, 133, 134, 135, 136, 137, 138, 139, 140, 141, 142, 143, 144, 145, 146, 147, 148, 149, 150, 151, 152, 153, 154, 155, 156, 157, 158, 159, 160, 161, 162, 163, 164, 165, 166, 167, 168, 169, 170, 171, 172, 173, 174, 175, 176, 177, 178, 179, 180, 181, 182, 183, 184, 185, 186, 187, 188, 189, 190, 191, 192, 193, 194, 195, 196, 197, 198, 199, 200, 201, 202, 203, 204, 205, 206, 207, 208, 209, 210, 211, 212, 213, 214, 215, 216, 217, 218, 219, 220, 221, 222, 223, 224, 225, 226, 227, 228, 229, 230, 231, 232, 233, 234, 235, 236, 237, 238, 239, 240, 241, 242, 243, 244, 245, 246, 247, 248, 249, 250, 251, 252, 253, 254, 255, 256, 257, 258, 259, 260, 261, 262, 263, 264, 265, 266, 267, 268, 269, 270, 271, 272, 273, 274, 275, 276, 277, 278, 279, 280, 281, 282, 283, 284, 285, 286, 287, 288, 289, 290, 291, 292, 293, 294, 295, 296, 297, 298, 299, 300, 301, 302, 303, 304, 305, 306, 307, 308, 309, 310, 311, 312, 313, 314, 315, 316, 317, 318, 319, 320, 321, 322, 323, 324, 325, 326, 327, 328, 329, 330, 331, 332, 333, 334, 335, 336, 337, 338, 339, 340, 341, 342, 343, 344, 345, 346, 347, 348, 349, 350, 351, 352, 353, 354, 355, 356, 357, 358, 359, 360, 361, 362, 363, 364, 365, 366, 367, 368, 369, 370, 371, 372, 373, 374, 375, 376, 377, 378, 379, 380, 381, 382, 383, 384, 385, 386, 387, 388, 389, 390, 391, 392, 393, 394, 395, 396, 397, 398, 399, 400, 401, 402, 403, 404, 405, 406, 407, 408, 409, 410, 411, 412, 413, 414, 415, 416, 417, 418, 419, 420, 421, 422, 423, 424, 425, 426, 427, 428, 429, 430, 431, 432, 433, 434, 435, 436, 437, 438, 439, 440, 441, 442, 443, 444, 445, 446, 447, 448, 449, 450, 451, 452, 453, 454, 455, 456, 457, 458, 459, 460, 461, 462, 463, 464, 465, 466, 467, 468, 469, 470, 471, 472, 473, 474, 475, 476, 477, 478, 479, 480, 481], 'deletedFaces': [32, 33, 34, 35, 36, 37, 38, 39, 40, 41, 42, 43, 44, 45, 46, 47, 48, 49, 50, 51, 52, 53, 54, 55, 56, 57, 58, 59, 60, 61, 62, 63, 64, 65, 66, 67, 68, 69, 70, 71, 72, 73, 74, 75, 76, 77, 78, 79, 80, 81, 82, 83, 84, 85, 86, 87, 88, 89, 90, 91, 92, 93, 94, 95, 96, 97, 98, 99, 100, 101, 102, 103, 104, 105, 106, 107, 108, 109, 110, 111, 112, 113, 114, 115, 116, 117, 118, 119, 120, 121, 122, 123, 124, 125, 126, 127, 128, 129, 130, 131, 132, 133, 134, 135, 136, 137, 138, 139, 140, 141, 142, 143, 144, 145, 146, 147, 148, 149, 150, 151, 152, 153, 154, 155, 156, 157, 158, 159, 160, 161, 162, 163, 164, 165, 166, 167, 168, 169, 170, 171, 172, 173, 174, 175, 176, 177, 178, 179, 180, 181, 182, 183, 184, 185, 186, 187, 188, 189, 190, 191, 192, 193, 194, 195, 196, 197, 198, 199, 200, 201, 202, 203, 204, 205, 206, 207, 208, 209, 210, 211, 212, 213, 214, 215, 216, 217, 218, 219, 220, 221, 222, 223, 224, 225, 226, 227, 228, 229, 230, 231, 232, 233, 234, 235, 236, 237, 238, 239, 240, 241, 242, 243, 244, 245, 246, 247, 248, 249, 250, 251, 252, 253, 254, 255, 256, 257, 258, 259, 260, 261, 262, 263, 264, 265, 266, 267, 268, 269, 270, 271, 272, 273, 274, 275, 276, 277, 278, 279, 280, 281, 282, 283, 284, 285, 286, 287, 288, 289, 290, 291, 292, 293, 294, 295, 296, 297, 298, 299, 300, 301, 302, 303, 304, 305, 306, 307, 308, 309, 310, 311, 312, 313, 314, 315, 316, 317, 318, 319, 320, 321, 322, 323, 324, 325, 326, 327, 328, 329, 330, 331, 332, 333, 334, 335, 336, 337, 338, 339, 340, 341, 342, 343, 344, 345, 346, 347, 348, 349, 350, 351, 352, 353, 354, 355, 356, 357, 358, 359, 360, 361, 362, 363, 364, 365, 366, 367, 368, 369, 370, 371, 372, 373, 374, 375, 376, 377, 378, 379, 380, 381, 382, 383, 384, 385, 386, 387, 388, 389, 390, 391, 392, 393, 394, 395, 396, 397, 398, 399, 400, 401, 402, 403, 404, 405, 406, 407, 408, 409, 410, 411, 412, 413, 414, 415, 416, 417, 418, 419, 420, 421, 422, 423, 424, 425, 426, 427, 428, 429, 430, 431, 432, 433, 434, 435, 436, 437, 438, 439, 440, 441, 442, 443, 444, 445, 446, 447, 448, 449, 450, 451, 452, 453, 454, 455, 456, 457, 458, 459, 460, 461, 462, 463, 464, 465, 466, 467, 468, 469, 470, 471, 472, 473, 474, 475, 476, 477, 478, 479, 480, 481, 482, 483, 484, 485, 486, 487, 488, 489, 490, 491, 492, 493, 494, 495, 496, 497, 498, 499, 500, 501, 502, 503, 504, 505, 506, 507, 508, 509, 510, 511], 'vertices': {0: [0.4999999701976776, 0.4999999701976776, 0.7071067690849304], 1: [0.7071067690849304, 0.7071067690849304, 0.0], 2: [0.4999999701976776, 0.4999999701976776, -0.7071067690849304], 3: [0.7071067094802856, 0.0, 0.7071067690849304], 4: [0.9999999403953552, 0.0, 0.0], 5: [0.7071067094802856, 0.0, -0.7071067690849304], 6: [0.4999999403953552, -0.4999999403953552, 0.7071067690849304], 7: [0.7071067094802856, -0.7071067094802856, 0.0], 8: [0.4999999403953552, -0.4999999403953552, -0.7071067690849304], 9: [0.0, -0.7071067094802856, 0.7071067690849304], 10: [0.0, -0.9999998807907104, 0.0], 11: [0.0, -0.7071067094802856, -0.7071067690849304], 12: [-0.4999999403953552, -0.4999999403953552, 0.7071067690849304], 13: [-0.7071067094802856, -0.7071067094802856, 0.0], 14: [-0.4999999403953552, -0.4999999403953552, -0.7071067690849304], 15: [0.0, 0.0, -1.0], 16: [-0.7071067094802856, 0.0, 0.7071067690849304], 17: [-0.9999998807907104, 0.0, 0.0], 18: [-0.7071067094802856, 0.0, -0.7071067690849304], 19: [-0.4999999403953552, 0.4999999403953552, 0.7071067690849304], 20: [-0.7071067094802856, 0.7071067094802856, 0.0], 21: [-0.4999999403953552, 0.4999999403953552, -0.7071067690849304], 22: [0.0, 0.0, 1.0], 23: [0.0, 0.7071067094802856, 0.7071067690849304], 24: [0.0, 0.9999998807907104, 0.0], 25: [0.0, 0.7071067094802856, -0.7071067690849304]}, 'faces': {0: [0.3017766773700714, 0.7285533547401428, 0.3535533845424652], 1: [0.3017766773700714, 0.7285533547401428, -0.3535533845424652], 2: [0.1666666567325592, 0.4023689031600952, 0.80473792552948], 3: [0.1666666567325592, 0.4023689031600952, -0.80473792552948], 4: [0.728553295135498, 0.3017766773700714, -0.3535533845424652], 5: [0.4023689031600952, 0.1666666567325592, 0.80473792552948], 6: [0.4023689031600952, 0.1666666567325592, -0.80473792552948], 7: [0.7285533547401428, 0.3017766773700714, 0.3535533845424652], 8: [0.728553295135498, -0.301776647567749, -0.3535533845424652], 9: [0.4023688733577728, -0.1666666567325592, 0.80473792552948], 10: [0.4023688733577728, -0.1666666567325592, -0.80473792552948], 11: [0.728553295135498, -0.301776647567749, 0.3535533845424652], 12: [0.301776647567749, -0.728553295135498, 0.3535533845424652], 13: [0.301776647567749, -0.728553295135498, -0.3535533845424652], 14: [0.1666666567325592, -0.4023688733577728, 0.80473792552948], 15: [0.1666666567325592, -0.4023688733577728, -0.80473792552948], 16: [-0.1666666567325592, -0.4023688733577728, -0.80473792552948], 17: [-0.301776647567749, -0.728553295135498, 0.3535533845424652], 18: [-0.301776647567749, -0.728553295135498, -0.3535533845424652], 19: [-0.1666666567325592, -0.4023688733577728, 0.80473792552948], 20: [-0.4023688733577728, -0.1666666567325592, -0.80473792552948], 21: [-0.728553295135498, -0.301776647567749, 0.3535533845424652], 22: [-0.728553295135498, -0.301776647567749, -0.3535533845424652], 23: [-0.4023688733577728, -0.1666666567325592, 0.80473792552948], 24: [-0.4023688733577728, 0.1666666567325592, -0.80473792552948], 25: [-0.728553295135498, 0.301776647567749, 0.3535533845424652], 26: [-0.728553295135498, 0.301776647567749, -0.3535533845424652], 27: [-0.4023688733577728, 0.1666666567325592, 0.80473792552948], 28: [-0.1666666567325592, 0.4023688733577728, -0.80473792552948], 29: [-0.301776647567749, 0.728553295135498, 0.3535533845424652], 30: [-0.301776647567749, 0.728553295135498, -0.3535533845424652], 31: [-0.1666666567325592, 0.4023688733577728, 0.80473792552948]}, 'editMode': True}, 'Sphere', {'tolerance': 10}]
['Resize', {'value': (0.12, 0.12, 0.12), 'orient_type': 'GLOBAL', 'selectedVertices': [0, 1, 2, 3, 4, 5, 6, 7, 8, 9, 10, 11, 12, 13, 14, 15, 16, 17, 18, 19, 20, 21, 22, 23, 24, 25], 'vertices': {0: [0.06000000238418579, 0.06000000238418579, 0.08485281467437744], 1: [0.08485281467437744, 0.08485281467437744, 0.0], 2: [0.06000000238418579, 0.06000000238418579, -0.08485281467437744], 3: [0.08485281467437744, 4.034776068806423e-09, 0.08485281467437744], 4: [0.12000000476837158, 4.034776068806423e-09, 0.0], 5: [0.08485281467437744, 4.034776068806423e-09, -0.08485281467437744], 6: [0.06000000238418579, -0.06000000238418579, 0.08485281467437744], 7: [0.08485281467437744, -0.08485281467437744, 0.0], 8: [0.06000000238418579, -0.06000000238418579, -0.08485281467437744], 9: [1.4121717129000899e-08, -0.08485281467437744, 0.08485281467437744], 10: [1.4121717129000899e-08, -0.12000000476837158, 0.0], 11: [1.4121717129000899e-08, -0.08485281467437744, -0.08485281467437744], 12: [-0.0599999725818634, -0.06000000238418579, 0.08485281467437744], 13: [-0.08485281467437744, -0.08485281467437744, 0.0], 14: [-0.0599999725818634, -0.06000000238418579, -0.08485281467437744], 15: [1.4121717129000899e-08, 4.034776068806423e-09, -0.12000000476837158], 16: [-0.08485281467437744, 4.034776068806423e-09, 0.08485281467437744], 17: [-0.1199999451637268, 4.034776068806423e-09, 0.0], 18: [-0.08485281467437744, 4.034776068806423e-09, -0.08485281467437744], 19: [-0.0599999725818634, 0.06000000238418579, 0.08485281467437744], 20: [-0.08485281467437744, 0.08485281467437744, 0.0], 21: [-0.0599999725818634, 0.06000000238418579, -0.08485281467437744], 22: [1.4121717129000899e-08, 4.034776068806423e-09, 0.12000000476837158], 23: [1.4121717129000899e-08, 0.08485281467437744, 0.08485281467437744], 24: [1.4121717129000899e-08, 0.12000000476837158, 0.0], 25: [1.4121717129000899e-08, 0.08485281467437744, -0.08485281467437744]}, 'faces': {0: [0.036213211715221405, 0.08742640912532806, 0.04242640733718872], 1: [0.036213211715221405, 0.08742640912532806, -0.04242640733718872], 2: [0.02000001072883606, 0.048284273594617844, 0.09656854718923569], 3: [0.02000001072883606, 0.048284273594617844, -0.09656854718923569], 4: [0.08742640912532806, 0.03621320426464081, -0.04242640733718872], 5: [0.04828427731990814, 0.020000003278255463, 0.09656854718923569], 6: [0.04828427731990814, 0.020000003278255463, -0.09656854718923569], 7: [0.08742640912532806, 0.03621320426464081, 0.04242640733718872], 8: [0.08742640912532806, -0.03621320426464081, -0.04242640733718872], 9: [0.04828427731990814, -0.019999999552965164, 0.09656854718923569], 10: [0.04828427731990814, -0.019999999552965164, -0.09656854718923569], 11: [0.08742640912532806, -0.03621320426464081, 0.04242640733718872], 12: [0.036213211715221405, -0.08742640912532806, 0.04242640733718872], 13: [0.036213211715221405, -0.08742640912532806, -0.04242640733718872], 14: [0.02000001072883606, -0.048284273594617844, 0.09656854718923569], 15: [0.02000001072883606, -0.048284273594617844, -0.09656854718923569], 16: [-0.019999980926513672, -0.048284273594617844, -0.09656854718923569], 17: [-0.036213189363479614, -0.08742640912532806, 0.04242640733718872], 18: [-0.036213189363479614, -0.08742640912532806, -0.04242640733718872], 19: [-0.019999980926513672, -0.048284273594617844, 0.09656854718923569], 20: [-0.04828425869345665, -0.019999999552965164, -0.09656854718923569], 21: [-0.08742638677358627, -0.03621320426464081, 0.04242640733718872], 22: [-0.08742638677358627, -0.03621320426464081, -0.04242640733718872], 23: [-0.04828425869345665, -0.019999999552965164, 0.09656854718923569], 24: [-0.04828425869345665, 0.020000003278255463, -0.09656854718923569], 25: [-0.08742638677358627, 0.03621320426464081, 0.04242640733718872], 26: [-0.08742638677358627, 0.03621320426464081, -0.04242640733718872], 27: [-0.04828425869345665, 0.020000003278255463, 0.09656854718923569], 28: [-0.019999980926513672, 0.048284273594617844, -0.09656854718923569], 29: [-0.036213189363479614, 0.08742640912532806, 0.04242640733718872], 30: [-0.036213189363479614, 0.08742640912532806, -0.04242640733718872], 31: [-0.019999980926513672, 0.048284273594617844, 0.09656854718923569]}, 'editMode': True}, 'Sphere', {'tolerance': 10}]
['Move', {'value': (1, 0, 0), 'orient_axis_ortho': 'X', 'selectedVertices': [0, 1, 2, 3, 4, 5, 6, 7, 8, 9, 10, 11, 12, 13, 14, 15, 16, 17, 18, 19, 20, 21, 22, 23, 24, 25], 'vertices': {0: [1.059999942779541, 0.06000000238418579, 0.08485281467437744], 1: [1.0848528146743774, 0.08485281467437744, 0.0], 2: [1.059999942779541, 0.06000000238418579, -0.08485281467437744], 3: [1.0848528146743774, 4.034776068806423e-09, 0.08485281467437744], 4: [1.1200000047683716, 4.034776068806423e-09, 0.0], 5: [1.0848528146743774, 4.034776068806423e-09, -0.08485281467437744], 6: [1.059999942779541, -0.06000000238418579, 0.08485281467437744], 7: [1.0848528146743774, -0.08485281467437744, 0.0], 8: [1.059999942779541, -0.06000000238418579, -0.08485281467437744], 9: [1.0, -0.08485281467437744, 0.08485281467437744], 10: [1.0, -0.12000000476837158, 0.0], 11: [1.0, -0.08485281467437744, -0.08485281467437744], 12: [0.940000057220459, -0.06000000238418579, 0.08485281467437744], 13: [0.9151471853256226, -0.08485281467437744, 0.0], 14: [0.940000057220459, -0.06000000238418579, -0.08485281467437744], 15: [1.0, 4.034776068806423e-09, -0.12000000476837158], 16: [0.9151471853256226, 4.034776068806423e-09, 0.08485281467437744], 17: [0.8800000548362732, 4.034776068806423e-09, 0.0], 18: [0.9151471853256226, 4.034776068806423e-09, -0.08485281467437744], 19: [0.940000057220459, 0.06000000238418579, 0.08485281467437744], 20: [0.9151471853256226, 0.08485281467437744, 0.0], 21: [0.940000057220459, 0.06000000238418579, -0.08485281467437744], 22: [1.0, 4.034776068806423e-09, 0.12000000476837158], 23: [1.0, 0.08485281467437744, 0.08485281467437744], 24: [1.0, 0.12000000476837158, 0.0], 25: [1.0, 0.08485281467437744, -0.08485281467437744]}, 'faces': {0: [1.0362131595611572, 0.08742640912532806, 0.04242640733718872], 1: [1.0362131595611572, 0.08742640912532806, -0.04242640733718872], 2: [1.0199999809265137, 0.048284273594617844, 0.09656854718923569], 3: [1.0199999809265137, 0.048284273594617844, -0.09656854718923569], 4: [1.0874263048171997, 0.03621320426464081, -0.04242640733718872], 5: [1.0482842922210693, 0.020000003278255463, 0.09656854718923569], 6: [1.0482842922210693, 0.020000003278255463, -0.09656854718923569], 7: [1.0874263048171997, 0.03621320426464081, 0.04242640733718872], 8: [1.0874264240264893, -0.03621320426464081, -0.04242640733718872], 9: [1.0482842922210693, -0.019999999552965164, 0.09656854718923569], 10: [1.0482842922210693, -0.019999999552965164, -0.09656854718923569], 11: [1.0874264240264893, -0.03621320426464081, 0.04242640733718872], 12: [1.0362131595611572, -0.08742640912532806, 0.04242640733718872], 13: [1.0362131595611572, -0.08742640912532806, -0.04242640733718872], 14: [1.0199999809265137, -0.048284273594617844, 0.09656854718923569], 15: [1.0199999809265137, -0.048284273594617844, -0.09656854718923569], 16: [0.9800000190734863, -0.048284273594617844, -0.09656854718923569], 17: [0.9637868404388428, -0.08742640912532806, 0.04242640733718872], 18: [0.9637868404388428, -0.08742640912532806, -0.04242640733718872], 19: [0.9800000190734863, -0.048284273594617844, 0.09656854718923569], 20: [0.9517158269882202, -0.019999999552965164, -0.09656854718923569], 21: [0.9125736355781555, -0.03621320426464081, 0.04242640733718872], 22: [0.9125735759735107, -0.03621320426464081, -0.04242640733718872], 23: [0.9517158269882202, -0.019999999552965164, 0.09656854718923569], 24: [0.9517158269882202, 0.020000003278255463, -0.09656854718923569], 25: [0.9125735759735107, 0.03621320426464081, 0.04242640733718872], 26: [0.9125735759735107, 0.03621320426464081, -0.04242640733718872], 27: [0.9517158269882202, 0.020000003278255463, 0.09656854718923569], 28: [0.9800000190734863, 0.048284273594617844, -0.09656854718923569], 29: [0.9637868404388428, 0.08742640912532806, 0.04242640733718872], 30: [0.9637868404388428, 0.08742640912532806, -0.04242640733718872], 31: [0.9800000190734863, 0.048284273594617844, 0.09656854718923569]}, 'editMode': True}, 'Sphere', {'tolerance': 10}]
[' bpy context space_data shading', {'type': "'WIREFRAME'", 'editMode': True}, 'Sphere', {'tolerance': 10}]
['Add Cube', {'size': 2, 'enter_editmode': False, 'newVertices': [26, 27, 28, 29, 30, 31, 32, 33], 'newFaces': [32, 33, 34, 35, 36, 37], 'vertices': {0: [1.059999942779541, 0.06000000238418579, 0.08485281467437744], 1: [1.0848528146743774, 0.08485281467437744, 0.0], 2: [1.059999942779541, 0.06000000238418579, -0.08485281467437744], 3: [1.0848528146743774, 4.034776068806423e-09, 0.08485281467437744], 4: [1.1200000047683716, 4.034776068806423e-09, 0.0], 5: [1.0848528146743774, 4.034776068806423e-09, -0.08485281467437744], 6: [1.059999942779541, -0.06000000238418579, 0.08485281467437744], 7: [1.0848528146743774, -0.08485281467437744, 0.0], 8: [1.059999942779541, -0.06000000238418579, -0.08485281467437744], 9: [1.0, -0.08485281467437744, 0.08485281467437744], 10: [1.0, -0.12000000476837158, 0.0], 11: [1.0, -0.08485281467437744, -0.08485281467437744], 12: [0.940000057220459, -0.06000000238418579, 0.08485281467437744], 13: [0.9151471853256226, -0.08485281467437744, 0.0], 14: [0.940000057220459, -0.06000000238418579, -0.08485281467437744], 15: [1.0, 4.034776068806423e-09, -0.12000000476837158], 16: [0.9151471853256226, 4.034776068806423e-09, 0.08485281467437744], 17: [0.8800000548362732, 4.034776068806423e-09, 0.0], 18: [0.9151471853256226, 4.034776068806423e-09, -0.08485281467437744], 19: [0.940000057220459, 0.06000000238418579, 0.08485281467437744], 20: [0.9151471853256226, 0.08485281467437744, 0.0], 21: [0.940000057220459, 0.06000000238418579, -0.08485281467437744], 22: [1.0, 4.034776068806423e-09, 0.12000000476837158], 23: [1.0, 0.08485281467437744, 0.08485281467437744], 24: [1.0, 0.12000000476837158, 0.0], 25: [1.0, 0.08485281467437744, -0.08485281467437744], 26: [-1.0, -1.0, -1.0], 27: [-1.0, -1.0, 1.0], 28: [-1.0, 1.0, -1.0], 29: [-1.0, 1.0, 1.0], 30: [1.0, -1.0, -1.0], 31: [1.0, -1.0, 1.0], 32: [1.0, 1.0, -1.0], 33: [1.0, 1.0, 1.0]}, 'faces': {0: [1.0362131595611572, 0.08742640912532806, 0.04242640733718872], 1: [1.0362131595611572, 0.08742640912532806, -0.04242640733718872], 2: [1.0199999809265137, 0.048284273594617844, 0.09656854718923569], 3: [1.0199999809265137, 0.048284273594617844, -0.09656854718923569], 4: [1.0874263048171997, 0.03621320426464081, -0.04242640733718872], 5: [1.0482842922210693, 0.020000003278255463, 0.09656854718923569], 6: [1.0482842922210693, 0.020000003278255463, -0.09656854718923569], 7: [1.0874263048171997, 0.03621320426464081, 0.04242640733718872], 8: [1.0874264240264893, -0.03621320426464081, -0.04242640733718872], 9: [1.0482842922210693, -0.019999999552965164, 0.09656854718923569], 10: [1.0482842922210693, -0.019999999552965164, -0.09656854718923569], 11: [1.0874264240264893, -0.03621320426464081, 0.04242640733718872], 12: [1.0362131595611572, -0.08742640912532806, 0.04242640733718872], 13: [1.0362131595611572, -0.08742640912532806, -0.04242640733718872], 14: [1.0199999809265137, -0.048284273594617844, 0.09656854718923569], 15: [1.0199999809265137, -0.048284273594617844, -0.09656854718923569], 16: [0.9800000190734863, -0.048284273594617844, -0.09656854718923569], 17: [0.9637868404388428, -0.08742640912532806, 0.04242640733718872], 18: [0.9637868404388428, -0.08742640912532806, -0.04242640733718872], 19: [0.9800000190734863, -0.048284273594617844, 0.09656854718923569], 20: [0.9517158269882202, -0.019999999552965164, -0.09656854718923569], 21: [0.9125736355781555, -0.03621320426464081, 0.04242640733718872], 22: [0.9125735759735107, -0.03621320426464081, -0.04242640733718872], 23: [0.9517158269882202, -0.019999999552965164, 0.09656854718923569], 24: [0.9517158269882202, 0.020000003278255463, -0.09656854718923569], 25: [0.9125735759735107, 0.03621320426464081, 0.04242640733718872], 26: [0.9125735759735107, 0.03621320426464081, -0.04242640733718872], 27: [0.9517158269882202, 0.020000003278255463, 0.09656854718923569], 28: [0.9800000190734863, 0.048284273594617844, -0.09656854718923569], 29: [0.9637868404388428, 0.08742640912532806, 0.04242640733718872], 30: [0.9637868404388428, 0.08742640912532806, -0.04242640733718872], 31: [0.9800000190734863, 0.048284273594617844, 0.09656854718923569], 32: [-1.0, 0.0, 0.0], 33: [0.0, 1.0, 0.0], 34: [1.0, 0.0, 0.0], 35: [0.0, -1.0, 0.0], 36: [0.0, 0.0, -1.0], 37: [0.0, 0.0, 1.0]}, 'editMode': True}, 'Sphere', {'tolerance': 10}]
['Resize', {'value': (0.1, 0.1, 0.1), 'orient_type': 'GLOBAL', 'selectedVertices': [26, 27, 28, 29, 30, 31, 32, 33], 'vertices': {0: [1.059999942779541, 0.06000000238418579, 0.08485281467437744], 1: [1.0848528146743774, 0.08485281467437744, 0.0], 2: [1.059999942779541, 0.06000000238418579, -0.08485281467437744], 3: [1.0848528146743774, 4.034776068806423e-09, 0.08485281467437744], 4: [1.1200000047683716, 4.034776068806423e-09, 0.0], 5: [1.0848528146743774, 4.034776068806423e-09, -0.08485281467437744], 6: [1.059999942779541, -0.06000000238418579, 0.08485281467437744], 7: [1.0848528146743774, -0.08485281467437744, 0.0], 8: [1.059999942779541, -0.06000000238418579, -0.08485281467437744], 9: [1.0, -0.08485281467437744, 0.08485281467437744], 10: [1.0, -0.12000000476837158, 0.0], 11: [1.0, -0.08485281467437744, -0.08485281467437744], 12: [0.940000057220459, -0.06000000238418579, 0.08485281467437744], 13: [0.9151471853256226, -0.08485281467437744, 0.0], 14: [0.940000057220459, -0.06000000238418579, -0.08485281467437744], 15: [1.0, 4.034776068806423e-09, -0.12000000476837158], 16: [0.9151471853256226, 4.034776068806423e-09, 0.08485281467437744], 17: [0.8800000548362732, 4.034776068806423e-09, 0.0], 18: [0.9151471853256226, 4.034776068806423e-09, -0.08485281467437744], 19: [0.940000057220459, 0.06000000238418579, 0.08485281467437744], 20: [0.9151471853256226, 0.08485281467437744, 0.0], 21: [0.940000057220459, 0.06000000238418579, -0.08485281467437744], 22: [1.0, 4.034776068806423e-09, 0.12000000476837158], 23: [1.0, 0.08485281467437744, 0.08485281467437744], 24: [1.0, 0.12000000476837158, 0.0], 25: [1.0, 0.08485281467437744, -0.08485281467437744], 26: [-0.10000002384185791, -0.10000002384185791, -0.10000002384185791], 27: [-0.10000002384185791, -0.10000002384185791, 0.10000002384185791], 28: [-0.10000002384185791, 0.10000002384185791, -0.10000002384185791], 29: [-0.10000002384185791, 0.10000002384185791, 0.10000002384185791], 30: [0.10000002384185791, -0.10000002384185791, -0.10000002384185791], 31: [0.10000002384185791, -0.10000002384185791, 0.10000002384185791], 32: [0.10000002384185791, 0.10000002384185791, -0.10000002384185791], 33: [0.10000002384185791, 0.10000002384185791, 0.10000002384185791]}, 'faces': {0: [1.0362131595611572, 0.08742640912532806, 0.04242640733718872], 1: [1.0362131595611572, 0.08742640912532806, -0.04242640733718872], 2: [1.0199999809265137, 0.048284273594617844, 0.09656854718923569], 3: [1.0199999809265137, 0.048284273594617844, -0.09656854718923569], 4: [1.0874263048171997, 0.03621320426464081, -0.04242640733718872], 5: [1.0482842922210693, 0.020000003278255463, 0.09656854718923569], 6: [1.0482842922210693, 0.020000003278255463, -0.09656854718923569], 7: [1.0874263048171997, 0.03621320426464081, 0.04242640733718872], 8: [1.0874264240264893, -0.03621320426464081, -0.04242640733718872], 9: [1.0482842922210693, -0.019999999552965164, 0.09656854718923569], 10: [1.0482842922210693, -0.019999999552965164, -0.09656854718923569], 11: [1.0874264240264893, -0.03621320426464081, 0.04242640733718872], 12: [1.0362131595611572, -0.08742640912532806, 0.04242640733718872], 13: [1.0362131595611572, -0.08742640912532806, -0.04242640733718872], 14: [1.0199999809265137, -0.048284273594617844, 0.09656854718923569], 15: [1.0199999809265137, -0.048284273594617844, -0.09656854718923569], 16: [0.9800000190734863, -0.048284273594617844, -0.09656854718923569], 17: [0.9637868404388428, -0.08742640912532806, 0.04242640733718872], 18: [0.9637868404388428, -0.08742640912532806, -0.04242640733718872], 19: [0.9800000190734863, -0.048284273594617844, 0.09656854718923569], 20: [0.9517158269882202, -0.019999999552965164, -0.09656854718923569], 21: [0.9125736355781555, -0.03621320426464081, 0.04242640733718872], 22: [0.9125735759735107, -0.03621320426464081, -0.04242640733718872], 23: [0.9517158269882202, -0.019999999552965164, 0.09656854718923569], 24: [0.9517158269882202, 0.020000003278255463, -0.09656854718923569], 25: [0.9125735759735107, 0.03621320426464081, 0.04242640733718872], 26: [0.9125735759735107, 0.03621320426464081, -0.04242640733718872], 27: [0.9517158269882202, 0.020000003278255463, 0.09656854718923569], 28: [0.9800000190734863, 0.048284273594617844, -0.09656854718923569], 29: [0.9637868404388428, 0.08742640912532806, 0.04242640733718872], 30: [0.9637868404388428, 0.08742640912532806, -0.04242640733718872], 31: [0.9800000190734863, 0.048284273594617844, 0.09656854718923569], 32: [-0.10000002384185791, 0.0, 0.0], 33: [0.0, 0.10000002384185791, 0.0], 34: [0.10000002384185791, 0.0, 0.0], 35: [0.0, -0.10000002384185791, 0.0], 36: [0.0, 0.0, -0.10000002384185791], 37: [0.0, 0.0, 0.10000002384185791]}, 'editMode': True}, 'Sphere', {'tolerance': 10}]
['Move', {'value': (1, 0, 0), 'orient_axis_ortho': 'X', 'selectedVertices': [26, 27, 28, 29, 30, 31, 32, 33], 'vertices': {0: [1.059999942779541, 0.06000000238418579, 0.08485281467437744], 1: [1.0848528146743774, 0.08485281467437744, 0.0], 2: [1.059999942779541, 0.06000000238418579, -0.08485281467437744], 3: [1.0848528146743774, 4.034776068806423e-09, 0.08485281467437744], 4: [1.1200000047683716, 4.034776068806423e-09, 0.0], 5: [1.0848528146743774, 4.034776068806423e-09, -0.08485281467437744], 6: [1.059999942779541, -0.06000000238418579, 0.08485281467437744], 7: [1.0848528146743774, -0.08485281467437744, 0.0], 8: [1.059999942779541, -0.06000000238418579, -0.08485281467437744], 9: [1.0, -0.08485281467437744, 0.08485281467437744], 10: [1.0, -0.12000000476837158, 0.0], 11: [1.0, -0.08485281467437744, -0.08485281467437744], 12: [0.940000057220459, -0.06000000238418579, 0.08485281467437744], 13: [0.9151471853256226, -0.08485281467437744, 0.0], 14: [0.940000057220459, -0.06000000238418579, -0.08485281467437744], 15: [1.0, 4.034776068806423e-09, -0.12000000476837158], 16: [0.9151471853256226, 4.034776068806423e-09, 0.08485281467437744], 17: [0.8800000548362732, 4.034776068806423e-09, 0.0], 18: [0.9151471853256226, 4.034776068806423e-09, -0.08485281467437744], 19: [0.940000057220459, 0.06000000238418579, 0.08485281467437744], 20: [0.9151471853256226, 0.08485281467437744, 0.0], 21: [0.940000057220459, 0.06000000238418579, -0.08485281467437744], 22: [1.0, 4.034776068806423e-09, 0.12000000476837158], 23: [1.0, 0.08485281467437744, 0.08485281467437744], 24: [1.0, 0.12000000476837158, 0.0], 25: [1.0, 0.08485281467437744, -0.08485281467437744], 26: [0.8999999761581421, -0.10000002384185791, -0.10000002384185791], 27: [0.8999999761581421, -0.10000002384185791, 0.10000002384185791], 28: [0.8999999761581421, 0.10000002384185791, -0.10000002384185791], 29: [0.8999999761581421, 0.10000002384185791, 0.10000002384185791], 30: [1.100000023841858, -0.10000002384185791, -0.10000002384185791], 31: [1.100000023841858, -0.10000002384185791, 0.10000002384185791], 32: [1.100000023841858, 0.10000002384185791, -0.10000002384185791], 33: [1.100000023841858, 0.10000002384185791, 0.10000002384185791]}, 'faces': {0: [1.0362131595611572, 0.08742640912532806, 0.04242640733718872], 1: [1.0362131595611572, 0.08742640912532806, -0.04242640733718872], 2: [1.0199999809265137, 0.048284273594617844, 0.09656854718923569], 3: [1.0199999809265137, 0.048284273594617844, -0.09656854718923569], 4: [1.0874263048171997, 0.03621320426464081, -0.04242640733718872], 5: [1.0482842922210693, 0.020000003278255463, 0.09656854718923569], 6: [1.0482842922210693, 0.020000003278255463, -0.09656854718923569], 7: [1.0874263048171997, 0.03621320426464081, 0.04242640733718872], 8: [1.0874264240264893, -0.03621320426464081, -0.04242640733718872], 9: [1.0482842922210693, -0.019999999552965164, 0.09656854718923569], 10: [1.0482842922210693, -0.019999999552965164, -0.09656854718923569], 11: [1.0874264240264893, -0.03621320426464081, 0.04242640733718872], 12: [1.0362131595611572, -0.08742640912532806, 0.04242640733718872], 13: [1.0362131595611572, -0.08742640912532806, -0.04242640733718872], 14: [1.0199999809265137, -0.048284273594617844, 0.09656854718923569], 15: [1.0199999809265137, -0.048284273594617844, -0.09656854718923569], 16: [0.9800000190734863, -0.048284273594617844, -0.09656854718923569], 17: [0.9637868404388428, -0.08742640912532806, 0.04242640733718872], 18: [0.9637868404388428, -0.08742640912532806, -0.04242640733718872], 19: [0.9800000190734863, -0.048284273594617844, 0.09656854718923569], 20: [0.9517158269882202, -0.019999999552965164, -0.09656854718923569], 21: [0.9125736355781555, -0.03621320426464081, 0.04242640733718872], 22: [0.9125735759735107, -0.03621320426464081, -0.04242640733718872], 23: [0.9517158269882202, -0.019999999552965164, 0.09656854718923569], 24: [0.9517158269882202, 0.020000003278255463, -0.09656854718923569], 25: [0.9125735759735107, 0.03621320426464081, 0.04242640733718872], 26: [0.9125735759735107, 0.03621320426464081, -0.04242640733718872], 27: [0.9517158269882202, 0.020000003278255463, 0.09656854718923569], 28: [0.9800000190734863, 0.048284273594617844, -0.09656854718923569], 29: [0.9637868404388428, 0.08742640912532806, 0.04242640733718872], 30: [0.9637868404388428, 0.08742640912532806, -0.04242640733718872], 31: [0.9800000190734863, 0.048284273594617844, 0.09656854718923569], 32: [0.8999999761581421, 0.0, 0.0], 33: [1.0, 0.10000002384185791, 0.0], 34: [1.100000023841858, 0.0, 0.0], 35: [1.0, -0.10000002384185791, 0.0], 36: [1.0, 0.0, -0.10000002384185791], 37: [1.0, 0.0, 0.10000002384185791]}, 'editMode': True}, 'Sphere', {'tolerance': 10}]
['Move', {'value': (0, 0, -0.1), 'orient_axis_ortho': 'X', 'selectedVertices': [26, 27, 28, 29, 30, 31, 32, 33], 'vertices': {0: [1.059999942779541, 0.06000000238418579, 0.08485281467437744], 1: [1.0848528146743774, 0.08485281467437744, 0.0], 2: [1.059999942779541, 0.06000000238418579, -0.08485281467437744], 3: [1.0848528146743774, 4.034776068806423e-09, 0.08485281467437744], 4: [1.1200000047683716, 4.034776068806423e-09, 0.0], 5: [1.0848528146743774, 4.034776068806423e-09, -0.08485281467437744], 6: [1.059999942779541, -0.06000000238418579, 0.08485281467437744], 7: [1.0848528146743774, -0.08485281467437744, 0.0], 8: [1.059999942779541, -0.06000000238418579, -0.08485281467437744], 9: [1.0, -0.08485281467437744, 0.08485281467437744], 10: [1.0, -0.12000000476837158, 0.0], 11: [1.0, -0.08485281467437744, -0.08485281467437744], 12: [0.940000057220459, -0.06000000238418579, 0.08485281467437744], 13: [0.9151471853256226, -0.08485281467437744, 0.0], 14: [0.940000057220459, -0.06000000238418579, -0.08485281467437744], 15: [1.0, 4.034776068806423e-09, -0.12000000476837158], 16: [0.9151471853256226, 4.034776068806423e-09, 0.08485281467437744], 17: [0.8800000548362732, 4.034776068806423e-09, 0.0], 18: [0.9151471853256226, 4.034776068806423e-09, -0.08485281467437744], 19: [0.940000057220459, 0.06000000238418579, 0.08485281467437744], 20: [0.9151471853256226, 0.08485281467437744, 0.0], 21: [0.940000057220459, 0.06000000238418579, -0.08485281467437744], 22: [1.0, 4.034776068806423e-09, 0.12000000476837158], 23: [1.0, 0.08485281467437744, 0.08485281467437744], 24: [1.0, 0.12000000476837158, 0.0], 25: [1.0, 0.08485281467437744, -0.08485281467437744], 26: [0.8999999761581421, -0.10000002384185791, -0.20000001788139343], 27: [0.8999999761581421, -0.10000002384185791, 2.2351741790771484e-08], 28: [0.8999999761581421, 0.10000002384185791, -0.20000001788139343], 29: [0.8999999761581421, 0.10000002384185791, 2.2351741790771484e-08], 30: [1.100000023841858, -0.10000002384185791, -0.20000001788139343], 31: [1.100000023841858, -0.10000002384185791, 2.2351741790771484e-08], 32: [1.100000023841858, 0.10000002384185791, -0.20000001788139343], 33: [1.100000023841858, 0.10000002384185791, 2.2351741790771484e-08]}, 'faces': {0: [1.0362131595611572, 0.08742640912532806, 0.04242640733718872], 1: [1.0362131595611572, 0.08742640912532806, -0.04242640733718872], 2: [1.0199999809265137, 0.048284273594617844, 0.09656854718923569], 3: [1.0199999809265137, 0.048284273594617844, -0.09656854718923569], 4: [1.0874263048171997, 0.03621320426464081, -0.04242640733718872], 5: [1.0482842922210693, 0.020000003278255463, 0.09656854718923569], 6: [1.0482842922210693, 0.020000003278255463, -0.09656854718923569], 7: [1.0874263048171997, 0.03621320426464081, 0.04242640733718872], 8: [1.0874264240264893, -0.03621320426464081, -0.04242640733718872], 9: [1.0482842922210693, -0.019999999552965164, 0.09656854718923569], 10: [1.0482842922210693, -0.019999999552965164, -0.09656854718923569], 11: [1.0874264240264893, -0.03621320426464081, 0.04242640733718872], 12: [1.0362131595611572, -0.08742640912532806, 0.04242640733718872], 13: [1.0362131595611572, -0.08742640912532806, -0.04242640733718872], 14: [1.0199999809265137, -0.048284273594617844, 0.09656854718923569], 15: [1.0199999809265137, -0.048284273594617844, -0.09656854718923569], 16: [0.9800000190734863, -0.048284273594617844, -0.09656854718923569], 17: [0.9637868404388428, -0.08742640912532806, 0.04242640733718872], 18: [0.9637868404388428, -0.08742640912532806, -0.04242640733718872], 19: [0.9800000190734863, -0.048284273594617844, 0.09656854718923569], 20: [0.9517158269882202, -0.019999999552965164, -0.09656854718923569], 21: [0.9125736355781555, -0.03621320426464081, 0.04242640733718872], 22: [0.9125735759735107, -0.03621320426464081, -0.04242640733718872], 23: [0.9517158269882202, -0.019999999552965164, 0.09656854718923569], 24: [0.9517158269882202, 0.020000003278255463, -0.09656854718923569], 25: [0.9125735759735107, 0.03621320426464081, 0.04242640733718872], 26: [0.9125735759735107, 0.03621320426464081, -0.04242640733718872], 27: [0.9517158269882202, 0.020000003278255463, 0.09656854718923569], 28: [0.9800000190734863, 0.048284273594617844, -0.09656854718923569], 29: [0.9637868404388428, 0.08742640912532806, 0.04242640733718872], 30: [0.9637868404388428, 0.08742640912532806, -0.04242640733718872], 31: [0.9800000190734863, 0.048284273594617844, 0.09656854718923569], 32: [0.8999999761581421, 0.0, -0.09999999403953552], 33: [1.0, 0.10000002384185791, -0.09999999403953552], 34: [1.100000023841858, 0.0, -0.09999999403953552], 35: [1.0, -0.10000002384185791, -0.09999999403953552], 36: [1.0, 0.0, -0.20000001788139343], 37: [1.0, 0.0, 2.2351741790771484e-08]}, 'editMode': True}, 'Sphere', {'tolerance': 10}]
['Select Mode', {'use_extend': False, 'use_expand': False, 'vertices': {0: [1.059999942779541, 0.06000000238418579, 0.08485281467437744], 1: [1.0848528146743774, 0.08485281467437744, 0.0], 2: [1.059999942779541, 0.06000000238418579, -0.08485281467437744], 3: [1.0848528146743774, 4.034776068806423e-09, 0.08485281467437744], 4: [1.1200000047683716, 4.034776068806423e-09, 0.0], 5: [1.0848528146743774, 4.034776068806423e-09, -0.08485281467437744], 6: [1.059999942779541, -0.06000000238418579, 0.08485281467437744], 7: [1.0848528146743774, -0.08485281467437744, 0.0], 8: [1.059999942779541, -0.06000000238418579, -0.08485281467437744], 9: [1.0, -0.08485281467437744, 0.08485281467437744], 10: [1.0, -0.12000000476837158, 0.0], 11: [1.0, -0.08485281467437744, -0.08485281467437744], 12: [0.940000057220459, -0.06000000238418579, 0.08485281467437744], 13: [0.9151471853256226, -0.08485281467437744, 0.0], 14: [0.940000057220459, -0.06000000238418579, -0.08485281467437744], 15: [1.0, 4.034776068806423e-09, -0.12000000476837158], 16: [0.9151471853256226, 4.034776068806423e-09, 0.08485281467437744], 17: [0.8800000548362732, 4.034776068806423e-09, 0.0], 18: [0.9151471853256226, 4.034776068806423e-09, -0.08485281467437744], 19: [0.940000057220459, 0.06000000238418579, 0.08485281467437744], 20: [0.9151471853256226, 0.08485281467437744, 0.0], 21: [0.940000057220459, 0.06000000238418579, -0.08485281467437744], 22: [1.0, 4.034776068806423e-09, 0.12000000476837158], 23: [1.0, 0.08485281467437744, 0.08485281467437744], 24: [1.0, 0.12000000476837158, 0.0], 25: [1.0, 0.08485281467437744, -0.08485281467437744], 26: [0.8999999761581421, -0.10000002384185791, -0.20000001788139343], 27: [0.8999999761581421, -0.10000002384185791, 2.2351741790771484e-08], 28: [0.8999999761581421, 0.10000002384185791, -0.20000001788139343], 29: [0.8999999761581421, 0.10000002384185791, 2.2351741790771484e-08], 30: [1.100000023841858, -0.10000002384185791, -0.20000001788139343], 31: [1.100000023841858, -0.10000002384185791, 2.2351741790771484e-08], 32: [1.100000023841858, 0.10000002384185791, -0.20000001788139343], 33: [1.100000023841858, 0.10000002384185791, 2.2351741790771484e-08]}, 'faces': {0: [1.0362131595611572, 0.08742640912532806, 0.04242640733718872], 1: [1.0362131595611572, 0.08742640912532806, -0.04242640733718872], 2: [1.0199999809265137, 0.048284273594617844, 0.09656854718923569], 3: [1.0199999809265137, 0.048284273594617844, -0.09656854718923569], 4: [1.0874263048171997, 0.03621320426464081, -0.04242640733718872], 5: [1.0482842922210693, 0.020000003278255463, 0.09656854718923569], 6: [1.0482842922210693, 0.020000003278255463, -0.09656854718923569], 7: [1.0874263048171997, 0.03621320426464081, 0.04242640733718872], 8: [1.0874264240264893, -0.03621320426464081, -0.04242640733718872], 9: [1.0482842922210693, -0.019999999552965164, 0.09656854718923569], 10: [1.0482842922210693, -0.019999999552965164, -0.09656854718923569], 11: [1.0874264240264893, -0.03621320426464081, 0.04242640733718872], 12: [1.0362131595611572, -0.08742640912532806, 0.04242640733718872], 13: [1.0362131595611572, -0.08742640912532806, -0.04242640733718872], 14: [1.0199999809265137, -0.048284273594617844, 0.09656854718923569], 15: [1.0199999809265137, -0.048284273594617844, -0.09656854718923569], 16: [0.9800000190734863, -0.048284273594617844, -0.09656854718923569], 17: [0.9637868404388428, -0.08742640912532806, 0.04242640733718872], 18: [0.9637868404388428, -0.08742640912532806, -0.04242640733718872], 19: [0.9800000190734863, -0.048284273594617844, 0.09656854718923569], 20: [0.9517158269882202, -0.019999999552965164, -0.09656854718923569], 21: [0.9125736355781555, -0.03621320426464081, 0.04242640733718872], 22: [0.9125735759735107, -0.03621320426464081, -0.04242640733718872], 23: [0.9517158269882202, -0.019999999552965164, 0.09656854718923569], 24: [0.9517158269882202, 0.020000003278255463, -0.09656854718923569], 25: [0.9125735759735107, 0.03621320426464081, 0.04242640733718872], 26: [0.9125735759735107, 0.03621320426464081, -0.04242640733718872], 27: [0.9517158269882202, 0.020000003278255463, 0.09656854718923569], 28: [0.9800000190734863, 0.048284273594617844, -0.09656854718923569], 29: [0.9637868404388428, 0.08742640912532806, 0.04242640733718872], 30: [0.9637868404388428, 0.08742640912532806, -0.04242640733718872], 31: [0.9800000190734863, 0.048284273594617844, 0.09656854718923569], 32: [0.8999999761581421, 0.0, -0.09999999403953552], 33: [1.0, 0.10000002384185791, -0.09999999403953552], 34: [1.100000023841858, 0.0, -0.09999999403953552], 35: [1.0, -0.10000002384185791, -0.09999999403953552], 36: [1.0, 0.0, -0.20000001788139343], 37: [1.0, 0.0, 2.2351741790771484e-08]}, 'editMode': True}, 'Sphere', {'tolerance': 10}]
['Rotate', {'value': 0.698132, 'orient_axis': 'Z', 'selectedVertices': [26, 28, 30, 32], 'vertices': {0: [1.059999942779541, 0.06000000238418579, 0.08485281467437744], 1: [1.0848528146743774, 0.08485281467437744, 0.0], 2: [1.059999942779541, 0.06000000238418579, -0.08485281467437744], 3: [1.0848528146743774, 4.034776068806423e-09, 0.08485281467437744], 4: [1.1200000047683716, 4.034776068806423e-09, 0.0], 5: [1.0848528146743774, 4.034776068806423e-09, -0.08485281467437744], 6: [1.059999942779541, -0.06000000238418579, 0.08485281467437744], 7: [1.0848528146743774, -0.08485281467437744, 0.0], 8: [1.059999942779541, -0.06000000238418579, -0.08485281467437744], 9: [1.0, -0.08485281467437744, 0.08485281467437744], 10: [1.0, -0.12000000476837158, 0.0], 11: [1.0, -0.08485281467437744, -0.08485281467437744], 12: [0.940000057220459, -0.06000000238418579, 0.08485281467437744], 13: [0.9151471853256226, -0.08485281467437744, 0.0], 14: [0.940000057220459, -0.06000000238418579, -0.08485281467437744], 15: [1.0, 4.034776068806423e-09, -0.12000000476837158], 16: [0.9151471853256226, 4.034776068806423e-09, 0.08485281467437744], 17: [0.8800000548362732, 4.034776068806423e-09, 0.0], 18: [0.9151471853256226, 4.034776068806423e-09, -0.08485281467437744], 19: [0.940000057220459, 0.06000000238418579, 0.08485281467437744], 20: [0.9151471853256226, 0.08485281467437744, 0.0], 21: [0.940000057220459, 0.06000000238418579, -0.08485281467437744], 22: [1.0, 4.034776068806423e-09, 0.12000000476837158], 23: [1.0, 0.08485281467437744, 0.08485281467437744], 24: [1.0, 0.12000000476837158, 0.0], 25: [1.0, 0.08485281467437744, -0.08485281467437744], 26: [0.9233955144882202, -0.10000003129243851, -0.13572123646736145], 27: [0.8999999761581421, -0.10000002384185791, 2.2351741790771484e-08], 28: [0.9233955144882202, 0.10000001639127731, -0.13572123646736145], 29: [0.8999999761581421, 0.10000002384185791, 2.2351741790771484e-08], 30: [1.0766044855117798, -0.10000001639127731, -0.2642787992954254], 31: [1.100000023841858, -0.10000002384185791, 2.2351741790771484e-08], 32: [1.0766044855117798, 0.10000003129243851, -0.2642787992954254], 33: [1.100000023841858, 0.10000002384185791, 2.2351741790771484e-08]}, 'faces': {0: [1.0362131595611572, 0.08742640912532806, 0.04242640733718872], 1: [1.0362131595611572, 0.08742640912532806, -0.04242640733718872], 2: [1.0199999809265137, 0.048284273594617844, 0.09656854718923569], 3: [1.0199999809265137, 0.048284273594617844, -0.09656854718923569], 4: [1.0874263048171997, 0.03621320426464081, -0.04242640733718872], 5: [1.0482842922210693, 0.020000003278255463, 0.09656854718923569], 6: [1.0482842922210693, 0.020000003278255463, -0.09656854718923569], 7: [1.0874263048171997, 0.03621320426464081, 0.04242640733718872], 8: [1.0874264240264893, -0.03621320426464081, -0.04242640733718872], 9: [1.0482842922210693, -0.019999999552965164, 0.09656854718923569], 10: [1.0482842922210693, -0.019999999552965164, -0.09656854718923569], 11: [1.0874264240264893, -0.03621320426464081, 0.04242640733718872], 12: [1.0362131595611572, -0.08742640912532806, 0.04242640733718872], 13: [1.0362131595611572, -0.08742640912532806, -0.04242640733718872], 14: [1.0199999809265137, -0.048284273594617844, 0.09656854718923569], 15: [1.0199999809265137, -0.048284273594617844, -0.09656854718923569], 16: [0.9800000190734863, -0.048284273594617844, -0.09656854718923569], 17: [0.9637868404388428, -0.08742640912532806, 0.04242640733718872], 18: [0.9637868404388428, -0.08742640912532806, -0.04242640733718872], 19: [0.9800000190734863, -0.048284273594617844, 0.09656854718923569], 20: [0.9517158269882202, -0.019999999552965164, -0.09656854718923569], 21: [0.9125736355781555, -0.03621320426464081, 0.04242640733718872], 22: [0.9125735759735107, -0.03621320426464081, -0.04242640733718872], 23: [0.9517158269882202, -0.019999999552965164, 0.09656854718923569], 24: [0.9517158269882202, 0.020000003278255463, -0.09656854718923569], 25: [0.9125735759735107, 0.03621320426464081, 0.04242640733718872], 26: [0.9125735759735107, 0.03621320426464081, -0.04242640733718872], 27: [0.9517158269882202, 0.020000003278255463, 0.09656854718923569], 28: [0.9800000190734863, 0.048284273594617844, -0.09656854718923569], 29: [0.9637868404388428, 0.08742640912532806, 0.04242640733718872], 30: [0.9637868404388428, 0.08742640912532806, -0.04242640733718872], 31: [0.9800000190734863, 0.048284273594617844, 0.09656854718923569], 32: [0.9116977453231812, -1.862645149230957e-09, -0.06786060333251953], 33: [1.0, 0.10000002384185791, -0.09999999403953552], 34: [1.0883022546768188, 1.862645149230957e-09, -0.1321393847465515], 35: [1.0, -0.10000002384185791, -0.09999999403953552], 36: [1.0, 0.0, -0.20000001788139343], 37: [1.0, 0.0, 2.2351741790771484e-08]}, 'editMode': True}, 'Sphere', {'tolerance': 10}]
['Move', {'value': (-0.13, 0, 0), 'orient_axis_ortho': 'X', 'selectedVertices': [26, 28, 30, 32], 'vertices': {0: [1.059999942779541, 0.06000000238418579, 0.08485281467437744], 1: [1.0848528146743774, 0.08485281467437744, 0.0], 2: [1.059999942779541, 0.06000000238418579, -0.08485281467437744], 3: [1.0848528146743774, 4.034776068806423e-09, 0.08485281467437744], 4: [1.1200000047683716, 4.034776068806423e-09, 0.0], 5: [1.0848528146743774, 4.034776068806423e-09, -0.08485281467437744], 6: [1.059999942779541, -0.06000000238418579, 0.08485281467437744], 7: [1.0848528146743774, -0.08485281467437744, 0.0], 8: [1.059999942779541, -0.06000000238418579, -0.08485281467437744], 9: [1.0, -0.08485281467437744, 0.08485281467437744], 10: [1.0, -0.12000000476837158, 0.0], 11: [1.0, -0.08485281467437744, -0.08485281467437744], 12: [0.940000057220459, -0.06000000238418579, 0.08485281467437744], 13: [0.9151471853256226, -0.08485281467437744, 0.0], 14: [0.940000057220459, -0.06000000238418579, -0.08485281467437744], 15: [1.0, 4.034776068806423e-09, -0.12000000476837158], 16: [0.9151471853256226, 4.034776068806423e-09, 0.08485281467437744], 17: [0.8800000548362732, 4.034776068806423e-09, 0.0], 18: [0.9151471853256226, 4.034776068806423e-09, -0.08485281467437744], 19: [0.940000057220459, 0.06000000238418579, 0.08485281467437744], 20: [0.9151471853256226, 0.08485281467437744, 0.0], 21: [0.940000057220459, 0.06000000238418579, -0.08485281467437744], 22: [1.0, 4.034776068806423e-09, 0.12000000476837158], 23: [1.0, 0.08485281467437744, 0.08485281467437744], 24: [1.0, 0.12000000476837158, 0.0], 25: [1.0, 0.08485281467437744, -0.08485281467437744], 26: [0.7933955192565918, -0.10000003129243851, -0.13572123646736145], 27: [0.8999999761581421, -0.10000002384185791, 2.2351741790771484e-08], 28: [0.7933955192565918, 0.10000001639127731, -0.13572123646736145], 29: [0.8999999761581421, 0.10000002384185791, 2.2351741790771484e-08], 30: [0.9466044902801514, -0.10000001639127731, -0.2642787992954254], 31: [1.100000023841858, -0.10000002384185791, 2.2351741790771484e-08], 32: [0.9466044902801514, 0.10000003129243851, -0.2642787992954254], 33: [1.100000023841858, 0.10000002384185791, 2.2351741790771484e-08]}, 'faces': {0: [1.0362131595611572, 0.08742640912532806, 0.04242640733718872], 1: [1.0362131595611572, 0.08742640912532806, -0.04242640733718872], 2: [1.0199999809265137, 0.048284273594617844, 0.09656854718923569], 3: [1.0199999809265137, 0.048284273594617844, -0.09656854718923569], 4: [1.0874263048171997, 0.03621320426464081, -0.04242640733718872], 5: [1.0482842922210693, 0.020000003278255463, 0.09656854718923569], 6: [1.0482842922210693, 0.020000003278255463, -0.09656854718923569], 7: [1.0874263048171997, 0.03621320426464081, 0.04242640733718872], 8: [1.0874264240264893, -0.03621320426464081, -0.04242640733718872], 9: [1.0482842922210693, -0.019999999552965164, 0.09656854718923569], 10: [1.0482842922210693, -0.019999999552965164, -0.09656854718923569], 11: [1.0874264240264893, -0.03621320426464081, 0.04242640733718872], 12: [1.0362131595611572, -0.08742640912532806, 0.04242640733718872], 13: [1.0362131595611572, -0.08742640912532806, -0.04242640733718872], 14: [1.0199999809265137, -0.048284273594617844, 0.09656854718923569], 15: [1.0199999809265137, -0.048284273594617844, -0.09656854718923569], 16: [0.9800000190734863, -0.048284273594617844, -0.09656854718923569], 17: [0.9637868404388428, -0.08742640912532806, 0.04242640733718872], 18: [0.9637868404388428, -0.08742640912532806, -0.04242640733718872], 19: [0.9800000190734863, -0.048284273594617844, 0.09656854718923569], 20: [0.9517158269882202, -0.019999999552965164, -0.09656854718923569], 21: [0.9125736355781555, -0.03621320426464081, 0.04242640733718872], 22: [0.9125735759735107, -0.03621320426464081, -0.04242640733718872], 23: [0.9517158269882202, -0.019999999552965164, 0.09656854718923569], 24: [0.9517158269882202, 0.020000003278255463, -0.09656854718923569], 25: [0.9125735759735107, 0.03621320426464081, 0.04242640733718872], 26: [0.9125735759735107, 0.03621320426464081, -0.04242640733718872], 27: [0.9517158269882202, 0.020000003278255463, 0.09656854718923569], 28: [0.9800000190734863, 0.048284273594617844, -0.09656854718923569], 29: [0.9637868404388428, 0.08742640912532806, 0.04242640733718872], 30: [0.9637868404388428, 0.08742640912532806, -0.04242640733718872], 31: [0.9800000190734863, 0.048284273594617844, 0.09656854718923569], 32: [0.8466977477073669, -1.862645149230957e-09, -0.06786060333251953], 33: [0.9350000023841858, 0.10000002384185791, -0.09999999403953552], 34: [1.0233023166656494, 1.862645149230957e-09, -0.1321393847465515], 35: [0.9350000619888306, -0.10000002384185791, -0.09999999403953552], 36: [0.8700000047683716, 0.0, -0.20000001788139343], 37: [1.0, 0.0, 2.2351741790771484e-08]}, 'editMode': True}, 'Sphere', {'tolerance': 10}]
['Extrude Region and Move', {'use_normal_flip': False, 'use_dissolve_ortho_edges': False, 'value': (0, 0, 0.35), 'orient_axis_ortho': 'X', 'newVertices': [34, 35, 36, 37], 'newFaces': [38, 39, 40, 41], 'vertices': {0: [1.059999942779541, 0.06000000238418579, 0.08485281467437744], 1: [1.0848528146743774, 0.08485281467437744, 0.0], 2: [1.059999942779541, 0.06000000238418579, -0.08485281467437744], 3: [1.0848528146743774, 4.034776068806423e-09, 0.08485281467437744], 4: [1.1200000047683716, 4.034776068806423e-09, 0.0], 5: [1.0848528146743774, 4.034776068806423e-09, -0.08485281467437744], 6: [1.059999942779541, -0.06000000238418579, 0.08485281467437744], 7: [1.0848528146743774, -0.08485281467437744, 0.0], 8: [1.059999942779541, -0.06000000238418579, -0.08485281467437744], 9: [1.0, -0.08485281467437744, 0.08485281467437744], 10: [1.0, -0.12000000476837158, 0.0], 11: [1.0, -0.08485281467437744, -0.08485281467437744], 12: [0.940000057220459, -0.06000000238418579, 0.08485281467437744], 13: [0.9151471853256226, -0.08485281467437744, 0.0], 14: [0.940000057220459, -0.06000000238418579, -0.08485281467437744], 15: [1.0, 4.034776068806423e-09, -0.12000000476837158], 16: [0.9151471853256226, 4.034776068806423e-09, 0.08485281467437744], 17: [0.8800000548362732, 4.034776068806423e-09, 0.0], 18: [0.9151471853256226, 4.034776068806423e-09, -0.08485281467437744], 19: [0.940000057220459, 0.06000000238418579, 0.08485281467437744], 20: [0.9151471853256226, 0.08485281467437744, 0.0], 21: [0.940000057220459, 0.06000000238418579, -0.08485281467437744], 22: [1.0, 4.034776068806423e-09, 0.12000000476837158], 23: [1.0, 0.08485281467437744, 0.08485281467437744], 24: [1.0, 0.12000000476837158, 0.0], 25: [1.0, 0.08485281467437744, -0.08485281467437744], 26: [0.7933955192565918, -0.10000003129243851, -0.13572123646736145], 27: [0.8999999761581421, -0.10000002384185791, 2.2351741790771484e-08], 28: [0.7933955192565918, 0.10000001639127731, -0.13572123646736145], 29: [0.8999999761581421, 0.10000002384185791, 2.2351741790771484e-08], 30: [0.9466044902801514, -0.10000001639127731, -0.2642787992954254], 31: [1.100000023841858, -0.10000002384185791, 2.2351741790771484e-08], 32: [0.9466044902801514, 0.10000003129243851, -0.2642787992954254], 33: [1.100000023841858, 0.10000002384185791, 2.2351741790771484e-08], 34: [0.568419873714447, 0.10000001639127731, -0.40383681654930115], 35: [0.568419873714447, -0.10000003129243851, -0.40383681654930115], 36: [0.7216288447380066, 0.10000003129243851, -0.5323944091796875], 37: [0.7216288447380066, -0.10000001639127731, -0.5323944091796875]}, 'faces': {0: [1.0362131595611572, 0.08742640912532806, 0.04242640733718872], 1: [1.0362131595611572, 0.08742640912532806, -0.04242640733718872], 2: [1.0199999809265137, 0.048284273594617844, 0.09656854718923569], 3: [1.0199999809265137, 0.048284273594617844, -0.09656854718923569], 4: [1.0874263048171997, 0.03621320426464081, -0.04242640733718872], 5: [1.0482842922210693, 0.020000003278255463, 0.09656854718923569], 6: [1.0482842922210693, 0.020000003278255463, -0.09656854718923569], 7: [1.0874263048171997, 0.03621320426464081, 0.04242640733718872], 8: [1.0874264240264893, -0.03621320426464081, -0.04242640733718872], 9: [1.0482842922210693, -0.019999999552965164, 0.09656854718923569], 10: [1.0482842922210693, -0.019999999552965164, -0.09656854718923569], 11: [1.0874264240264893, -0.03621320426464081, 0.04242640733718872], 12: [1.0362131595611572, -0.08742640912532806, 0.04242640733718872], 13: [1.0362131595611572, -0.08742640912532806, -0.04242640733718872], 14: [1.0199999809265137, -0.048284273594617844, 0.09656854718923569], 15: [1.0199999809265137, -0.048284273594617844, -0.09656854718923569], 16: [0.9800000190734863, -0.048284273594617844, -0.09656854718923569], 17: [0.9637868404388428, -0.08742640912532806, 0.04242640733718872], 18: [0.9637868404388428, -0.08742640912532806, -0.04242640733718872], 19: [0.9800000190734863, -0.048284273594617844, 0.09656854718923569], 20: [0.9517158269882202, -0.019999999552965164, -0.09656854718923569], 21: [0.9125736355781555, -0.03621320426464081, 0.04242640733718872], 22: [0.9125735759735107, -0.03621320426464081, -0.04242640733718872], 23: [0.9517158269882202, -0.019999999552965164, 0.09656854718923569], 24: [0.9517158269882202, 0.020000003278255463, -0.09656854718923569], 25: [0.9125735759735107, 0.03621320426464081, 0.04242640733718872], 26: [0.9125735759735107, 0.03621320426464081, -0.04242640733718872], 27: [0.9517158269882202, 0.020000003278255463, 0.09656854718923569], 28: [0.9800000190734863, 0.048284273594617844, -0.09656854718923569], 29: [0.9637868404388428, 0.08742640912532806, 0.04242640733718872], 30: [0.9637868404388428, 0.08742640912532806, -0.04242640733718872], 31: [0.9800000190734863, 0.048284273594617844, 0.09656854718923569], 32: [0.8466977477073669, -1.862645149230957e-09, -0.06786060333251953], 33: [0.9350000023841858, 0.10000002384185791, -0.09999999403953552], 34: [1.0233023166656494, 1.862645149230957e-09, -0.1321393847465515], 35: [0.9350000619888306, -0.10000002384185791, -0.09999999403953552], 36: [0.7575122117996216, -0.10000002384185791, -0.3340578079223633], 37: [1.0, 0.0, 2.2351741790771484e-08], 38: [0.6450243592262268, 0.0, -0.4681156277656555], 39: [0.7575122117996216, 0.10000002384185791, -0.3340578079223633], 40: [0.6809077262878418, -7.450580596923828e-09, -0.2697790265083313], 41: [0.8341166973114014, 7.450580596923828e-09, -0.39833658933639526]}, 'editMode': True}, 'Sphere', {'tolerance': 10}]
['Rotate', {'value': 0.261799, 'orient_axis': 'Z', 'selectedVertices': [34, 35, 36, 37], 'vertices': {0: [1.059999942779541, 0.06000000238418579, 0.08485281467437744], 1: [1.0848528146743774, 0.08485281467437744, 0.0], 2: [1.059999942779541, 0.06000000238418579, -0.08485281467437744], 3: [1.0848528146743774, 4.034776068806423e-09, 0.08485281467437744], 4: [1.1200000047683716, 4.034776068806423e-09, 0.0], 5: [1.0848528146743774, 4.034776068806423e-09, -0.08485281467437744], 6: [1.059999942779541, -0.06000000238418579, 0.08485281467437744], 7: [1.0848528146743774, -0.08485281467437744, 0.0], 8: [1.059999942779541, -0.06000000238418579, -0.08485281467437744], 9: [1.0, -0.08485281467437744, 0.08485281467437744], 10: [1.0, -0.12000000476837158, 0.0], 11: [1.0, -0.08485281467437744, -0.08485281467437744], 12: [0.940000057220459, -0.06000000238418579, 0.08485281467437744], 13: [0.9151471853256226, -0.08485281467437744, 0.0], 14: [0.940000057220459, -0.06000000238418579, -0.08485281467437744], 15: [1.0, 4.034776068806423e-09, -0.12000000476837158], 16: [0.9151471853256226, 4.034776068806423e-09, 0.08485281467437744], 17: [0.8800000548362732, 4.034776068806423e-09, 0.0], 18: [0.9151471853256226, 4.034776068806423e-09, -0.08485281467437744], 19: [0.940000057220459, 0.06000000238418579, 0.08485281467437744], 20: [0.9151471853256226, 0.08485281467437744, 0.0], 21: [0.940000057220459, 0.06000000238418579, -0.08485281467437744], 22: [1.0, 4.034776068806423e-09, 0.12000000476837158], 23: [1.0, 0.08485281467437744, 0.08485281467437744], 24: [1.0, 0.12000000476837158, 0.0], 25: [1.0, 0.08485281467437744, -0.08485281467437744], 26: [0.7933955192565918, -0.10000003129243851, -0.13572123646736145], 27: [0.8999999761581421, -0.10000002384185791, 2.2351741790771484e-08], 28: [0.7933955192565918, 0.10000001639127731, -0.13572123646736145], 29: [0.8999999761581421, 0.10000002384185791, 2.2351741790771484e-08], 30: [0.9466044902801514, -0.10000001639127731, -0.2642787992954254], 31: [1.100000023841858, -0.10000002384185791, 2.2351741790771484e-08], 32: [0.9466044902801514, 0.10000003129243851, -0.2642787992954254], 33: [1.100000023841858, 0.10000002384185791, 2.2351741790771484e-08], 34: [0.5876666903495789, 0.10000001639127731, -0.3862003684043884], 35: [0.5876666903495789, -0.10000003129243851, -0.3862003684043884], 36: [0.7023820281028748, 0.10000003129243851, -0.5500308275222778], 37: [0.7023820281028748, -0.10000001639127731, -0.5500308275222778]}, 'faces': {0: [1.0362131595611572, 0.08742640912532806, 0.04242640733718872], 1: [1.0362131595611572, 0.08742640912532806, -0.04242640733718872], 2: [1.0199999809265137, 0.048284273594617844, 0.09656854718923569], 3: [1.0199999809265137, 0.048284273594617844, -0.09656854718923569], 4: [1.0874263048171997, 0.03621320426464081, -0.04242640733718872], 5: [1.0482842922210693, 0.020000003278255463, 0.09656854718923569], 6: [1.0482842922210693, 0.020000003278255463, -0.09656854718923569], 7: [1.0874263048171997, 0.03621320426464081, 0.04242640733718872], 8: [1.0874264240264893, -0.03621320426464081, -0.04242640733718872], 9: [1.0482842922210693, -0.019999999552965164, 0.09656854718923569], 10: [1.0482842922210693, -0.019999999552965164, -0.09656854718923569], 11: [1.0874264240264893, -0.03621320426464081, 0.04242640733718872], 12: [1.0362131595611572, -0.08742640912532806, 0.04242640733718872], 13: [1.0362131595611572, -0.08742640912532806, -0.04242640733718872], 14: [1.0199999809265137, -0.048284273594617844, 0.09656854718923569], 15: [1.0199999809265137, -0.048284273594617844, -0.09656854718923569], 16: [0.9800000190734863, -0.048284273594617844, -0.09656854718923569], 17: [0.9637868404388428, -0.08742640912532806, 0.04242640733718872], 18: [0.9637868404388428, -0.08742640912532806, -0.04242640733718872], 19: [0.9800000190734863, -0.048284273594617844, 0.09656854718923569], 20: [0.9517158269882202, -0.019999999552965164, -0.09656854718923569], 21: [0.9125736355781555, -0.03621320426464081, 0.04242640733718872], 22: [0.9125735759735107, -0.03621320426464081, -0.04242640733718872], 23: [0.9517158269882202, -0.019999999552965164, 0.09656854718923569], 24: [0.9517158269882202, 0.020000003278255463, -0.09656854718923569], 25: [0.9125735759735107, 0.03621320426464081, 0.04242640733718872], 26: [0.9125735759735107, 0.03621320426464081, -0.04242640733718872], 27: [0.9517158269882202, 0.020000003278255463, 0.09656854718923569], 28: [0.9800000190734863, 0.048284273594617844, -0.09656854718923569], 29: [0.9637868404388428, 0.08742640912532806, 0.04242640733718872], 30: [0.9637868404388428, 0.08742640912532806, -0.04242640733718872], 31: [0.9800000190734863, 0.048284273594617844, 0.09656854718923569], 32: [0.8466977477073669, -1.862645149230957e-09, -0.06786060333251953], 33: [0.9350000023841858, 0.10000002384185791, -0.09999999403953552], 34: [1.0233023166656494, 1.862645149230957e-09, -0.1321393847465515], 35: [0.9350000619888306, -0.10000002384185791, -0.09999999403953552], 36: [0.7575122117996216, -0.10000002384185791, -0.3340578079223633], 37: [1.0, 0.0, 2.2351741790771484e-08], 38: [0.6450243592262268, 0.0, -0.4681156277656555], 39: [0.7575122117996216, 0.10000002384185791, -0.3340578079223633], 40: [0.6905311346054077, -7.450580596923828e-09, -0.26096081733703613], 41: [0.8244932889938354, 7.450580596923828e-09, -0.4071548283100128]}, 'editMode': True}, 'Sphere', {'tolerance': 10}]
['Extrude Region and Move', {'use_normal_flip': False, 'use_dissolve_ortho_edges': False, 'value': (1.77636e-15, -2.98023e-08, 0.8), 'orient_axis_ortho': 'X', 'newVertices': [38, 39, 40, 41], 'newFaces': [42, 43, 44, 45], 'vertices': {0: [1.059999942779541, 0.06000000238418579, 0.08485281467437744], 1: [1.0848528146743774, 0.08485281467437744, 0.0], 2: [1.059999942779541, 0.06000000238418579, -0.08485281467437744], 3: [1.0848528146743774, 4.034776068806423e-09, 0.08485281467437744], 4: [1.1200000047683716, 4.034776068806423e-09, 0.0], 5: [1.0848528146743774, 4.034776068806423e-09, -0.08485281467437744], 6: [1.059999942779541, -0.06000000238418579, 0.08485281467437744], 7: [1.0848528146743774, -0.08485281467437744, 0.0], 8: [1.059999942779541, -0.06000000238418579, -0.08485281467437744], 9: [1.0, -0.08485281467437744, 0.08485281467437744], 10: [1.0, -0.12000000476837158, 0.0], 11: [1.0, -0.08485281467437744, -0.08485281467437744], 12: [0.940000057220459, -0.06000000238418579, 0.08485281467437744], 13: [0.9151471853256226, -0.08485281467437744, 0.0], 14: [0.940000057220459, -0.06000000238418579, -0.08485281467437744], 15: [1.0, 4.034776068806423e-09, -0.12000000476837158], 16: [0.9151471853256226, 4.034776068806423e-09, 0.08485281467437744], 17: [0.8800000548362732, 4.034776068806423e-09, 0.0], 18: [0.9151471853256226, 4.034776068806423e-09, -0.08485281467437744], 19: [0.940000057220459, 0.06000000238418579, 0.08485281467437744], 20: [0.9151471853256226, 0.08485281467437744, 0.0], 21: [0.940000057220459, 0.06000000238418579, -0.08485281467437744], 22: [1.0, 4.034776068806423e-09, 0.12000000476837158], 23: [1.0, 0.08485281467437744, 0.08485281467437744], 24: [1.0, 0.12000000476837158, 0.0], 25: [1.0, 0.08485281467437744, -0.08485281467437744], 26: [0.7933955192565918, -0.10000003129243851, -0.13572123646736145], 27: [0.8999999761581421, -0.10000002384185791, 2.2351741790771484e-08], 28: [0.7933955192565918, 0.10000001639127731, -0.13572123646736145], 29: [0.8999999761581421, 0.10000002384185791, 2.2351741790771484e-08], 30: [0.9466044902801514, -0.10000001639127731, -0.2642787992954254], 31: [1.100000023841858, -0.10000002384185791, 2.2351741790771484e-08], 32: [0.9466044902801514, 0.10000003129243851, -0.2642787992954254], 33: [1.100000023841858, 0.10000002384185791, 2.2351741790771484e-08], 34: [0.5876666903495789, 0.10000001639127731, -0.3862003684043884], 35: [0.5876666903495789, -0.10000003129243851, -0.3862003684043884], 36: [0.7023820281028748, 0.10000003129243851, -0.5500308275222778], 37: [0.7023820281028748, -0.10000001639127731, -0.5500308275222778], 38: [-0.06765496730804443, 0.10000001639127731, -0.8450615406036377], 39: [-0.06765496730804443, -0.10000003129243851, -0.8450615406036377], 40: [0.047060370445251465, 0.10000003129243851, -1.0088920593261719], 41: [0.047060370445251465, -0.10000001639127731, -1.0088920593261719]}, 'faces': {0: [1.0362131595611572, 0.08742640912532806, 0.04242640733718872], 1: [1.0362131595611572, 0.08742640912532806, -0.04242640733718872], 2: [1.0199999809265137, 0.048284273594617844, 0.09656854718923569], 3: [1.0199999809265137, 0.048284273594617844, -0.09656854718923569], 4: [1.0874263048171997, 0.03621320426464081, -0.04242640733718872], 5: [1.0482842922210693, 0.020000003278255463, 0.09656854718923569], 6: [1.0482842922210693, 0.020000003278255463, -0.09656854718923569], 7: [1.0874263048171997, 0.03621320426464081, 0.04242640733718872], 8: [1.0874264240264893, -0.03621320426464081, -0.04242640733718872], 9: [1.0482842922210693, -0.019999999552965164, 0.09656854718923569], 10: [1.0482842922210693, -0.019999999552965164, -0.09656854718923569], 11: [1.0874264240264893, -0.03621320426464081, 0.04242640733718872], 12: [1.0362131595611572, -0.08742640912532806, 0.04242640733718872], 13: [1.0362131595611572, -0.08742640912532806, -0.04242640733718872], 14: [1.0199999809265137, -0.048284273594617844, 0.09656854718923569], 15: [1.0199999809265137, -0.048284273594617844, -0.09656854718923569], 16: [0.9800000190734863, -0.048284273594617844, -0.09656854718923569], 17: [0.9637868404388428, -0.08742640912532806, 0.04242640733718872], 18: [0.9637868404388428, -0.08742640912532806, -0.04242640733718872], 19: [0.9800000190734863, -0.048284273594617844, 0.09656854718923569], 20: [0.9517158269882202, -0.019999999552965164, -0.09656854718923569], 21: [0.9125736355781555, -0.03621320426464081, 0.04242640733718872], 22: [0.9125735759735107, -0.03621320426464081, -0.04242640733718872], 23: [0.9517158269882202, -0.019999999552965164, 0.09656854718923569], 24: [0.9517158269882202, 0.020000003278255463, -0.09656854718923569], 25: [0.9125735759735107, 0.03621320426464081, 0.04242640733718872], 26: [0.9125735759735107, 0.03621320426464081, -0.04242640733718872], 27: [0.9517158269882202, 0.020000003278255463, 0.09656854718923569], 28: [0.9800000190734863, 0.048284273594617844, -0.09656854718923569], 29: [0.9637868404388428, 0.08742640912532806, 0.04242640733718872], 30: [0.9637868404388428, 0.08742640912532806, -0.04242640733718872], 31: [0.9800000190734863, 0.048284273594617844, 0.09656854718923569], 32: [0.8466977477073669, -1.862645149230957e-09, -0.06786060333251953], 33: [0.9350000023841858, 0.10000002384185791, -0.09999999403953552], 34: [1.0233023166656494, 1.862645149230957e-09, -0.1321393847465515], 35: [0.9350000619888306, -0.10000002384185791, -0.09999999403953552], 36: [0.7575122117996216, -0.10000002384185791, -0.3340578079223633], 37: [1.0, 0.0, 2.2351741790771484e-08], 38: [0.31736353039741516, -0.10000002384185791, -0.6975461840629578], 39: [0.7575122117996216, 0.10000002384185791, -0.3340578079223633], 40: [0.6905311346054077, -7.450580596923828e-09, -0.26096081733703613], 41: [0.8244932889938354, 7.450580596923828e-09, -0.4071548283100128], 42: [-0.010297298431396484, 0.0, -0.9269767999649048], 43: [0.31736353039741516, 0.10000002384185791, -0.6975461840629578], 44: [0.3747211992740631, 7.450580596923828e-09, -0.7794614434242249], 45: [0.2600058615207672, -7.450580596923828e-09, -0.6156309843063354]}, 'editMode': True}, 'Sphere', {'tolerance': 10}]
['Toggle Edit Mode', {'editMode': False}, 'Sphere', {'tolerance': 10}]
[' bpy context space_data', {'context': "'MODIFIER'", 'editMode': False}, 'Sphere', {'tolerance': 10}]
['Add Modifier', {'type': 'ARRAY', 'editMode': False}, 'Sphere', {'tolerance': 10}]
[' bpy context object modifiers', {'group': 'Array', 'subgroup': 0, 'relative_offset_displace': '0', 'editMode': False}, 'Sphere', {'tolerance': 10}]
['Add Empty', {'type': 'CUBE', 'align': 'WORLD', 'editMode': False}, 'Empty', {'tolerance': 10}]
['Add Empty', {'action': 'DESELECT', 'editMode': False}, 'Empty', {'tolerance': 10}]
[' bpy context object modifiers', {'group': 'Array', 'use_object_offset': 'True', 'editMode': False}, 'Sphere', {'tolerance': 10}]
[' bpy context object modifiers', {'group': 'Array', 'subgroup': 'Empty', 'offset_object': 'bpy.data.objects', 'editMode': False}, 'Sphere', {'tolerance': 10}]
[' bpy context space_data shading', {'type': "'SOLID'", 'editMode': False}, 'Sphere', {'tolerance': 10}]
['Rotate', {'value': 1.5708, 'orient_axis': 'Z', 'newrotation': [0.0, -0.0, 1.5707963705062866], 'editMode': False}, 'Empty', {'tolerance': 10}]
[' bpy context object modifiers', {'group': 'Array', 'count': '4', 'editMode': False}, 'Sphere', {'tolerance': 10}]
['Toggle Edit Mode', {'vertices': {0: [1.059999942779541, 0.06000000238418579, 0.08485281467437744], 1: [1.0848528146743774, 0.08485281467437744, 0.0], 2: [1.059999942779541, 0.06000000238418579, -0.08485281467437744], 3: [1.0848528146743774, 4.034776068806423e-09, 0.08485281467437744], 4: [1.1200000047683716, 4.034776068806423e-09, 0.0], 5: [1.0848528146743774, 4.034776068806423e-09, -0.08485281467437744], 6: [1.059999942779541, -0.06000000238418579, 0.08485281467437744], 7: [1.0848528146743774, -0.08485281467437744, 0.0], 8: [1.059999942779541, -0.06000000238418579, -0.08485281467437744], 9: [1.0, -0.08485281467437744, 0.08485281467437744], 10: [1.0, -0.12000000476837158, 0.0], 11: [1.0, -0.08485281467437744, -0.08485281467437744], 12: [0.940000057220459, -0.06000000238418579, 0.08485281467437744], 13: [0.9151471853256226, -0.08485281467437744, 0.0], 14: [0.940000057220459, -0.06000000238418579, -0.08485281467437744], 15: [1.0, 4.034776068806423e-09, -0.12000000476837158], 16: [0.9151471853256226, 4.034776068806423e-09, 0.08485281467437744], 17: [0.8800000548362732, 4.034776068806423e-09, 0.0], 18: [0.9151471853256226, 4.034776068806423e-09, -0.08485281467437744], 19: [0.940000057220459, 0.06000000238418579, 0.08485281467437744], 20: [0.9151471853256226, 0.08485281467437744, 0.0], 21: [0.940000057220459, 0.06000000238418579, -0.08485281467437744], 22: [1.0, 4.034776068806423e-09, 0.12000000476837158], 23: [1.0, 0.08485281467437744, 0.08485281467437744], 24: [1.0, 0.12000000476837158, 0.0], 25: [1.0, 0.08485281467437744, -0.08485281467437744], 26: [0.7933955192565918, -0.10000003129243851, -0.13572123646736145], 27: [0.8999999761581421, -0.10000002384185791, 2.2351741790771484e-08], 28: [0.7933955192565918, 0.10000001639127731, -0.13572123646736145], 29: [0.8999999761581421, 0.10000002384185791, 2.2351741790771484e-08], 30: [0.9466044902801514, -0.10000001639127731, -0.2642787992954254], 31: [1.100000023841858, -0.10000002384185791, 2.2351741790771484e-08], 32: [0.9466044902801514, 0.10000003129243851, -0.2642787992954254], 33: [1.100000023841858, 0.10000002384185791, 2.2351741790771484e-08], 34: [0.5876666903495789, 0.10000001639127731, -0.3862003684043884], 35: [0.5876666903495789, -0.10000003129243851, -0.3862003684043884], 36: [0.7023820281028748, 0.10000003129243851, -0.5500308275222778], 37: [0.7023820281028748, -0.10000001639127731, -0.5500308275222778], 38: [-0.06765496730804443, 0.10000001639127731, -0.8450615406036377], 39: [-0.06765496730804443, -0.10000003129243851, -0.8450615406036377], 40: [0.047060370445251465, 0.10000003129243851, -1.0088920593261719], 41: [0.047060370445251465, -0.10000001639127731, -1.0088920593261719]}, 'faces': {0: [1.0362131595611572, 0.08742640912532806, 0.04242640733718872], 1: [1.0362131595611572, 0.08742640912532806, -0.04242640733718872], 2: [1.0199999809265137, 0.048284273594617844, 0.09656854718923569], 3: [1.0199999809265137, 0.048284273594617844, -0.09656854718923569], 4: [1.0874263048171997, 0.03621320426464081, -0.04242640733718872], 5: [1.0482842922210693, 0.020000003278255463, 0.09656854718923569], 6: [1.0482842922210693, 0.020000003278255463, -0.09656854718923569], 7: [1.0874263048171997, 0.03621320426464081, 0.04242640733718872], 8: [1.0874264240264893, -0.03621320426464081, -0.04242640733718872], 9: [1.0482842922210693, -0.019999999552965164, 0.09656854718923569], 10: [1.0482842922210693, -0.019999999552965164, -0.09656854718923569], 11: [1.0874264240264893, -0.03621320426464081, 0.04242640733718872], 12: [1.0362131595611572, -0.08742640912532806, 0.04242640733718872], 13: [1.0362131595611572, -0.08742640912532806, -0.04242640733718872], 14: [1.0199999809265137, -0.048284273594617844, 0.09656854718923569], 15: [1.0199999809265137, -0.048284273594617844, -0.09656854718923569], 16: [0.9800000190734863, -0.048284273594617844, -0.09656854718923569], 17: [0.9637868404388428, -0.08742640912532806, 0.04242640733718872], 18: [0.9637868404388428, -0.08742640912532806, -0.04242640733718872], 19: [0.9800000190734863, -0.048284273594617844, 0.09656854718923569], 20: [0.9517158269882202, -0.019999999552965164, -0.09656854718923569], 21: [0.9125736355781555, -0.03621320426464081, 0.04242640733718872], 22: [0.9125735759735107, -0.03621320426464081, -0.04242640733718872], 23: [0.9517158269882202, -0.019999999552965164, 0.09656854718923569], 24: [0.9517158269882202, 0.020000003278255463, -0.09656854718923569], 25: [0.9125735759735107, 0.03621320426464081, 0.04242640733718872], 26: [0.9125735759735107, 0.03621320426464081, -0.04242640733718872], 27: [0.9517158269882202, 0.020000003278255463, 0.09656854718923569], 28: [0.9800000190734863, 0.048284273594617844, -0.09656854718923569], 29: [0.9637868404388428, 0.08742640912532806, 0.04242640733718872], 30: [0.9637868404388428, 0.08742640912532806, -0.04242640733718872], 31: [0.9800000190734863, 0.048284273594617844, 0.09656854718923569], 32: [0.8466977477073669, -1.862645149230957e-09, -0.06786060333251953], 33: [0.9350000023841858, 0.10000002384185791, -0.09999999403953552], 34: [1.0233023166656494, 1.862645149230957e-09, -0.1321393847465515], 35: [0.9350000619888306, -0.10000002384185791, -0.09999999403953552], 36: [0.7575122117996216, -0.10000002384185791, -0.3340578079223633], 37: [1.0, 0.0, 2.2351741790771484e-08], 38: [0.31736353039741516, -0.10000002384185791, -0.6975461840629578], 39: [0.7575122117996216, 0.10000002384185791, -0.3340578079223633], 40: [0.6905311346054077, -7.450580596923828e-09, -0.26096081733703613], 41: [0.8244932889938354, 7.450580596923828e-09, -0.4071548283100128], 42: [-0.010297298431396484, 0.0, -0.9269767999649048], 43: [0.31736353039741516, 0.10000002384185791, -0.6975461840629578], 44: [0.3747211992740631, 7.450580596923828e-09, -0.7794614434242249], 45: [0.2600058615207672, -7.450580596923828e-09, -0.6156309843063354]}, 'editMode': True}, 'Sphere', {'tolerance': 10}]
['Select Mode', {'use_extend': False, 'use_expand': False, 'vertices': {0: [1.059999942779541, 0.06000000238418579, 0.08485281467437744], 1: [1.0848528146743774, 0.08485281467437744, 0.0], 2: [1.059999942779541, 0.06000000238418579, -0.08485281467437744], 3: [1.0848528146743774, 4.034776068806423e-09, 0.08485281467437744], 4: [1.1200000047683716, 4.034776068806423e-09, 0.0], 5: [1.0848528146743774, 4.034776068806423e-09, -0.08485281467437744], 6: [1.059999942779541, -0.06000000238418579, 0.08485281467437744], 7: [1.0848528146743774, -0.08485281467437744, 0.0], 8: [1.059999942779541, -0.06000000238418579, -0.08485281467437744], 9: [1.0, -0.08485281467437744, 0.08485281467437744], 10: [1.0, -0.12000000476837158, 0.0], 11: [1.0, -0.08485281467437744, -0.08485281467437744], 12: [0.940000057220459, -0.06000000238418579, 0.08485281467437744], 13: [0.9151471853256226, -0.08485281467437744, 0.0], 14: [0.940000057220459, -0.06000000238418579, -0.08485281467437744], 15: [1.0, 4.034776068806423e-09, -0.12000000476837158], 16: [0.9151471853256226, 4.034776068806423e-09, 0.08485281467437744], 17: [0.8800000548362732, 4.034776068806423e-09, 0.0], 18: [0.9151471853256226, 4.034776068806423e-09, -0.08485281467437744], 19: [0.940000057220459, 0.06000000238418579, 0.08485281467437744], 20: [0.9151471853256226, 0.08485281467437744, 0.0], 21: [0.940000057220459, 0.06000000238418579, -0.08485281467437744], 22: [1.0, 4.034776068806423e-09, 0.12000000476837158], 23: [1.0, 0.08485281467437744, 0.08485281467437744], 24: [1.0, 0.12000000476837158, 0.0], 25: [1.0, 0.08485281467437744, -0.08485281467437744], 26: [0.7933955192565918, -0.10000003129243851, -0.13572123646736145], 27: [0.8999999761581421, -0.10000002384185791, 2.2351741790771484e-08], 28: [0.7933955192565918, 0.10000001639127731, -0.13572123646736145], 29: [0.8999999761581421, 0.10000002384185791, 2.2351741790771484e-08], 30: [0.9466044902801514, -0.10000001639127731, -0.2642787992954254], 31: [1.100000023841858, -0.10000002384185791, 2.2351741790771484e-08], 32: [0.9466044902801514, 0.10000003129243851, -0.2642787992954254], 33: [1.100000023841858, 0.10000002384185791, 2.2351741790771484e-08], 34: [0.5876666903495789, 0.10000001639127731, -0.3862003684043884], 35: [0.5876666903495789, -0.10000003129243851, -0.3862003684043884], 36: [0.7023820281028748, 0.10000003129243851, -0.5500308275222778], 37: [0.7023820281028748, -0.10000001639127731, -0.5500308275222778], 38: [-0.06765496730804443, 0.10000001639127731, -0.8450615406036377], 39: [-0.06765496730804443, -0.10000003129243851, -0.8450615406036377], 40: [0.047060370445251465, 0.10000003129243851, -1.0088920593261719], 41: [0.047060370445251465, -0.10000001639127731, -1.0088920593261719]}, 'faces': {0: [1.0362131595611572, 0.08742640912532806, 0.04242640733718872], 1: [1.0362131595611572, 0.08742640912532806, -0.04242640733718872], 2: [1.0199999809265137, 0.048284273594617844, 0.09656854718923569], 3: [1.0199999809265137, 0.048284273594617844, -0.09656854718923569], 4: [1.0874263048171997, 0.03621320426464081, -0.04242640733718872], 5: [1.0482842922210693, 0.020000003278255463, 0.09656854718923569], 6: [1.0482842922210693, 0.020000003278255463, -0.09656854718923569], 7: [1.0874263048171997, 0.03621320426464081, 0.04242640733718872], 8: [1.0874264240264893, -0.03621320426464081, -0.04242640733718872], 9: [1.0482842922210693, -0.019999999552965164, 0.09656854718923569], 10: [1.0482842922210693, -0.019999999552965164, -0.09656854718923569], 11: [1.0874264240264893, -0.03621320426464081, 0.04242640733718872], 12: [1.0362131595611572, -0.08742640912532806, 0.04242640733718872], 13: [1.0362131595611572, -0.08742640912532806, -0.04242640733718872], 14: [1.0199999809265137, -0.048284273594617844, 0.09656854718923569], 15: [1.0199999809265137, -0.048284273594617844, -0.09656854718923569], 16: [0.9800000190734863, -0.048284273594617844, -0.09656854718923569], 17: [0.9637868404388428, -0.08742640912532806, 0.04242640733718872], 18: [0.9637868404388428, -0.08742640912532806, -0.04242640733718872], 19: [0.9800000190734863, -0.048284273594617844, 0.09656854718923569], 20: [0.9517158269882202, -0.019999999552965164, -0.09656854718923569], 21: [0.9125736355781555, -0.03621320426464081, 0.04242640733718872], 22: [0.9125735759735107, -0.03621320426464081, -0.04242640733718872], 23: [0.9517158269882202, -0.019999999552965164, 0.09656854718923569], 24: [0.9517158269882202, 0.020000003278255463, -0.09656854718923569], 25: [0.9125735759735107, 0.03621320426464081, 0.04242640733718872], 26: [0.9125735759735107, 0.03621320426464081, -0.04242640733718872], 27: [0.9517158269882202, 0.020000003278255463, 0.09656854718923569], 28: [0.9800000190734863, 0.048284273594617844, -0.09656854718923569], 29: [0.9637868404388428, 0.08742640912532806, 0.04242640733718872], 30: [0.9637868404388428, 0.08742640912532806, -0.04242640733718872], 31: [0.9800000190734863, 0.048284273594617844, 0.09656854718923569], 32: [0.8466977477073669, -1.862645149230957e-09, -0.06786060333251953], 33: [0.9350000023841858, 0.10000002384185791, -0.09999999403953552], 34: [1.0233023166656494, 1.862645149230957e-09, -0.1321393847465515], 35: [0.9350000619888306, -0.10000002384185791, -0.09999999403953552], 36: [0.7575122117996216, -0.10000002384185791, -0.3340578079223633], 37: [1.0, 0.0, 2.2351741790771484e-08], 38: [0.31736353039741516, -0.10000002384185791, -0.6975461840629578], 39: [0.7575122117996216, 0.10000002384185791, -0.3340578079223633], 40: [0.6905311346054077, -7.450580596923828e-09, -0.26096081733703613], 41: [0.8244932889938354, 7.450580596923828e-09, -0.4071548283100128], 42: [-0.010297298431396484, 0.0, -0.9269767999649048], 43: [0.31736353039741516, 0.10000002384185791, -0.6975461840629578], 44: [0.3747211992740631, 7.450580596923828e-09, -0.7794614434242249], 45: [0.2600058615207672, -7.450580596923828e-09, -0.6156309843063354]}, 'editMode': True}, 'Sphere', {'tolerance': 10}]
['Resize', {'value': (0.5, 0.5, 0.5), 'orient_type': 'GLOBAL', 'selectedVertices': [40, 41], 'vertices': {0: [1.059999942779541, 0.06000000238418579, 0.08485281467437744], 1: [1.0848528146743774, 0.08485281467437744, 0.0], 2: [1.059999942779541, 0.06000000238418579, -0.08485281467437744], 3: [1.0848528146743774, 4.034776068806423e-09, 0.08485281467437744], 4: [1.1200000047683716, 4.034776068806423e-09, 0.0], 5: [1.0848528146743774, 4.034776068806423e-09, -0.08485281467437744], 6: [1.059999942779541, -0.06000000238418579, 0.08485281467437744], 7: [1.0848528146743774, -0.08485281467437744, 0.0], 8: [1.059999942779541, -0.06000000238418579, -0.08485281467437744], 9: [1.0, -0.08485281467437744, 0.08485281467437744], 10: [1.0, -0.12000000476837158, 0.0], 11: [1.0, -0.08485281467437744, -0.08485281467437744], 12: [0.940000057220459, -0.06000000238418579, 0.08485281467437744], 13: [0.9151471853256226, -0.08485281467437744, 0.0], 14: [0.940000057220459, -0.06000000238418579, -0.08485281467437744], 15: [1.0, 4.034776068806423e-09, -0.12000000476837158], 16: [0.9151471853256226, 4.034776068806423e-09, 0.08485281467437744], 17: [0.8800000548362732, 4.034776068806423e-09, 0.0], 18: [0.9151471853256226, 4.034776068806423e-09, -0.08485281467437744], 19: [0.940000057220459, 0.06000000238418579, 0.08485281467437744], 20: [0.9151471853256226, 0.08485281467437744, 0.0], 21: [0.940000057220459, 0.06000000238418579, -0.08485281467437744], 22: [1.0, 4.034776068806423e-09, 0.12000000476837158], 23: [1.0, 0.08485281467437744, 0.08485281467437744], 24: [1.0, 0.12000000476837158, 0.0], 25: [1.0, 0.08485281467437744, -0.08485281467437744], 26: [0.7933955192565918, -0.10000003129243851, -0.13572123646736145], 27: [0.8999999761581421, -0.10000002384185791, 2.2351741790771484e-08], 28: [0.7933955192565918, 0.10000001639127731, -0.13572123646736145], 29: [0.8999999761581421, 0.10000002384185791, 2.2351741790771484e-08], 30: [0.9466044902801514, -0.10000001639127731, -0.2642787992954254], 31: [1.100000023841858, -0.10000002384185791, 2.2351741790771484e-08], 32: [0.9466044902801514, 0.10000003129243851, -0.2642787992954254], 33: [1.100000023841858, 0.10000002384185791, 2.2351741790771484e-08], 34: [0.5876666903495789, 0.10000001639127731, -0.3862003684043884], 35: [0.5876666903495789, -0.10000003129243851, -0.3862003684043884], 36: [0.7023820281028748, 0.10000003129243851, -0.5500308275222778], 37: [0.7023820281028748, -0.10000001639127731, -0.5500308275222778], 38: [-0.06765496730804443, 0.10000001639127731, -0.8450615406036377], 39: [-0.06765496730804443, -0.10000003129243851, -0.8450615406036377], 40: [0.047060370445251465, 0.05000001937150955, -1.0088920593261719], 41: [0.047060370445251465, -0.05000000447034836, -1.0088920593261719]}, 'faces': {0: [1.0362131595611572, 0.08742640912532806, 0.04242640733718872], 1: [1.0362131595611572, 0.08742640912532806, -0.04242640733718872], 2: [1.0199999809265137, 0.048284273594617844, 0.09656854718923569], 3: [1.0199999809265137, 0.048284273594617844, -0.09656854718923569], 4: [1.0874263048171997, 0.03621320426464081, -0.04242640733718872], 5: [1.0482842922210693, 0.020000003278255463, 0.09656854718923569], 6: [1.0482842922210693, 0.020000003278255463, -0.09656854718923569], 7: [1.0874263048171997, 0.03621320426464081, 0.04242640733718872], 8: [1.0874264240264893, -0.03621320426464081, -0.04242640733718872], 9: [1.0482842922210693, -0.019999999552965164, 0.09656854718923569], 10: [1.0482842922210693, -0.019999999552965164, -0.09656854718923569], 11: [1.0874264240264893, -0.03621320426464081, 0.04242640733718872], 12: [1.0362131595611572, -0.08742640912532806, 0.04242640733718872], 13: [1.0362131595611572, -0.08742640912532806, -0.04242640733718872], 14: [1.0199999809265137, -0.048284273594617844, 0.09656854718923569], 15: [1.0199999809265137, -0.048284273594617844, -0.09656854718923569], 16: [0.9800000190734863, -0.048284273594617844, -0.09656854718923569], 17: [0.9637868404388428, -0.08742640912532806, 0.04242640733718872], 18: [0.9637868404388428, -0.08742640912532806, -0.04242640733718872], 19: [0.9800000190734863, -0.048284273594617844, 0.09656854718923569], 20: [0.9517158269882202, -0.019999999552965164, -0.09656854718923569], 21: [0.9125736355781555, -0.03621320426464081, 0.04242640733718872], 22: [0.9125735759735107, -0.03621320426464081, -0.04242640733718872], 23: [0.9517158269882202, -0.019999999552965164, 0.09656854718923569], 24: [0.9517158269882202, 0.020000003278255463, -0.09656854718923569], 25: [0.9125735759735107, 0.03621320426464081, 0.04242640733718872], 26: [0.9125735759735107, 0.03621320426464081, -0.04242640733718872], 27: [0.9517158269882202, 0.020000003278255463, 0.09656854718923569], 28: [0.9800000190734863, 0.048284273594617844, -0.09656854718923569], 29: [0.9637868404388428, 0.08742640912532806, 0.04242640733718872], 30: [0.9637868404388428, 0.08742640912532806, -0.04242640733718872], 31: [0.9800000190734863, 0.048284273594617844, 0.09656854718923569], 32: [0.8466977477073669, -1.862645149230957e-09, -0.06786060333251953], 33: [0.9350000023841858, 0.10000002384185791, -0.09999999403953552], 34: [1.0233023166656494, 1.862645149230957e-09, -0.1321393847465515], 35: [0.9350000619888306, -0.10000002384185791, -0.09999999403953552], 36: [0.7575122117996216, -0.10000002384185791, -0.3340578079223633], 37: [1.0, 0.0, 2.2351741790771484e-08], 38: [0.31736353039741516, -0.08750002086162567, -0.6975461840629578], 39: [0.7575122117996216, 0.10000002384185791, -0.3340578079223633], 40: [0.6905311346054077, -7.450580596923828e-09, -0.26096081733703613], 41: [0.8244932889938354, 7.450580596923828e-09, -0.4071548283100128], 42: [-0.010297298431396484, 0.0, -0.9269767999649048], 43: [0.31736353039741516, 0.08750002086162567, -0.6975461840629578], 44: [0.3747211992740631, 7.450580596923828e-09, -0.7794614434242249], 45: [0.2600058615207672, -7.450580596923828e-09, -0.6156309843063354]}, 'editMode': True}, 'Sphere', {'tolerance': 10}]
['Select Mode', {'use_extend': False, 'use_expand': False, 'vertices': {0: [1.059999942779541, 0.06000000238418579, 0.08485281467437744], 1: [1.0848528146743774, 0.08485281467437744, 0.0], 2: [1.059999942779541, 0.06000000238418579, -0.08485281467437744], 3: [1.0848528146743774, 4.034776068806423e-09, 0.08485281467437744], 4: [1.1200000047683716, 4.034776068806423e-09, 0.0], 5: [1.0848528146743774, 4.034776068806423e-09, -0.08485281467437744], 6: [1.059999942779541, -0.06000000238418579, 0.08485281467437744], 7: [1.0848528146743774, -0.08485281467437744, 0.0], 8: [1.059999942779541, -0.06000000238418579, -0.08485281467437744], 9: [1.0, -0.08485281467437744, 0.08485281467437744], 10: [1.0, -0.12000000476837158, 0.0], 11: [1.0, -0.08485281467437744, -0.08485281467437744], 12: [0.940000057220459, -0.06000000238418579, 0.08485281467437744], 13: [0.9151471853256226, -0.08485281467437744, 0.0], 14: [0.940000057220459, -0.06000000238418579, -0.08485281467437744], 15: [1.0, 4.034776068806423e-09, -0.12000000476837158], 16: [0.9151471853256226, 4.034776068806423e-09, 0.08485281467437744], 17: [0.8800000548362732, 4.034776068806423e-09, 0.0], 18: [0.9151471853256226, 4.034776068806423e-09, -0.08485281467437744], 19: [0.940000057220459, 0.06000000238418579, 0.08485281467437744], 20: [0.9151471853256226, 0.08485281467437744, 0.0], 21: [0.940000057220459, 0.06000000238418579, -0.08485281467437744], 22: [1.0, 4.034776068806423e-09, 0.12000000476837158], 23: [1.0, 0.08485281467437744, 0.08485281467437744], 24: [1.0, 0.12000000476837158, 0.0], 25: [1.0, 0.08485281467437744, -0.08485281467437744], 26: [0.7933955192565918, -0.10000003129243851, -0.13572123646736145], 27: [0.8999999761581421, -0.10000002384185791, 2.2351741790771484e-08], 28: [0.7933955192565918, 0.10000001639127731, -0.13572123646736145], 29: [0.8999999761581421, 0.10000002384185791, 2.2351741790771484e-08], 30: [0.9466044902801514, -0.10000001639127731, -0.2642787992954254], 31: [1.100000023841858, -0.10000002384185791, 2.2351741790771484e-08], 32: [0.9466044902801514, 0.10000003129243851, -0.2642787992954254], 33: [1.100000023841858, 0.10000002384185791, 2.2351741790771484e-08], 34: [0.5876666903495789, 0.10000001639127731, -0.3862003684043884], 35: [0.5876666903495789, -0.10000003129243851, -0.3862003684043884], 36: [0.7023820281028748, 0.10000003129243851, -0.5500308275222778], 37: [0.7023820281028748, -0.10000001639127731, -0.5500308275222778], 38: [-0.06765496730804443, 0.10000001639127731, -0.8450615406036377], 39: [-0.06765496730804443, -0.10000003129243851, -0.8450615406036377], 40: [0.047060370445251465, 0.05000001937150955, -1.0088920593261719], 41: [0.047060370445251465, -0.05000000447034836, -1.0088920593261719]}, 'faces': {0: [1.0362131595611572, 0.08742640912532806, 0.04242640733718872], 1: [1.0362131595611572, 0.08742640912532806, -0.04242640733718872], 2: [1.0199999809265137, 0.048284273594617844, 0.09656854718923569], 3: [1.0199999809265137, 0.048284273594617844, -0.09656854718923569], 4: [1.0874263048171997, 0.03621320426464081, -0.04242640733718872], 5: [1.0482842922210693, 0.020000003278255463, 0.09656854718923569], 6: [1.0482842922210693, 0.020000003278255463, -0.09656854718923569], 7: [1.0874263048171997, 0.03621320426464081, 0.04242640733718872], 8: [1.0874264240264893, -0.03621320426464081, -0.04242640733718872], 9: [1.0482842922210693, -0.019999999552965164, 0.09656854718923569], 10: [1.0482842922210693, -0.019999999552965164, -0.09656854718923569], 11: [1.0874264240264893, -0.03621320426464081, 0.04242640733718872], 12: [1.0362131595611572, -0.08742640912532806, 0.04242640733718872], 13: [1.0362131595611572, -0.08742640912532806, -0.04242640733718872], 14: [1.0199999809265137, -0.048284273594617844, 0.09656854718923569], 15: [1.0199999809265137, -0.048284273594617844, -0.09656854718923569], 16: [0.9800000190734863, -0.048284273594617844, -0.09656854718923569], 17: [0.9637868404388428, -0.08742640912532806, 0.04242640733718872], 18: [0.9637868404388428, -0.08742640912532806, -0.04242640733718872], 19: [0.9800000190734863, -0.048284273594617844, 0.09656854718923569], 20: [0.9517158269882202, -0.019999999552965164, -0.09656854718923569], 21: [0.9125736355781555, -0.03621320426464081, 0.04242640733718872], 22: [0.9125735759735107, -0.03621320426464081, -0.04242640733718872], 23: [0.9517158269882202, -0.019999999552965164, 0.09656854718923569], 24: [0.9517158269882202, 0.020000003278255463, -0.09656854718923569], 25: [0.9125735759735107, 0.03621320426464081, 0.04242640733718872], 26: [0.9125735759735107, 0.03621320426464081, -0.04242640733718872], 27: [0.9517158269882202, 0.020000003278255463, 0.09656854718923569], 28: [0.9800000190734863, 0.048284273594617844, -0.09656854718923569], 29: [0.9637868404388428, 0.08742640912532806, 0.04242640733718872], 30: [0.9637868404388428, 0.08742640912532806, -0.04242640733718872], 31: [0.9800000190734863, 0.048284273594617844, 0.09656854718923569], 32: [0.8466977477073669, -1.862645149230957e-09, -0.06786060333251953], 33: [0.9350000023841858, 0.10000002384185791, -0.09999999403953552], 34: [1.0233023166656494, 1.862645149230957e-09, -0.1321393847465515], 35: [0.9350000619888306, -0.10000002384185791, -0.09999999403953552], 36: [0.7575122117996216, -0.10000002384185791, -0.3340578079223633], 37: [1.0, 0.0, 2.2351741790771484e-08], 38: [0.31736353039741516, -0.08750002086162567, -0.6975461840629578], 39: [0.7575122117996216, 0.10000002384185791, -0.3340578079223633], 40: [0.6905311346054077, -7.450580596923828e-09, -0.26096081733703613], 41: [0.8244932889938354, 7.450580596923828e-09, -0.4071548283100128], 42: [-0.010297298431396484, 0.0, -0.9269767999649048], 43: [0.31736353039741516, 0.08750002086162567, -0.6975461840629578], 44: [0.3747211992740631, 7.450580596923828e-09, -0.7794614434242249], 45: [0.2600058615207672, -7.450580596923828e-09, -0.6156309843063354]}, 'editMode': True}, 'Sphere', {'tolerance': 10}]
['Resize', {'value': (0.8, 0.8, 0.8), 'orient_type': 'GLOBAL', 'selectedVertices': [27, 29, 31, 33], 'vertices': {0: [1.059999942779541, 0.06000000238418579, 0.08485281467437744], 1: [1.0848528146743774, 0.08485281467437744, 0.0], 2: [1.059999942779541, 0.06000000238418579, -0.08485281467437744], 3: [1.0848528146743774, 4.034776068806423e-09, 0.08485281467437744], 4: [1.1200000047683716, 4.034776068806423e-09, 0.0], 5: [1.0848528146743774, 4.034776068806423e-09, -0.08485281467437744], 6: [1.059999942779541, -0.06000000238418579, 0.08485281467437744], 7: [1.0848528146743774, -0.08485281467437744, 0.0], 8: [1.059999942779541, -0.06000000238418579, -0.08485281467437744], 9: [1.0, -0.08485281467437744, 0.08485281467437744], 10: [1.0, -0.12000000476837158, 0.0], 11: [1.0, -0.08485281467437744, -0.08485281467437744], 12: [0.940000057220459, -0.06000000238418579, 0.08485281467437744], 13: [0.9151471853256226, -0.08485281467437744, 0.0], 14: [0.940000057220459, -0.06000000238418579, -0.08485281467437744], 15: [1.0, 4.034776068806423e-09, -0.12000000476837158], 16: [0.9151471853256226, 4.034776068806423e-09, 0.08485281467437744], 17: [0.8800000548362732, 4.034776068806423e-09, 0.0], 18: [0.9151471853256226, 4.034776068806423e-09, -0.08485281467437744], 19: [0.940000057220459, 0.06000000238418579, 0.08485281467437744], 20: [0.9151471853256226, 0.08485281467437744, 0.0], 21: [0.940000057220459, 0.06000000238418579, -0.08485281467437744], 22: [1.0, 4.034776068806423e-09, 0.12000000476837158], 23: [1.0, 0.08485281467437744, 0.08485281467437744], 24: [1.0, 0.12000000476837158, 0.0], 25: [1.0, 0.08485281467437744, -0.08485281467437744], 26: [0.7933955192565918, -0.10000003129243851, -0.13572123646736145], 27: [0.9199999570846558, -0.08000002056360245, 2.2351741790771484e-08], 28: [0.7933955192565918, 0.10000001639127731, -0.13572123646736145], 29: [0.9199999570846558, 0.08000002056360245, 2.2351741790771484e-08], 30: [0.9466044902801514, -0.10000001639127731, -0.2642787992954254], 31: [1.0800000429153442, -0.08000002056360245, 2.2351741790771484e-08], 32: [0.9466044902801514, 0.10000003129243851, -0.2642787992954254], 33: [1.0800000429153442, 0.08000002056360245, 2.2351741790771484e-08], 34: [0.5876666903495789, 0.10000001639127731, -0.3862003684043884], 35: [0.5876666903495789, -0.10000003129243851, -0.3862003684043884], 36: [0.7023820281028748, 0.10000003129243851, -0.5500308275222778], 37: [0.7023820281028748, -0.10000001639127731, -0.5500308275222778], 38: [-0.06765496730804443, 0.10000001639127731, -0.8450615406036377], 39: [-0.06765496730804443, -0.10000003129243851, -0.8450615406036377], 40: [0.047060370445251465, 0.05000001937150955, -1.0088920593261719], 41: [0.047060370445251465, -0.05000000447034836, -1.0088920593261719]}, 'faces': {0: [1.0362131595611572, 0.08742640912532806, 0.04242640733718872], 1: [1.0362131595611572, 0.08742640912532806, -0.04242640733718872], 2: [1.0199999809265137, 0.048284273594617844, 0.09656854718923569], 3: [1.0199999809265137, 0.048284273594617844, -0.09656854718923569], 4: [1.0874263048171997, 0.03621320426464081, -0.04242640733718872], 5: [1.0482842922210693, 0.020000003278255463, 0.09656854718923569], 6: [1.0482842922210693, 0.020000003278255463, -0.09656854718923569], 7: [1.0874263048171997, 0.03621320426464081, 0.04242640733718872], 8: [1.0874264240264893, -0.03621320426464081, -0.04242640733718872], 9: [1.0482842922210693, -0.019999999552965164, 0.09656854718923569], 10: [1.0482842922210693, -0.019999999552965164, -0.09656854718923569], 11: [1.0874264240264893, -0.03621320426464081, 0.04242640733718872], 12: [1.0362131595611572, -0.08742640912532806, 0.04242640733718872], 13: [1.0362131595611572, -0.08742640912532806, -0.04242640733718872], 14: [1.0199999809265137, -0.048284273594617844, 0.09656854718923569], 15: [1.0199999809265137, -0.048284273594617844, -0.09656854718923569], 16: [0.9800000190734863, -0.048284273594617844, -0.09656854718923569], 17: [0.9637868404388428, -0.08742640912532806, 0.04242640733718872], 18: [0.9637868404388428, -0.08742640912532806, -0.04242640733718872], 19: [0.9800000190734863, -0.048284273594617844, 0.09656854718923569], 20: [0.9517158269882202, -0.019999999552965164, -0.09656854718923569], 21: [0.9125736355781555, -0.03621320426464081, 0.04242640733718872], 22: [0.9125735759735107, -0.03621320426464081, -0.04242640733718872], 23: [0.9517158269882202, -0.019999999552965164, 0.09656854718923569], 24: [0.9517158269882202, 0.020000003278255463, -0.09656854718923569], 25: [0.9125735759735107, 0.03621320426464081, 0.04242640733718872], 26: [0.9125735759735107, 0.03621320426464081, -0.04242640733718872], 27: [0.9517158269882202, 0.020000003278255463, 0.09656854718923569], 28: [0.9800000190734863, 0.048284273594617844, -0.09656854718923569], 29: [0.9637868404388428, 0.08742640912532806, 0.04242640733718872], 30: [0.9637868404388428, 0.08742640912532806, -0.04242640733718872], 31: [0.9800000190734863, 0.048284273594617844, 0.09656854718923569], 32: [0.8566977381706238, -3.725290298461914e-09, -0.06786060333251953], 33: [0.9350000023841858, 0.09000001847743988, -0.09999999403953552], 34: [1.0133023262023926, 3.725290298461914e-09, -0.1321393847465515], 35: [0.9350000619888306, -0.09000001847743988, -0.09999999403953552], 36: [0.7575122117996216, -0.10000002384185791, -0.3340578079223633], 37: [1.0, 0.0, 2.2351741790771484e-08], 38: [0.31736353039741516, -0.08750002086162567, -0.6975461840629578], 39: [0.7575122117996216, 0.10000002384185791, -0.3340578079223633], 40: [0.6905311346054077, -7.450580596923828e-09, -0.26096081733703613], 41: [0.8244932889938354, 7.450580596923828e-09, -0.4071548283100128], 42: [-0.010297298431396484, 0.0, -0.9269767999649048], 43: [0.31736353039741516, 0.08750002086162567, -0.6975461840629578], 44: [0.3747211992740631, 7.450580596923828e-09, -0.7794614434242249], 45: [0.2600058615207672, -7.450580596923828e-09, -0.6156309843063354]}, 'editMode': True}, 'Sphere', {'tolerance': 10}]
['Add Modifier', {'type': 'SUBSURF', 'vertices': {0: [1.059999942779541, 0.06000000238418579, 0.08485281467437744], 1: [1.0848528146743774, 0.08485281467437744, 0.0], 2: [1.059999942779541, 0.06000000238418579, -0.08485281467437744], 3: [1.0848528146743774, 4.034776068806423e-09, 0.08485281467437744], 4: [1.1200000047683716, 4.034776068806423e-09, 0.0], 5: [1.0848528146743774, 4.034776068806423e-09, -0.08485281467437744], 6: [1.059999942779541, -0.06000000238418579, 0.08485281467437744], 7: [1.0848528146743774, -0.08485281467437744, 0.0], 8: [1.059999942779541, -0.06000000238418579, -0.08485281467437744], 9: [1.0, -0.08485281467437744, 0.08485281467437744], 10: [1.0, -0.12000000476837158, 0.0], 11: [1.0, -0.08485281467437744, -0.08485281467437744], 12: [0.940000057220459, -0.06000000238418579, 0.08485281467437744], 13: [0.9151471853256226, -0.08485281467437744, 0.0], 14: [0.940000057220459, -0.06000000238418579, -0.08485281467437744], 15: [1.0, 4.034776068806423e-09, -0.12000000476837158], 16: [0.9151471853256226, 4.034776068806423e-09, 0.08485281467437744], 17: [0.8800000548362732, 4.034776068806423e-09, 0.0], 18: [0.9151471853256226, 4.034776068806423e-09, -0.08485281467437744], 19: [0.940000057220459, 0.06000000238418579, 0.08485281467437744], 20: [0.9151471853256226, 0.08485281467437744, 0.0], 21: [0.940000057220459, 0.06000000238418579, -0.08485281467437744], 22: [1.0, 4.034776068806423e-09, 0.12000000476837158], 23: [1.0, 0.08485281467437744, 0.08485281467437744], 24: [1.0, 0.12000000476837158, 0.0], 25: [1.0, 0.08485281467437744, -0.08485281467437744], 26: [0.7933955192565918, -0.10000003129243851, -0.13572123646736145], 27: [0.9199999570846558, -0.08000002056360245, 2.2351741790771484e-08], 28: [0.7933955192565918, 0.10000001639127731, -0.13572123646736145], 29: [0.9199999570846558, 0.08000002056360245, 2.2351741790771484e-08], 30: [0.9466044902801514, -0.10000001639127731, -0.2642787992954254], 31: [1.0800000429153442, -0.08000002056360245, 2.2351741790771484e-08], 32: [0.9466044902801514, 0.10000003129243851, -0.2642787992954254], 33: [1.0800000429153442, 0.08000002056360245, 2.2351741790771484e-08], 34: [0.5876666903495789, 0.10000001639127731, -0.3862003684043884], 35: [0.5876666903495789, -0.10000003129243851, -0.3862003684043884], 36: [0.7023820281028748, 0.10000003129243851, -0.5500308275222778], 37: [0.7023820281028748, -0.10000001639127731, -0.5500308275222778], 38: [-0.06765496730804443, 0.10000001639127731, -0.8450615406036377], 39: [-0.06765496730804443, -0.10000003129243851, -0.8450615406036377], 40: [0.047060370445251465, 0.05000001937150955, -1.0088920593261719], 41: [0.047060370445251465, -0.05000000447034836, -1.0088920593261719]}, 'faces': {0: [1.0362131595611572, 0.08742640912532806, 0.04242640733718872], 1: [1.0362131595611572, 0.08742640912532806, -0.04242640733718872], 2: [1.0199999809265137, 0.048284273594617844, 0.09656854718923569], 3: [1.0199999809265137, 0.048284273594617844, -0.09656854718923569], 4: [1.0874263048171997, 0.03621320426464081, -0.04242640733718872], 5: [1.0482842922210693, 0.020000003278255463, 0.09656854718923569], 6: [1.0482842922210693, 0.020000003278255463, -0.09656854718923569], 7: [1.0874263048171997, 0.03621320426464081, 0.04242640733718872], 8: [1.0874264240264893, -0.03621320426464081, -0.04242640733718872], 9: [1.0482842922210693, -0.019999999552965164, 0.09656854718923569], 10: [1.0482842922210693, -0.019999999552965164, -0.09656854718923569], 11: [1.0874264240264893, -0.03621320426464081, 0.04242640733718872], 12: [1.0362131595611572, -0.08742640912532806, 0.04242640733718872], 13: [1.0362131595611572, -0.08742640912532806, -0.04242640733718872], 14: [1.0199999809265137, -0.048284273594617844, 0.09656854718923569], 15: [1.0199999809265137, -0.048284273594617844, -0.09656854718923569], 16: [0.9800000190734863, -0.048284273594617844, -0.09656854718923569], 17: [0.9637868404388428, -0.08742640912532806, 0.04242640733718872], 18: [0.9637868404388428, -0.08742640912532806, -0.04242640733718872], 19: [0.9800000190734863, -0.048284273594617844, 0.09656854718923569], 20: [0.9517158269882202, -0.019999999552965164, -0.09656854718923569], 21: [0.9125736355781555, -0.03621320426464081, 0.04242640733718872], 22: [0.9125735759735107, -0.03621320426464081, -0.04242640733718872], 23: [0.9517158269882202, -0.019999999552965164, 0.09656854718923569], 24: [0.9517158269882202, 0.020000003278255463, -0.09656854718923569], 25: [0.9125735759735107, 0.03621320426464081, 0.04242640733718872], 26: [0.9125735759735107, 0.03621320426464081, -0.04242640733718872], 27: [0.9517158269882202, 0.020000003278255463, 0.09656854718923569], 28: [0.9800000190734863, 0.048284273594617844, -0.09656854718923569], 29: [0.9637868404388428, 0.08742640912532806, 0.04242640733718872], 30: [0.9637868404388428, 0.08742640912532806, -0.04242640733718872], 31: [0.9800000190734863, 0.048284273594617844, 0.09656854718923569], 32: [0.8566977381706238, -3.725290298461914e-09, -0.06786060333251953], 33: [0.9350000023841858, 0.09000001847743988, -0.09999999403953552], 34: [1.0133023262023926, 3.725290298461914e-09, -0.1321393847465515], 35: [0.9350000619888306, -0.09000001847743988, -0.09999999403953552], 36: [0.7575122117996216, -0.10000002384185791, -0.3340578079223633], 37: [1.0, 0.0, 2.2351741790771484e-08], 38: [0.31736353039741516, -0.08750002086162567, -0.6975461840629578], 39: [0.7575122117996216, 0.10000002384185791, -0.3340578079223633], 40: [0.6905311346054077, -7.450580596923828e-09, -0.26096081733703613], 41: [0.8244932889938354, 7.450580596923828e-09, -0.4071548283100128], 42: [-0.010297298431396484, 0.0, -0.9269767999649048], 43: [0.31736353039741516, 0.08750002086162567, -0.6975461840629578], 44: [0.3747211992740631, 7.450580596923828e-09, -0.7794614434242249], 45: [0.2600058615207672, -7.450580596923828e-09, -0.6156309843063354]}, 'editMode': True}, 'Sphere', {'tolerance': 10}]
[' bpy context object modifiers', {'group': 'Subdivision', 'levels': '3', 'editMode': True}, 'Sphere', {'tolerance': 10}]
['Loop Cut and Slide', {'number_cuts': 1, 'smoothness': 0, 'value': -0.8, 'single_side': False, 'newVertices': [42, 43, 44, 45], 'newFaces': [46, 47, 48, 49], 'vertices': {0: [1.059999942779541, 0.06000000238418579, 0.08485281467437744], 1: [1.0848528146743774, 0.08485281467437744, 0.0], 2: [1.059999942779541, 0.06000000238418579, -0.08485281467437744], 3: [1.0848528146743774, 4.034776068806423e-09, 0.08485281467437744], 4: [1.1200000047683716, 4.034776068806423e-09, 0.0], 5: [1.0848528146743774, 4.034776068806423e-09, -0.08485281467437744], 6: [1.059999942779541, -0.06000000238418579, 0.08485281467437744], 7: [1.0848528146743774, -0.08485281467437744, 0.0], 8: [1.059999942779541, -0.06000000238418579, -0.08485281467437744], 9: [1.0, -0.08485281467437744, 0.08485281467437744], 10: [1.0, -0.12000000476837158, 0.0], 11: [1.0, -0.08485281467437744, -0.08485281467437744], 12: [0.940000057220459, -0.06000000238418579, 0.08485281467437744], 13: [0.9151471853256226, -0.08485281467437744, 0.0], 14: [0.940000057220459, -0.06000000238418579, -0.08485281467437744], 15: [1.0, 4.034776068806423e-09, -0.12000000476837158], 16: [0.9151471853256226, 4.034776068806423e-09, 0.08485281467437744], 17: [0.8800000548362732, 4.034776068806423e-09, 0.0], 18: [0.9151471853256226, 4.034776068806423e-09, -0.08485281467437744], 19: [0.940000057220459, 0.06000000238418579, 0.08485281467437744], 20: [0.9151471853256226, 0.08485281467437744, 0.0], 21: [0.940000057220459, 0.06000000238418579, -0.08485281467437744], 22: [1.0, 4.034776068806423e-09, 0.12000000476837158], 23: [1.0, 0.08485281467437744, 0.08485281467437744], 24: [1.0, 0.12000000476837158, 0.0], 25: [1.0, 0.08485281467437744, -0.08485281467437744], 26: [0.7933955192565918, -0.10000003129243851, -0.13572123646736145], 27: [0.9199999570846558, -0.08000002056360245, 2.2351741790771484e-08], 28: [0.7933955192565918, 0.10000001639127731, -0.13572123646736145], 29: [0.9199999570846558, 0.08000002056360245, 2.2351741790771484e-08], 30: [0.9466044902801514, -0.10000001639127731, -0.2642787992954254], 31: [1.0800000429153442, -0.08000002056360245, 2.2351741790771484e-08], 32: [0.9466044902801514, 0.10000003129243851, -0.2642787992954254], 33: [1.0800000429153442, 0.08000002056360245, 2.2351741790771484e-08], 34: [0.5876666903495789, 0.10000001639127731, -0.3862003684043884], 35: [0.5876666903495789, -0.10000003129243851, -0.3862003684043884], 36: [0.7023820281028748, 0.10000003129243851, -0.5500308275222778], 37: [0.7023820281028748, -0.10000001639127731, -0.5500308275222778], 38: [-0.06765496730804443, 0.10000001639127731, -0.8450615406036377], 39: [-0.06765496730804443, -0.10000003129243851, -0.8450615406036377], 40: [0.047060370445251465, 0.05000001937150955, -1.0088920593261719], 41: [0.047060370445251465, -0.05000000447034836, -1.0088920593261719], 42: [0.9073395133018494, -0.08200002461671829, -0.013572096824645996], 43: [0.9073395133018494, 0.0820000171661377, -0.013572104275226593], 44: [1.0666605234146118, 0.0820000171661377, -0.026427842676639557], 45: [1.0666605234146118, -0.0820000171661377, -0.026427842676639557]}, 'faces': {0: [1.0362131595611572, 0.08742640912532806, 0.04242640733718872], 1: [1.0362131595611572, 0.08742640912532806, -0.04242640733718872], 2: [1.0199999809265137, 0.048284273594617844, 0.09656854718923569], 3: [1.0199999809265137, 0.048284273594617844, -0.09656854718923569], 4: [1.0874263048171997, 0.03621320426464081, -0.04242640733718872], 5: [1.0482842922210693, 0.020000003278255463, 0.09656854718923569], 6: [1.0482842922210693, 0.020000003278255463, -0.09656854718923569], 7: [1.0874263048171997, 0.03621320426464081, 0.04242640733718872], 8: [1.0874264240264893, -0.03621320426464081, -0.04242640733718872], 9: [1.0482842922210693, -0.019999999552965164, 0.09656854718923569], 10: [1.0482842922210693, -0.019999999552965164, -0.09656854718923569], 11: [1.0874264240264893, -0.03621320426464081, 0.04242640733718872], 12: [1.0362131595611572, -0.08742640912532806, 0.04242640733718872], 13: [1.0362131595611572, -0.08742640912532806, -0.04242640733718872], 14: [1.0199999809265137, -0.048284273594617844, 0.09656854718923569], 15: [1.0199999809265137, -0.048284273594617844, -0.09656854718923569], 16: [0.9800000190734863, -0.048284273594617844, -0.09656854718923569], 17: [0.9637868404388428, -0.08742640912532806, 0.04242640733718872], 18: [0.9637868404388428, -0.08742640912532806, -0.04242640733718872], 19: [0.9800000190734863, -0.048284273594617844, 0.09656854718923569], 20: [0.9517158269882202, -0.019999999552965164, -0.09656854718923569], 21: [0.9125736355781555, -0.03621320426464081, 0.04242640733718872], 22: [0.9125735759735107, -0.03621320426464081, -0.04242640733718872], 23: [0.9517158269882202, -0.019999999552965164, 0.09656854718923569], 24: [0.9517158269882202, 0.020000003278255463, -0.09656854718923569], 25: [0.9125735759735107, 0.03621320426464081, 0.04242640733718872], 26: [0.9125735759735107, 0.03621320426464081, -0.04242640733718872], 27: [0.9517158269882202, 0.020000003278255463, 0.09656854718923569], 28: [0.9800000190734863, 0.048284273594617844, -0.09656854718923569], 29: [0.9637868404388428, 0.08742640912532806, 0.04242640733718872], 30: [0.9637868404388428, 0.08742640912532806, -0.04242640733718872], 31: [0.9800000190734863, 0.048284273594617844, 0.09656854718923569], 32: [0.9136697053909302, -1.862645149230957e-09, -0.006786039099097252], 33: [0.9934999942779541, 0.08100001513957977, -0.009999975562095642], 34: [1.073330283164978, -1.862645149230957e-09, -0.013213910162448883], 35: [0.9934999942779541, -0.08100001513957977, -0.009999973699450493], 36: [0.7575122117996216, -0.10000002384185791, -0.3340578079223633], 37: [1.0, 0.0, 2.2351741790771484e-08], 38: [0.31736353039741516, -0.08750002086162567, -0.6975461840629578], 39: [0.7575122117996216, 0.10000002384185791, -0.3340578079223633], 40: [0.6905311346054077, -7.450580596923828e-09, -0.26096081733703613], 41: [0.8244932889938354, 7.450580596923828e-09, -0.4071548283100128], 42: [-0.010297298431396484, 0.0, -0.9269767999649048], 43: [0.31736353039741516, 0.08750002086162567, -0.6975461840629578], 44: [0.3747211992740631, 7.450580596923828e-09, -0.7794614434242249], 45: [0.2600058615207672, -7.450580596923828e-09, -0.6156309843063354], 46: [0.9285000562667847, -0.0910000205039978, -0.10999999195337296], 47: [1.0066325664520264, 1.862645149230957e-09, -0.1453533172607422], 48: [0.9284999966621399, 0.0910000205039978, -0.10999999195337296], 49: [0.850367546081543, -5.587935447692871e-09, -0.07464666664600372]}, 'editMode': True}, 'Sphere', {'tolerance': 10}]
['Loop Cut and Slide', {'number_cuts': 1, 'smoothness': 0, 'value': -0.8, 'single_side': False, 'newVertices': [46, 47, 48, 49], 'newFaces': [50, 51, 52, 53], 'vertices': {0: [1.059999942779541, 0.06000000238418579, 0.08485281467437744], 1: [1.0848528146743774, 0.08485281467437744, 0.0], 2: [1.059999942779541, 0.06000000238418579, -0.08485281467437744], 3: [1.0848528146743774, 4.034776068806423e-09, 0.08485281467437744], 4: [1.1200000047683716, 4.034776068806423e-09, 0.0], 5: [1.0848528146743774, 4.034776068806423e-09, -0.08485281467437744], 6: [1.059999942779541, -0.06000000238418579, 0.08485281467437744], 7: [1.0848528146743774, -0.08485281467437744, 0.0], 8: [1.059999942779541, -0.06000000238418579, -0.08485281467437744], 9: [1.0, -0.08485281467437744, 0.08485281467437744], 10: [1.0, -0.12000000476837158, 0.0], 11: [1.0, -0.08485281467437744, -0.08485281467437744], 12: [0.940000057220459, -0.06000000238418579, 0.08485281467437744], 13: [0.9151471853256226, -0.08485281467437744, 0.0], 14: [0.940000057220459, -0.06000000238418579, -0.08485281467437744], 15: [1.0, 4.034776068806423e-09, -0.12000000476837158], 16: [0.9151471853256226, 4.034776068806423e-09, 0.08485281467437744], 17: [0.8800000548362732, 4.034776068806423e-09, 0.0], 18: [0.9151471853256226, 4.034776068806423e-09, -0.08485281467437744], 19: [0.940000057220459, 0.06000000238418579, 0.08485281467437744], 20: [0.9151471853256226, 0.08485281467437744, 0.0], 21: [0.940000057220459, 0.06000000238418579, -0.08485281467437744], 22: [1.0, 4.034776068806423e-09, 0.12000000476837158], 23: [1.0, 0.08485281467437744, 0.08485281467437744], 24: [1.0, 0.12000000476837158, 0.0], 25: [1.0, 0.08485281467437744, -0.08485281467437744], 26: [0.7933955192565918, -0.10000003129243851, -0.13572123646736145], 27: [0.9199999570846558, -0.08000002056360245, 2.2351741790771484e-08], 28: [0.7933955192565918, 0.10000001639127731, -0.13572123646736145], 29: [0.9199999570846558, 0.08000002056360245, 2.2351741790771484e-08], 30: [0.9466044902801514, -0.10000001639127731, -0.2642787992954254], 31: [1.0800000429153442, -0.08000002056360245, 2.2351741790771484e-08], 32: [0.9466044902801514, 0.10000003129243851, -0.2642787992954254], 33: [1.0800000429153442, 0.08000002056360245, 2.2351741790771484e-08], 34: [0.5876666903495789, 0.10000001639127731, -0.3862003684043884], 35: [0.5876666903495789, -0.10000003129243851, -0.3862003684043884], 36: [0.7023820281028748, 0.10000003129243851, -0.5500308275222778], 37: [0.7023820281028748, -0.10000001639127731, -0.5500308275222778], 38: [-0.06765496730804443, 0.10000001639127731, -0.8450615406036377], 39: [-0.06765496730804443, -0.10000003129243851, -0.8450615406036377], 40: [0.047060370445251465, 0.05000001937150955, -1.0088920593261719], 41: [0.047060370445251465, -0.05000000447034836, -1.0088920593261719], 42: [0.9073395133018494, -0.08200002461671829, -0.013572096824645996], 43: [0.9073395133018494, 0.0820000171661377, -0.013572104275226593], 44: [1.0666605234146118, 0.0820000171661377, -0.026427842676639557], 45: [1.0666605234146118, -0.0820000171661377, -0.026427842676639557], 46: [-0.002122819423675537, -0.10000003129243851, -0.7991754412651062], 47: [0.11259251832962036, -0.05500000715255737, -0.9630059599876404], 48: [0.11259251832962036, 0.05500002205371857, -0.9630059599876404], 49: [-0.002122819423675537, 0.10000001639127731, -0.7991754412651062]}, 'faces': {0: [1.0362131595611572, 0.08742640912532806, 0.04242640733718872], 1: [1.0362131595611572, 0.08742640912532806, -0.04242640733718872], 2: [1.0199999809265137, 0.048284273594617844, 0.09656854718923569], 3: [1.0199999809265137, 0.048284273594617844, -0.09656854718923569], 4: [1.0874263048171997, 0.03621320426464081, -0.04242640733718872], 5: [1.0482842922210693, 0.020000003278255463, 0.09656854718923569], 6: [1.0482842922210693, 0.020000003278255463, -0.09656854718923569], 7: [1.0874263048171997, 0.03621320426464081, 0.04242640733718872], 8: [1.0874264240264893, -0.03621320426464081, -0.04242640733718872], 9: [1.0482842922210693, -0.019999999552965164, 0.09656854718923569], 10: [1.0482842922210693, -0.019999999552965164, -0.09656854718923569], 11: [1.0874264240264893, -0.03621320426464081, 0.04242640733718872], 12: [1.0362131595611572, -0.08742640912532806, 0.04242640733718872], 13: [1.0362131595611572, -0.08742640912532806, -0.04242640733718872], 14: [1.0199999809265137, -0.048284273594617844, 0.09656854718923569], 15: [1.0199999809265137, -0.048284273594617844, -0.09656854718923569], 16: [0.9800000190734863, -0.048284273594617844, -0.09656854718923569], 17: [0.9637868404388428, -0.08742640912532806, 0.04242640733718872], 18: [0.9637868404388428, -0.08742640912532806, -0.04242640733718872], 19: [0.9800000190734863, -0.048284273594617844, 0.09656854718923569], 20: [0.9517158269882202, -0.019999999552965164, -0.09656854718923569], 21: [0.9125736355781555, -0.03621320426464081, 0.04242640733718872], 22: [0.9125735759735107, -0.03621320426464081, -0.04242640733718872], 23: [0.9517158269882202, -0.019999999552965164, 0.09656854718923569], 24: [0.9517158269882202, 0.020000003278255463, -0.09656854718923569], 25: [0.9125735759735107, 0.03621320426464081, 0.04242640733718872], 26: [0.9125735759735107, 0.03621320426464081, -0.04242640733718872], 27: [0.9517158269882202, 0.020000003278255463, 0.09656854718923569], 28: [0.9800000190734863, 0.048284273594617844, -0.09656854718923569], 29: [0.9637868404388428, 0.08742640912532806, 0.04242640733718872], 30: [0.9637868404388428, 0.08742640912532806, -0.04242640733718872], 31: [0.9800000190734863, 0.048284273594617844, 0.09656854718923569], 32: [0.9136697053909302, -1.862645149230957e-09, -0.006786039099097252], 33: [0.9934999942779541, 0.08100001513957977, -0.009999975562095642], 34: [1.073330283164978, -1.862645149230957e-09, -0.013213910162448883], 35: [0.9934999942779541, -0.08100001513957977, -0.009999973699450493], 36: [0.7575122117996216, -0.10000002384185791, -0.3340578079223633], 37: [1.0, 0.0, 2.2351741790771484e-08], 38: [0.022468775510787964, -0.07625001668930054, -0.9040337800979614], 39: [0.7575122117996216, 0.10000002384185791, -0.3340578079223633], 40: [0.6905311346054077, -7.450580596923828e-09, -0.26096081733703613], 41: [0.8244932889938354, 7.450580596923828e-09, -0.4071548283100128], 42: [-0.010297298431396484, 0.0, -0.9269767999649048], 43: [0.022468775510787964, 0.07625001668930054, -0.9040337204933167], 44: [0.07982644438743591, 7.450580596923828e-09, -0.9859490394592285], 45: [-0.034888893365859985, -7.450580596923828e-09, -0.8221184611320496], 46: [0.9285000562667847, -0.0910000205039978, -0.10999999195337296], 47: [1.0066325664520264, 1.862645149230957e-09, -0.1453533172607422], 48: [0.9284999966621399, 0.0910000205039978, -0.10999999195337296], 49: [0.850367546081543, -5.587935447692871e-09, -0.07464666664600372], 50: [0.29277193546295166, -7.450580596923828e-09, -0.5926879048347473], 51: [0.40748727321624756, 7.450580596923828e-09, -0.7565184235572815], 52: [0.3501296043395996, 0.08875001966953278, -0.6746031641960144], 53: [0.3501296043395996, -0.08875001966953278, -0.6746031641960144]}, 'editMode': True}, 'Sphere', {'tolerance': 10}]
['Loop Cut and Slide', {'number_cuts': 1, 'smoothness': 0, 'value': -0.7, 'single_side': False, 'newVertices': [50, 51, 52, 53, 54, 55, 56, 57, 58, 59, 60, 61], 'newFaces': [54, 55, 56, 57, 58, 59, 60, 61, 62, 63, 64, 65], 'vertices': {0: [1.059999942779541, 0.06000000238418579, 0.08485281467437744], 1: [1.0848528146743774, 0.08485281467437744, 0.0], 2: [1.059999942779541, 0.06000000238418579, -0.08485281467437744], 3: [1.0848528146743774, 4.034776068806423e-09, 0.08485281467437744], 4: [1.1200000047683716, 4.034776068806423e-09, 0.0], 5: [1.0848528146743774, 4.034776068806423e-09, -0.08485281467437744], 6: [1.059999942779541, -0.06000000238418579, 0.08485281467437744], 7: [1.0848528146743774, -0.08485281467437744, 0.0], 8: [1.059999942779541, -0.06000000238418579, -0.08485281467437744], 9: [1.0, -0.08485281467437744, 0.08485281467437744], 10: [1.0, -0.12000000476837158, 0.0], 11: [1.0, -0.08485281467437744, -0.08485281467437744], 12: [0.940000057220459, -0.06000000238418579, 0.08485281467437744], 13: [0.9151471853256226, -0.08485281467437744, 0.0], 14: [0.940000057220459, -0.06000000238418579, -0.08485281467437744], 15: [1.0, 4.034776068806423e-09, -0.12000000476837158], 16: [0.9151471853256226, 4.034776068806423e-09, 0.08485281467437744], 17: [0.8800000548362732, 4.034776068806423e-09, 0.0], 18: [0.9151471853256226, 4.034776068806423e-09, -0.08485281467437744], 19: [0.940000057220459, 0.06000000238418579, 0.08485281467437744], 20: [0.9151471853256226, 0.08485281467437744, 0.0], 21: [0.940000057220459, 0.06000000238418579, -0.08485281467437744], 22: [1.0, 4.034776068806423e-09, 0.12000000476837158], 23: [1.0, 0.08485281467437744, 0.08485281467437744], 24: [1.0, 0.12000000476837158, 0.0], 25: [1.0, 0.08485281467437744, -0.08485281467437744], 26: [0.7933955192565918, -0.10000003129243851, -0.13572123646736145], 27: [0.9199999570846558, -0.08000002056360245, 2.2351741790771484e-08], 28: [0.7933955192565918, 0.10000001639127731, -0.13572123646736145], 29: [0.9199999570846558, 0.08000002056360245, 2.2351741790771484e-08], 30: [0.9466044902801514, -0.10000001639127731, -0.2642787992954254], 31: [1.0800000429153442, -0.08000002056360245, 2.2351741790771484e-08], 32: [0.9466044902801514, 0.10000003129243851, -0.2642787992954254], 33: [1.0800000429153442, 0.08000002056360245, 2.2351741790771484e-08], 34: [0.5876666903495789, 0.10000001639127731, -0.3862003684043884], 35: [0.5876666903495789, -0.10000003129243851, -0.3862003684043884], 36: [0.7023820281028748, 0.10000003129243851, -0.5500308275222778], 37: [0.7023820281028748, -0.10000001639127731, -0.5500308275222778], 38: [-0.06765496730804443, 0.10000001639127731, -0.8450615406036377], 39: [-0.06765496730804443, -0.10000003129243851, -0.8450615406036377], 40: [0.047060370445251465, 0.05000001937150955, -1.0088920593261719], 41: [0.047060370445251465, -0.05000000447034836, -1.0088920593261719], 42: [0.9073395133018494, -0.08200002461671829, -0.013572096824645996], 43: [0.9073395133018494, 0.0820000171661377, -0.013572104275226593], 44: [1.0666605234146118, 0.0820000171661377, -0.026427842676639557], 45: [1.0666605234146118, -0.0820000171661377, -0.026427842676639557], 46: [-0.002122819423675537, -0.10000003129243851, -0.7991754412651062], 47: [0.11259251832962036, -0.05500000715255737, -0.9630059599876404], 48: [0.11259251832962036, 0.05500002205371857, -0.9630059599876404], 49: [-0.002122819423675537, 0.10000001639127731, -0.7991754412651062], 50: [0.9236231446266174, 0.10000003129243851, -0.24499516189098358], 51: [1.055999994277954, 0.08000002056360245, 2.2351741790771484e-08], 52: [0.9236231446266174, -0.10000001639127731, -0.24499516189098358], 53: [1.055999994277954, -0.08000002056360245, 2.2351741790771484e-08], 54: [0.6851747035980225, 0.10000003129243851, -0.5254562497138977], 55: [0.6851747035980225, -0.10000001639127731, -0.5254562497138977], 56: [0.02985307201743126, 0.057500019669532776, -0.9843174815177917], 57: [0.02985307201743126, -0.05750000476837158, -0.9843174815177917], 58: [1.0427623987197876, -0.0820000171661377, -0.024499481543898582], 59: [1.0427623987197876, 0.0820000171661377, -0.024499481543898582], 60: [0.09538521617650986, 0.06175002083182335, -0.9384313821792603], 61: [0.09538521617650986, -0.061750009655952454, -0.9384313821792603]}, 'faces': {0: [1.0362131595611572, 0.08742640912532806, 0.04242640733718872], 1: [1.0362131595611572, 0.08742640912532806, -0.04242640733718872], 2: [1.0199999809265137, 0.048284273594617844, 0.09656854718923569], 3: [1.0199999809265137, 0.048284273594617844, -0.09656854718923569], 4: [1.0874263048171997, 0.03621320426464081, -0.04242640733718872], 5: [1.0482842922210693, 0.020000003278255463, 0.09656854718923569], 6: [1.0482842922210693, 0.020000003278255463, -0.09656854718923569], 7: [1.0874263048171997, 0.03621320426464081, 0.04242640733718872], 8: [1.0874264240264893, -0.03621320426464081, -0.04242640733718872], 9: [1.0482842922210693, -0.019999999552965164, 0.09656854718923569], 10: [1.0482842922210693, -0.019999999552965164, -0.09656854718923569], 11: [1.0874264240264893, -0.03621320426464081, 0.04242640733718872], 12: [1.0362131595611572, -0.08742640912532806, 0.04242640733718872], 13: [1.0362131595611572, -0.08742640912532806, -0.04242640733718872], 14: [1.0199999809265137, -0.048284273594617844, 0.09656854718923569], 15: [1.0199999809265137, -0.048284273594617844, -0.09656854718923569], 16: [0.9800000190734863, -0.048284273594617844, -0.09656854718923569], 17: [0.9637868404388428, -0.08742640912532806, 0.04242640733718872], 18: [0.9637868404388428, -0.08742640912532806, -0.04242640733718872], 19: [0.9800000190734863, -0.048284273594617844, 0.09656854718923569], 20: [0.9517158269882202, -0.019999999552965164, -0.09656854718923569], 21: [0.9125736355781555, -0.03621320426464081, 0.04242640733718872], 22: [0.9125735759735107, -0.03621320426464081, -0.04242640733718872], 23: [0.9517158269882202, -0.019999999552965164, 0.09656854718923569], 24: [0.9517158269882202, 0.020000003278255463, -0.09656854718923569], 25: [0.9125735759735107, 0.03621320426464081, 0.04242640733718872], 26: [0.9125735759735107, 0.03621320426464081, -0.04242640733718872], 27: [0.9517158269882202, 0.020000003278255463, 0.09656854718923569], 28: [0.9800000190734863, 0.048284273594617844, -0.09656854718923569], 29: [0.9637868404388428, 0.08742640912532806, 0.04242640733718872], 30: [0.9637868404388428, 0.08742640912532806, -0.04242640733718872], 31: [0.9800000190734863, 0.048284273594617844, 0.09656854718923569], 32: [0.9136697053909302, -1.862645149230957e-09, -0.006786039099097252], 33: [1.061355710029602, 0.08100001513957977, -0.012731820344924927], 34: [1.073330283164978, -1.862645149230957e-09, -0.013213910162448883], 35: [0.9815255403518677, -0.08100001513957977, -0.009517883881926537], 36: [0.7474650144577026, -0.10000002384185791, -0.3230932354927063], 37: [0.9879999756813049, 0.0, 2.2351741790771484e-08], 38: [0.013865125365555286, -0.07981251925230026, -0.891746461391449], 39: [0.8144460916519165, 0.10000003129243851, -0.39619022607803345], 40: [0.6905311346054077, -7.450580596923828e-09, -0.26096081733703613], 41: [0.8244932889938354, 7.450580596923828e-09, -0.4071548283100128], 42: [0.03845672309398651, 7.450580596923828e-09, -0.9966048002243042], 43: [0.07122279703617096, 0.056062523275613785, -0.9736617207527161], 44: [0.07982644438743591, 7.450580596923828e-09, -0.9859490394592285], 45: [-0.034888893365859985, -7.450580596923828e-09, -0.8221184611320496], 46: [0.9167801737785339, -0.0910000205039978, -0.10469699651002884], 47: [1.0066325664520264, 1.862645149230957e-09, -0.1453533172607422], 48: [0.9949126839637756, 0.0910000205039978, -0.14005032181739807], 49: [0.850367546081543, -5.587935447692871e-09, -0.07464666664600372], 50: [0.29277193546295166, -7.450580596923828e-09, -0.5926879048347473], 51: [0.40748727321624756, 7.450580596923828e-09, -0.7565184235572815], 52: [0.3988836109638214, 0.07918752729892731, -0.744231104850769], 53: [0.34152594208717346, -0.09043751657009125, -0.662315845489502], 54: [0.3988836407661438, -0.07918751239776611, -0.744231104850769], 55: [0.34152597188949585, 0.09043752402067184, -0.662315845489502], 56: [0.9167801141738892, 0.0910000205039978, -0.10469698905944824], 57: [0.9949126243591309, -0.0910000205039978, -0.14005032181739807], 58: [0.013865124434232712, 0.07981251925230026, -0.891746461391449], 59: [-0.018900947645306587, -1.862645149230957e-09, -0.9146895408630371], 60: [0.7474650144577026, 0.10000002384185791, -0.3230932354927063], 61: [0.07122279703617096, -0.05606250464916229, -0.9736617207527161], 62: [1.068000078201294, 0.0, 2.2351741790771484e-08], 63: [0.8144460916519165, -0.10000001639127731, -0.39619025588035583], 64: [1.061355710029602, -0.08100001513957977, -0.012731820344924927], 65: [0.9815254211425781, 0.08100001513957977, -0.009517885744571686]}, 'editMode': True}, 'Sphere', {'tolerance': 10}]
['(De)select All', {'action': 'DESELECT', 'vertices': {0: [1.059999942779541, 0.06000000238418579, 0.08485281467437744], 1: [1.0848528146743774, 0.08485281467437744, 0.0], 2: [1.059999942779541, 0.06000000238418579, -0.08485281467437744], 3: [1.0848528146743774, 4.034776068806423e-09, 0.08485281467437744], 4: [1.1200000047683716, 4.034776068806423e-09, 0.0], 5: [1.0848528146743774, 4.034776068806423e-09, -0.08485281467437744], 6: [1.059999942779541, -0.06000000238418579, 0.08485281467437744], 7: [1.0848528146743774, -0.08485281467437744, 0.0], 8: [1.059999942779541, -0.06000000238418579, -0.08485281467437744], 9: [1.0, -0.08485281467437744, 0.08485281467437744], 10: [1.0, -0.12000000476837158, 0.0], 11: [1.0, -0.08485281467437744, -0.08485281467437744], 12: [0.940000057220459, -0.06000000238418579, 0.08485281467437744], 13: [0.9151471853256226, -0.08485281467437744, 0.0], 14: [0.940000057220459, -0.06000000238418579, -0.08485281467437744], 15: [1.0, 4.034776068806423e-09, -0.12000000476837158], 16: [0.9151471853256226, 4.034776068806423e-09, 0.08485281467437744], 17: [0.8800000548362732, 4.034776068806423e-09, 0.0], 18: [0.9151471853256226, 4.034776068806423e-09, -0.08485281467437744], 19: [0.940000057220459, 0.06000000238418579, 0.08485281467437744], 20: [0.9151471853256226, 0.08485281467437744, 0.0], 21: [0.940000057220459, 0.06000000238418579, -0.08485281467437744], 22: [1.0, 4.034776068806423e-09, 0.12000000476837158], 23: [1.0, 0.08485281467437744, 0.08485281467437744], 24: [1.0, 0.12000000476837158, 0.0], 25: [1.0, 0.08485281467437744, -0.08485281467437744], 26: [0.7933955192565918, -0.10000003129243851, -0.13572123646736145], 27: [0.9199999570846558, -0.08000002056360245, 2.2351741790771484e-08], 28: [0.7933955192565918, 0.10000001639127731, -0.13572123646736145], 29: [0.9199999570846558, 0.08000002056360245, 2.2351741790771484e-08], 30: [0.9466044902801514, -0.10000001639127731, -0.2642787992954254], 31: [1.0800000429153442, -0.08000002056360245, 2.2351741790771484e-08], 32: [0.9466044902801514, 0.10000003129243851, -0.2642787992954254], 33: [1.0800000429153442, 0.08000002056360245, 2.2351741790771484e-08], 34: [0.5876666903495789, 0.10000001639127731, -0.3862003684043884], 35: [0.5876666903495789, -0.10000003129243851, -0.3862003684043884], 36: [0.7023820281028748, 0.10000003129243851, -0.5500308275222778], 37: [0.7023820281028748, -0.10000001639127731, -0.5500308275222778], 38: [-0.06765496730804443, 0.10000001639127731, -0.8450615406036377], 39: [-0.06765496730804443, -0.10000003129243851, -0.8450615406036377], 40: [0.047060370445251465, 0.05000001937150955, -1.0088920593261719], 41: [0.047060370445251465, -0.05000000447034836, -1.0088920593261719], 42: [0.9073395133018494, -0.08200002461671829, -0.013572096824645996], 43: [0.9073395133018494, 0.0820000171661377, -0.013572104275226593], 44: [1.0666605234146118, 0.0820000171661377, -0.026427842676639557], 45: [1.0666605234146118, -0.0820000171661377, -0.026427842676639557], 46: [-0.002122819423675537, -0.10000003129243851, -0.7991754412651062], 47: [0.11259251832962036, -0.05500000715255737, -0.9630059599876404], 48: [0.11259251832962036, 0.05500002205371857, -0.9630059599876404], 49: [-0.002122819423675537, 0.10000001639127731, -0.7991754412651062], 50: [0.9236231446266174, 0.10000003129243851, -0.24499516189098358], 51: [1.055999994277954, 0.08000002056360245, 2.2351741790771484e-08], 52: [0.9236231446266174, -0.10000001639127731, -0.24499516189098358], 53: [1.055999994277954, -0.08000002056360245, 2.2351741790771484e-08], 54: [0.6851747035980225, 0.10000003129243851, -0.5254562497138977], 55: [0.6851747035980225, -0.10000001639127731, -0.5254562497138977], 56: [0.02985307201743126, 0.057500019669532776, -0.9843174815177917], 57: [0.02985307201743126, -0.05750000476837158, -0.9843174815177917], 58: [1.0427623987197876, -0.0820000171661377, -0.024499481543898582], 59: [1.0427623987197876, 0.0820000171661377, -0.024499481543898582], 60: [0.09538521617650986, 0.06175002083182335, -0.9384313821792603], 61: [0.09538521617650986, -0.061750009655952454, -0.9384313821792603]}, 'faces': {0: [1.0362131595611572, 0.08742640912532806, 0.04242640733718872], 1: [1.0362131595611572, 0.08742640912532806, -0.04242640733718872], 2: [1.0199999809265137, 0.048284273594617844, 0.09656854718923569], 3: [1.0199999809265137, 0.048284273594617844, -0.09656854718923569], 4: [1.0874263048171997, 0.03621320426464081, -0.04242640733718872], 5: [1.0482842922210693, 0.020000003278255463, 0.09656854718923569], 6: [1.0482842922210693, 0.020000003278255463, -0.09656854718923569], 7: [1.0874263048171997, 0.03621320426464081, 0.04242640733718872], 8: [1.0874264240264893, -0.03621320426464081, -0.04242640733718872], 9: [1.0482842922210693, -0.019999999552965164, 0.09656854718923569], 10: [1.0482842922210693, -0.019999999552965164, -0.09656854718923569], 11: [1.0874264240264893, -0.03621320426464081, 0.04242640733718872], 12: [1.0362131595611572, -0.08742640912532806, 0.04242640733718872], 13: [1.0362131595611572, -0.08742640912532806, -0.04242640733718872], 14: [1.0199999809265137, -0.048284273594617844, 0.09656854718923569], 15: [1.0199999809265137, -0.048284273594617844, -0.09656854718923569], 16: [0.9800000190734863, -0.048284273594617844, -0.09656854718923569], 17: [0.9637868404388428, -0.08742640912532806, 0.04242640733718872], 18: [0.9637868404388428, -0.08742640912532806, -0.04242640733718872], 19: [0.9800000190734863, -0.048284273594617844, 0.09656854718923569], 20: [0.9517158269882202, -0.019999999552965164, -0.09656854718923569], 21: [0.9125736355781555, -0.03621320426464081, 0.04242640733718872], 22: [0.9125735759735107, -0.03621320426464081, -0.04242640733718872], 23: [0.9517158269882202, -0.019999999552965164, 0.09656854718923569], 24: [0.9517158269882202, 0.020000003278255463, -0.09656854718923569], 25: [0.9125735759735107, 0.03621320426464081, 0.04242640733718872], 26: [0.9125735759735107, 0.03621320426464081, -0.04242640733718872], 27: [0.9517158269882202, 0.020000003278255463, 0.09656854718923569], 28: [0.9800000190734863, 0.048284273594617844, -0.09656854718923569], 29: [0.9637868404388428, 0.08742640912532806, 0.04242640733718872], 30: [0.9637868404388428, 0.08742640912532806, -0.04242640733718872], 31: [0.9800000190734863, 0.048284273594617844, 0.09656854718923569], 32: [0.9136697053909302, -1.862645149230957e-09, -0.006786039099097252], 33: [1.061355710029602, 0.08100001513957977, -0.012731820344924927], 34: [1.073330283164978, -1.862645149230957e-09, -0.013213910162448883], 35: [0.9815255403518677, -0.08100001513957977, -0.009517883881926537], 36: [0.7474650144577026, -0.10000002384185791, -0.3230932354927063], 37: [0.9879999756813049, 0.0, 2.2351741790771484e-08], 38: [0.013865125365555286, -0.07981251925230026, -0.891746461391449], 39: [0.8144460916519165, 0.10000003129243851, -0.39619022607803345], 40: [0.6905311346054077, -7.450580596923828e-09, -0.26096081733703613], 41: [0.8244932889938354, 7.450580596923828e-09, -0.4071548283100128], 42: [0.03845672309398651, 7.450580596923828e-09, -0.9966048002243042], 43: [0.07122279703617096, 0.056062523275613785, -0.9736617207527161], 44: [0.07982644438743591, 7.450580596923828e-09, -0.9859490394592285], 45: [-0.034888893365859985, -7.450580596923828e-09, -0.8221184611320496], 46: [0.9167801737785339, -0.0910000205039978, -0.10469699651002884], 47: [1.0066325664520264, 1.862645149230957e-09, -0.1453533172607422], 48: [0.9949126839637756, 0.0910000205039978, -0.14005032181739807], 49: [0.850367546081543, -5.587935447692871e-09, -0.07464666664600372], 50: [0.29277193546295166, -7.450580596923828e-09, -0.5926879048347473], 51: [0.40748727321624756, 7.450580596923828e-09, -0.7565184235572815], 52: [0.3988836109638214, 0.07918752729892731, -0.744231104850769], 53: [0.34152594208717346, -0.09043751657009125, -0.662315845489502], 54: [0.3988836407661438, -0.07918751239776611, -0.744231104850769], 55: [0.34152597188949585, 0.09043752402067184, -0.662315845489502], 56: [0.9167801141738892, 0.0910000205039978, -0.10469698905944824], 57: [0.9949126243591309, -0.0910000205039978, -0.14005032181739807], 58: [0.013865124434232712, 0.07981251925230026, -0.891746461391449], 59: [-0.018900947645306587, -1.862645149230957e-09, -0.9146895408630371], 60: [0.7474650144577026, 0.10000002384185791, -0.3230932354927063], 61: [0.07122279703617096, -0.05606250464916229, -0.9736617207527161], 62: [1.068000078201294, 0.0, 2.2351741790771484e-08], 63: [0.8144460916519165, -0.10000001639127731, -0.39619025588035583], 64: [1.061355710029602, -0.08100001513957977, -0.012731820344924927], 65: [0.9815254211425781, 0.08100001513957977, -0.009517885744571686]}, 'editMode': True}, 'Sphere', {'tolerance': 10}]
['Select Linked', {'deselect': False, 'delimit': set(), 'vertices': {0: [1.059999942779541, 0.06000000238418579, 0.08485281467437744], 1: [1.0848528146743774, 0.08485281467437744, 0.0], 2: [1.059999942779541, 0.06000000238418579, -0.08485281467437744], 3: [1.0848528146743774, 4.034776068806423e-09, 0.08485281467437744], 4: [1.1200000047683716, 4.034776068806423e-09, 0.0], 5: [1.0848528146743774, 4.034776068806423e-09, -0.08485281467437744], 6: [1.059999942779541, -0.06000000238418579, 0.08485281467437744], 7: [1.0848528146743774, -0.08485281467437744, 0.0], 8: [1.059999942779541, -0.06000000238418579, -0.08485281467437744], 9: [1.0, -0.08485281467437744, 0.08485281467437744], 10: [1.0, -0.12000000476837158, 0.0], 11: [1.0, -0.08485281467437744, -0.08485281467437744], 12: [0.940000057220459, -0.06000000238418579, 0.08485281467437744], 13: [0.9151471853256226, -0.08485281467437744, 0.0], 14: [0.940000057220459, -0.06000000238418579, -0.08485281467437744], 15: [1.0, 4.034776068806423e-09, -0.12000000476837158], 16: [0.9151471853256226, 4.034776068806423e-09, 0.08485281467437744], 17: [0.8800000548362732, 4.034776068806423e-09, 0.0], 18: [0.9151471853256226, 4.034776068806423e-09, -0.08485281467437744], 19: [0.940000057220459, 0.06000000238418579, 0.08485281467437744], 20: [0.9151471853256226, 0.08485281467437744, 0.0], 21: [0.940000057220459, 0.06000000238418579, -0.08485281467437744], 22: [1.0, 4.034776068806423e-09, 0.12000000476837158], 23: [1.0, 0.08485281467437744, 0.08485281467437744], 24: [1.0, 0.12000000476837158, 0.0], 25: [1.0, 0.08485281467437744, -0.08485281467437744], 26: [0.7933955192565918, -0.10000003129243851, -0.13572123646736145], 27: [0.9199999570846558, -0.08000002056360245, 2.2351741790771484e-08], 28: [0.7933955192565918, 0.10000001639127731, -0.13572123646736145], 29: [0.9199999570846558, 0.08000002056360245, 2.2351741790771484e-08], 30: [0.9466044902801514, -0.10000001639127731, -0.2642787992954254], 31: [1.0800000429153442, -0.08000002056360245, 2.2351741790771484e-08], 32: [0.9466044902801514, 0.10000003129243851, -0.2642787992954254], 33: [1.0800000429153442, 0.08000002056360245, 2.2351741790771484e-08], 34: [0.5876666903495789, 0.10000001639127731, -0.3862003684043884], 35: [0.5876666903495789, -0.10000003129243851, -0.3862003684043884], 36: [0.7023820281028748, 0.10000003129243851, -0.5500308275222778], 37: [0.7023820281028748, -0.10000001639127731, -0.5500308275222778], 38: [-0.06765496730804443, 0.10000001639127731, -0.8450615406036377], 39: [-0.06765496730804443, -0.10000003129243851, -0.8450615406036377], 40: [0.047060370445251465, 0.05000001937150955, -1.0088920593261719], 41: [0.047060370445251465, -0.05000000447034836, -1.0088920593261719], 42: [0.9073395133018494, -0.08200002461671829, -0.013572096824645996], 43: [0.9073395133018494, 0.0820000171661377, -0.013572104275226593], 44: [1.0666605234146118, 0.0820000171661377, -0.026427842676639557], 45: [1.0666605234146118, -0.0820000171661377, -0.026427842676639557], 46: [-0.002122819423675537, -0.10000003129243851, -0.7991754412651062], 47: [0.11259251832962036, -0.05500000715255737, -0.9630059599876404], 48: [0.11259251832962036, 0.05500002205371857, -0.9630059599876404], 49: [-0.002122819423675537, 0.10000001639127731, -0.7991754412651062], 50: [0.9236231446266174, 0.10000003129243851, -0.24499516189098358], 51: [1.055999994277954, 0.08000002056360245, 2.2351741790771484e-08], 52: [0.9236231446266174, -0.10000001639127731, -0.24499516189098358], 53: [1.055999994277954, -0.08000002056360245, 2.2351741790771484e-08], 54: [0.6851747035980225, 0.10000003129243851, -0.5254562497138977], 55: [0.6851747035980225, -0.10000001639127731, -0.5254562497138977], 56: [0.02985307201743126, 0.057500019669532776, -0.9843174815177917], 57: [0.02985307201743126, -0.05750000476837158, -0.9843174815177917], 58: [1.0427623987197876, -0.0820000171661377, -0.024499481543898582], 59: [1.0427623987197876, 0.0820000171661377, -0.024499481543898582], 60: [0.09538521617650986, 0.06175002083182335, -0.9384313821792603], 61: [0.09538521617650986, -0.061750009655952454, -0.9384313821792603]}, 'faces': {0: [1.0362131595611572, 0.08742640912532806, 0.04242640733718872], 1: [1.0362131595611572, 0.08742640912532806, -0.04242640733718872], 2: [1.0199999809265137, 0.048284273594617844, 0.09656854718923569], 3: [1.0199999809265137, 0.048284273594617844, -0.09656854718923569], 4: [1.0874263048171997, 0.03621320426464081, -0.04242640733718872], 5: [1.0482842922210693, 0.020000003278255463, 0.09656854718923569], 6: [1.0482842922210693, 0.020000003278255463, -0.09656854718923569], 7: [1.0874263048171997, 0.03621320426464081, 0.04242640733718872], 8: [1.0874264240264893, -0.03621320426464081, -0.04242640733718872], 9: [1.0482842922210693, -0.019999999552965164, 0.09656854718923569], 10: [1.0482842922210693, -0.019999999552965164, -0.09656854718923569], 11: [1.0874264240264893, -0.03621320426464081, 0.04242640733718872], 12: [1.0362131595611572, -0.08742640912532806, 0.04242640733718872], 13: [1.0362131595611572, -0.08742640912532806, -0.04242640733718872], 14: [1.0199999809265137, -0.048284273594617844, 0.09656854718923569], 15: [1.0199999809265137, -0.048284273594617844, -0.09656854718923569], 16: [0.9800000190734863, -0.048284273594617844, -0.09656854718923569], 17: [0.9637868404388428, -0.08742640912532806, 0.04242640733718872], 18: [0.9637868404388428, -0.08742640912532806, -0.04242640733718872], 19: [0.9800000190734863, -0.048284273594617844, 0.09656854718923569], 20: [0.9517158269882202, -0.019999999552965164, -0.09656854718923569], 21: [0.9125736355781555, -0.03621320426464081, 0.04242640733718872], 22: [0.9125735759735107, -0.03621320426464081, -0.04242640733718872], 23: [0.9517158269882202, -0.019999999552965164, 0.09656854718923569], 24: [0.9517158269882202, 0.020000003278255463, -0.09656854718923569], 25: [0.9125735759735107, 0.03621320426464081, 0.04242640733718872], 26: [0.9125735759735107, 0.03621320426464081, -0.04242640733718872], 27: [0.9517158269882202, 0.020000003278255463, 0.09656854718923569], 28: [0.9800000190734863, 0.048284273594617844, -0.09656854718923569], 29: [0.9637868404388428, 0.08742640912532806, 0.04242640733718872], 30: [0.9637868404388428, 0.08742640912532806, -0.04242640733718872], 31: [0.9800000190734863, 0.048284273594617844, 0.09656854718923569], 32: [0.9136697053909302, -1.862645149230957e-09, -0.006786039099097252], 33: [1.061355710029602, 0.08100001513957977, -0.012731820344924927], 34: [1.073330283164978, -1.862645149230957e-09, -0.013213910162448883], 35: [0.9815255403518677, -0.08100001513957977, -0.009517883881926537], 36: [0.7474650144577026, -0.10000002384185791, -0.3230932354927063], 37: [0.9879999756813049, 0.0, 2.2351741790771484e-08], 38: [0.013865125365555286, -0.07981251925230026, -0.891746461391449], 39: [0.8144460916519165, 0.10000003129243851, -0.39619022607803345], 40: [0.6905311346054077, -7.450580596923828e-09, -0.26096081733703613], 41: [0.8244932889938354, 7.450580596923828e-09, -0.4071548283100128], 42: [0.03845672309398651, 7.450580596923828e-09, -0.9966048002243042], 43: [0.07122279703617096, 0.056062523275613785, -0.9736617207527161], 44: [0.07982644438743591, 7.450580596923828e-09, -0.9859490394592285], 45: [-0.034888893365859985, -7.450580596923828e-09, -0.8221184611320496], 46: [0.9167801737785339, -0.0910000205039978, -0.10469699651002884], 47: [1.0066325664520264, 1.862645149230957e-09, -0.1453533172607422], 48: [0.9949126839637756, 0.0910000205039978, -0.14005032181739807], 49: [0.850367546081543, -5.587935447692871e-09, -0.07464666664600372], 50: [0.29277193546295166, -7.450580596923828e-09, -0.5926879048347473], 51: [0.40748727321624756, 7.450580596923828e-09, -0.7565184235572815], 52: [0.3988836109638214, 0.07918752729892731, -0.744231104850769], 53: [0.34152594208717346, -0.09043751657009125, -0.662315845489502], 54: [0.3988836407661438, -0.07918751239776611, -0.744231104850769], 55: [0.34152597188949585, 0.09043752402067184, -0.662315845489502], 56: [0.9167801141738892, 0.0910000205039978, -0.10469698905944824], 57: [0.9949126243591309, -0.0910000205039978, -0.14005032181739807], 58: [0.013865124434232712, 0.07981251925230026, -0.891746461391449], 59: [-0.018900947645306587, -1.862645149230957e-09, -0.9146895408630371], 60: [0.7474650144577026, 0.10000002384185791, -0.3230932354927063], 61: [0.07122279703617096, -0.05606250464916229, -0.9736617207527161], 62: [1.068000078201294, 0.0, 2.2351741790771484e-08], 63: [0.8144460916519165, -0.10000001639127731, -0.39619025588035583], 64: [1.061355710029602, -0.08100001513957977, -0.012731820344924927], 65: [0.9815254211425781, 0.08100001513957977, -0.009517885744571686]}, 'editMode': True}, 'Sphere', {'tolerance': 10}]
['Resize', {'value': (1.2, 1.2, 1.2), 'orient_type': 'GLOBAL', 'selectedVertices': [0, 1, 2, 3, 4, 5, 6, 7, 8, 9, 10, 11, 12, 13, 14, 15, 16, 17, 18, 19, 20, 21, 22, 23, 24, 25], 'vertices': {0: [1.0719999074935913, 0.07200000435113907, 0.10182338207960129], 1: [1.101823329925537, 0.10182338207960129, 0.0], 2: [1.0719999074935913, 0.07200000435113907, -0.10182338207960129], 3: [1.101823329925537, 4.841731460203391e-09, 0.10182338207960129], 4: [1.1440000534057617, 4.841731460203391e-09, 0.0], 5: [1.101823329925537, 4.841731460203391e-09, -0.10182338207960129], 6: [1.0719999074935913, -0.07200000435113907, 0.10182338207960129], 7: [1.101823329925537, -0.10182338207960129, 0.0], 8: [1.0719999074935913, -0.07200000435113907, -0.10182338207960129], 9: [1.0, -0.10182338207960129, 0.10182338207960129], 10: [1.0, -0.14400000870227814, 0.0], 11: [1.0, -0.10182338207960129, -0.10182338207960129], 12: [0.9280000329017639, -0.07200000435113907, 0.10182338207960129], 13: [0.8981766104698181, -0.10182338207960129, 0.0], 14: [0.9280000329017639, -0.07200000435113907, -0.10182338207960129], 15: [1.0, 4.841731460203391e-09, -0.14400000870227814], 16: [0.8981766104698181, 4.841731460203391e-09, 0.10182338207960129], 17: [0.8560000658035278, 4.841731460203391e-09, 0.0], 18: [0.8981766104698181, 4.841731460203391e-09, -0.10182338207960129], 19: [0.9280000329017639, 0.07200000435113907, 0.10182338207960129], 20: [0.8981766104698181, 0.10182338207960129, 0.0], 21: [0.9280000329017639, 0.07200000435113907, -0.10182338207960129], 22: [1.0, 4.841731460203391e-09, 0.14400000870227814], 23: [1.0, 0.10182338207960129, 0.10182338207960129], 24: [1.0, 0.14400000870227814, 0.0], 25: [1.0, 0.10182338207960129, -0.10182338207960129], 26: [0.7933955192565918, -0.10000003129243851, -0.13572123646736145], 27: [0.9199999570846558, -0.08000002056360245, 2.2351741790771484e-08], 28: [0.7933955192565918, 0.10000001639127731, -0.13572123646736145], 29: [0.9199999570846558, 0.08000002056360245, 2.2351741790771484e-08], 30: [0.9466044902801514, -0.10000001639127731, -0.2642787992954254], 31: [1.0800000429153442, -0.08000002056360245, 2.2351741790771484e-08], 32: [0.9466044902801514, 0.10000003129243851, -0.2642787992954254], 33: [1.0800000429153442, 0.08000002056360245, 2.2351741790771484e-08], 34: [0.5876666903495789, 0.10000001639127731, -0.3862003684043884], 35: [0.5876666903495789, -0.10000003129243851, -0.3862003684043884], 36: [0.7023820281028748, 0.10000003129243851, -0.5500308275222778], 37: [0.7023820281028748, -0.10000001639127731, -0.5500308275222778], 38: [-0.06765496730804443, 0.10000001639127731, -0.8450615406036377], 39: [-0.06765496730804443, -0.10000003129243851, -0.8450615406036377], 40: [0.047060370445251465, 0.05000001937150955, -1.0088920593261719], 41: [0.047060370445251465, -0.05000000447034836, -1.0088920593261719], 42: [0.9073395133018494, -0.08200002461671829, -0.013572096824645996], 43: [0.9073395133018494, 0.0820000171661377, -0.013572104275226593], 44: [1.0666605234146118, 0.0820000171661377, -0.026427842676639557], 45: [1.0666605234146118, -0.0820000171661377, -0.026427842676639557], 46: [-0.002122819423675537, -0.10000003129243851, -0.7991754412651062], 47: [0.11259251832962036, -0.05500000715255737, -0.9630059599876404], 48: [0.11259251832962036, 0.05500002205371857, -0.9630059599876404], 49: [-0.002122819423675537, 0.10000001639127731, -0.7991754412651062], 50: [0.9236231446266174, 0.10000003129243851, -0.24499516189098358], 51: [1.055999994277954, 0.08000002056360245, 2.2351741790771484e-08], 52: [0.9236231446266174, -0.10000001639127731, -0.24499516189098358], 53: [1.055999994277954, -0.08000002056360245, 2.2351741790771484e-08], 54: [0.6851747035980225, 0.10000003129243851, -0.5254562497138977], 55: [0.6851747035980225, -0.10000001639127731, -0.5254562497138977], 56: [0.02985307201743126, 0.057500019669532776, -0.9843174815177917], 57: [0.02985307201743126, -0.05750000476837158, -0.9843174815177917], 58: [1.0427623987197876, -0.0820000171661377, -0.024499481543898582], 59: [1.0427623987197876, 0.0820000171661377, -0.024499481543898582], 60: [0.09538521617650986, 0.06175002083182335, -0.9384313821792603], 61: [0.09538521617650986, -0.061750009655952454, -0.9384313821792603]}, 'faces': {0: [1.0434558391571045, 0.1049116924405098, 0.050911691039800644], 1: [1.0434558391571045, 0.1049116924405098, -0.050911691039800644], 2: [1.0240000486373901, 0.05794113129377365, 0.1158822625875473], 3: [1.0240000486373901, 0.05794113129377365, -0.1158822625875473], 4: [1.1049116849899292, 0.04345584660768509, -0.050911691039800644], 5: [1.057941198348999, 0.024000007659196854, 0.1158822625875473], 6: [1.057941198348999, 0.024000007659196854, -0.1158822625875473], 7: [1.1049116849899292, 0.04345584660768509, 0.050911691039800644], 8: [1.1049116849899292, -0.04345584660768509, -0.050911691039800644], 9: [1.057941198348999, -0.024000000208616257, 0.1158822625875473], 10: [1.057941198348999, -0.024000000208616257, -0.1158822625875473], 11: [1.1049116849899292, -0.04345584660768509, 0.050911691039800644], 12: [1.0434558391571045, -0.1049116998910904, 0.050911691039800644], 13: [1.0434558391571045, -0.1049116998910904, -0.050911691039800644], 14: [1.0240000486373901, -0.05794113129377365, 0.1158822625875473], 15: [1.0240000486373901, -0.05794113129377365, -0.1158822625875473], 16: [0.9760000109672546, -0.05794113129377365, -0.1158822625875473], 17: [0.9565441608428955, -0.1049116924405098, 0.050911691039800644], 18: [0.9565441608428955, -0.1049116924405098, -0.050911691039800644], 19: [0.9760000109672546, -0.05794113129377365, 0.1158822625875473], 20: [0.9420589208602905, -0.023999996483325958, -0.1158822625875473], 21: [0.8950883150100708, -0.04345584660768509, 0.050911691039800644], 22: [0.8950883150100708, -0.04345584660768509, -0.050911691039800644], 23: [0.9420589208602905, -0.023999996483325958, 0.1158822625875473], 24: [0.9420589208602905, 0.024000003933906555, -0.1158822625875473], 25: [0.8950883150100708, 0.04345584660768509, 0.050911691039800644], 26: [0.8950883150100708, 0.04345584660768509, -0.050911691039800644], 27: [0.9420589208602905, 0.024000003933906555, 0.1158822625875473], 28: [0.9760000109672546, 0.05794113129377365, -0.1158822625875473], 29: [0.9565441608428955, 0.1049116998910904, 0.050911691039800644], 30: [0.9565441608428955, 0.1049116998910904, -0.050911691039800644], 31: [0.9760000109672546, 0.05794113129377365, 0.1158822625875473], 32: [0.9136697053909302, -1.862645149230957e-09, -0.006786039099097252], 33: [1.061355710029602, 0.08100001513957977, -0.012731820344924927], 34: [1.073330283164978, -1.862645149230957e-09, -0.013213910162448883], 35: [0.9815255403518677, -0.08100001513957977, -0.009517883881926537], 36: [0.7474650144577026, -0.10000002384185791, -0.3230932354927063], 37: [0.9879999756813049, 0.0, 2.2351741790771484e-08], 38: [0.013865125365555286, -0.07981251925230026, -0.891746461391449], 39: [0.8144460916519165, 0.10000003129243851, -0.39619022607803345], 40: [0.6905311346054077, -7.450580596923828e-09, -0.26096081733703613], 41: [0.8244932889938354, 7.450580596923828e-09, -0.4071548283100128], 42: [0.03845672309398651, 7.450580596923828e-09, -0.9966048002243042], 43: [0.07122279703617096, 0.056062523275613785, -0.9736617207527161], 44: [0.07982644438743591, 7.450580596923828e-09, -0.9859490394592285], 45: [-0.034888893365859985, -7.450580596923828e-09, -0.8221184611320496], 46: [0.9167801737785339, -0.0910000205039978, -0.10469699651002884], 47: [1.0066325664520264, 1.862645149230957e-09, -0.1453533172607422], 48: [0.9949126839637756, 0.0910000205039978, -0.14005032181739807], 49: [0.850367546081543, -5.587935447692871e-09, -0.07464666664600372], 50: [0.29277193546295166, -7.450580596923828e-09, -0.5926879048347473], 51: [0.40748727321624756, 7.450580596923828e-09, -0.7565184235572815], 52: [0.3988836109638214, 0.07918752729892731, -0.744231104850769], 53: [0.34152594208717346, -0.09043751657009125, -0.662315845489502], 54: [0.3988836407661438, -0.07918751239776611, -0.744231104850769], 55: [0.34152597188949585, 0.09043752402067184, -0.662315845489502], 56: [0.9167801141738892, 0.0910000205039978, -0.10469698905944824], 57: [0.9949126243591309, -0.0910000205039978, -0.14005032181739807], 58: [0.013865124434232712, 0.07981251925230026, -0.891746461391449], 59: [-0.018900947645306587, -1.862645149230957e-09, -0.9146895408630371], 60: [0.7474650144577026, 0.10000002384185791, -0.3230932354927063], 61: [0.07122279703617096, -0.05606250464916229, -0.9736617207527161], 62: [1.068000078201294, 0.0, 2.2351741790771484e-08], 63: [0.8144460916519165, -0.10000001639127731, -0.39619025588035583], 64: [1.061355710029602, -0.08100001513957977, -0.012731820344924927], 65: [0.9815254211425781, 0.08100001513957977, -0.009517885744571686]}, 'editMode': True}, 'Sphere', {'tolerance': 10}]
['Toggle Edit Mode', {'editMode': False}, 'Sphere', {'tolerance': 10}]
['Add Circle', {'radius': 1, 'enter_editmode': False, 'editMode': False}, 'Circle', {'tolerance': 10}]
['Add Circle', {'action': 'DESELECT', 'editMode': False}, 'Circle', {'tolerance': 10}]
['Add Circle', {'vertices': 16, 'radius': 1, 'enter_editmode': False, 'editMode': False}, 'Circle', {'tolerance': 10}]
['Toggle Edit Mode', {'deletedVertices': [16, 17, 18, 19, 20, 21, 22, 23, 24, 25, 26, 27, 28, 29, 30, 31], 'deletedFaces': [], 'vertices': {0: [0.0, 1.0, 0.0], 1: [-0.3826834559440613, 0.9238795042037964, 0.0], 2: [-0.7071067690849304, 0.7071067690849304, 0.0], 3: [-0.9238795042037964, 0.3826834559440613, 0.0], 4: [-1.0, 0.0, 0.0], 5: [-0.9238795042037964, -0.3826834559440613, 0.0], 6: [-0.7071067690849304, -0.7071067690849304, 0.0], 7: [-0.3826834559440613, -0.9238795042037964, 0.0], 8: [0.0, -1.0, 0.0], 9: [0.3826834559440613, -0.9238795042037964, 0.0], 10: [0.7071067690849304, -0.7071067690849304, 0.0], 11: [0.9238795042037964, -0.3826834559440613, 0.0], 12: [1.0, 0.0, 0.0], 13: [0.9238795042037964, 0.3826834559440613, 0.0], 14: [0.7071067690849304, 0.7071067690849304, 0.0], 15: [0.3826834559440613, 0.9238795042037964, 0.0]}, 'faces': {}, 'editMode': True}, 'Circle', {'tolerance': 10}]
['Move', {'value': (0, 0, -0.1), 'orient_axis_ortho': 'X', 'selectedVertices': [0, 1, 2, 3, 4, 5, 6, 7, 8, 9, 10, 11, 12, 13, 14, 15], 'vertices': {0: [0.0, 1.0, -0.10000000149011612], 1: [-0.3826834559440613, 0.9238795042037964, -0.10000000149011612], 2: [-0.7071067690849304, 0.7071067690849304, -0.10000000149011612], 3: [-0.9238795042037964, 0.3826834559440613, -0.10000000149011612], 4: [-1.0, 0.0, -0.10000000149011612], 5: [-0.9238795042037964, -0.3826834559440613, -0.10000000149011612], 6: [-0.7071067690849304, -0.7071067690849304, -0.10000000149011612], 7: [-0.3826834559440613, -0.9238795042037964, -0.10000000149011612], 8: [0.0, -1.0, -0.10000000149011612], 9: [0.3826834559440613, -0.9238795042037964, -0.10000000149011612], 10: [0.7071067690849304, -0.7071067690849304, -0.10000000149011612], 11: [0.9238795042037964, -0.3826834559440613, -0.10000000149011612], 12: [1.0, 0.0, -0.10000000149011612], 13: [0.9238795042037964, 0.3826834559440613, -0.10000000149011612], 14: [0.7071067690849304, 0.7071067690849304, -0.10000000149011612], 15: [0.3826834559440613, 0.9238795042037964, -0.10000000149011612]}, 'faces': {}, 'editMode': True}, 'Circle', {'tolerance': 10}]
['Extrude Region and Move', {'use_normal_flip': False, 'use_dissolve_ortho_edges': False, 'value': (0, 0, -0.3), 'orient_axis_ortho': 'X', 'newVertices': [16, 17, 18, 19, 20, 21, 22, 23, 24, 25, 26, 27, 28, 29, 30, 31], 'newFaces': [0, 1, 2, 3, 4, 5, 6, 7, 8, 9, 10, 11, 12, 13, 14, 15], 'vertices': {0: [0.0, 1.0, -0.10000000149011612], 1: [-0.3826834559440613, 0.9238795042037964, -0.10000000149011612], 2: [-0.7071067690849304, 0.7071067690849304, -0.10000000149011612], 3: [-0.9238795042037964, 0.3826834559440613, -0.10000000149011612], 4: [-1.0, 0.0, -0.10000000149011612], 5: [-0.9238795042037964, -0.3826834559440613, -0.10000000149011612], 6: [-0.7071067690849304, -0.7071067690849304, -0.10000000149011612], 7: [-0.3826834559440613, -0.9238795042037964, -0.10000000149011612], 8: [0.0, -1.0, -0.10000000149011612], 9: [0.3826834559440613, -0.9238795042037964, -0.10000000149011612], 10: [0.7071067690849304, -0.7071067690849304, -0.10000000149011612], 11: [0.9238795042037964, -0.3826834559440613, -0.10000000149011612], 12: [1.0, 0.0, -0.10000000149011612], 13: [0.9238795042037964, 0.3826834559440613, -0.10000000149011612], 14: [0.7071067690849304, 0.7071067690849304, -0.10000000149011612], 15: [0.3826834559440613, 0.9238795042037964, -0.10000000149011612], 16: [0.0, 1.0, -0.4000000059604645], 17: [-0.3826834559440613, 0.9238795042037964, -0.4000000059604645], 18: [-0.7071067690849304, 0.7071067690849304, -0.4000000059604645], 19: [-0.9238795042037964, 0.3826834559440613, -0.4000000059604645], 20: [-1.0, 0.0, -0.4000000059604645], 21: [-0.9238795042037964, -0.3826834559440613, -0.4000000059604645], 22: [-0.7071067690849304, -0.7071067690849304, -0.4000000059604645], 23: [-0.3826834559440613, -0.9238795042037964, -0.4000000059604645], 24: [0.0, -1.0, -0.4000000059604645], 25: [0.3826834559440613, -0.9238795042037964, -0.4000000059604645], 26: [0.7071067690849304, -0.7071067690849304, -0.4000000059604645], 27: [0.9238795042037964, -0.3826834559440613, -0.4000000059604645], 28: [1.0, 0.0, -0.4000000059604645], 29: [0.9238795042037964, 0.3826834559440613, -0.4000000059604645], 30: [0.7071067690849304, 0.7071067690849304, -0.4000000059604645], 31: [0.3826834559440613, 0.9238795042037964, -0.4000000059604645]}, 'faces': {0: [0.5448951125144958, 0.8154931664466858, -0.25], 1: [-0.19134172797203064, -0.961939811706543, -0.25], 2: [-0.19134172797203064, 0.9619397521018982, -0.25], 3: [0.19134172797203064, 0.961939811706543, -0.25], 4: [0.19134172797203064, -0.9619397521018982, -0.25], 5: [-0.5448951125144958, 0.815493106842041, -0.25], 6: [0.5448951125144958, -0.815493106842041, -0.25], 7: [-0.8154931664466858, 0.5448951125144958, -0.25], 8: [0.8154931664466858, -0.5448951125144958, -0.25], 9: [-0.961939811706543, 0.19134172797203064, -0.25], 10: [0.961939811706543, -0.19134172797203064, -0.25], 11: [-0.9619397521018982, -0.19134172797203064, -0.25], 12: [0.9619397521018982, 0.19134172797203064, -0.25], 13: [-0.815493106842041, -0.5448951125144958, -0.25], 14: [0.815493106842041, 0.5448951125144958, -0.25], 15: [-0.5448951125144958, -0.8154931664466858, -0.25]}, 'editMode': True}, 'Circle', {'tolerance': 10}]
['Resize', {'value': (0.7, 0.7, 0.7), 'orient_type': 'GLOBAL', 'selectedVertices': [16, 17, 18, 19, 20, 21, 22, 23, 24, 25, 26, 27, 28, 29, 30, 31], 'vertices': {0: [0.0, 1.0, -0.10000000149011612], 1: [-0.3826834559440613, 0.9238795042037964, -0.10000000149011612], 2: [-0.7071067690849304, 0.7071067690849304, -0.10000000149011612], 3: [-0.9238795042037964, 0.3826834559440613, -0.10000000149011612], 4: [-1.0, 0.0, -0.10000000149011612], 5: [-0.9238795042037964, -0.3826834559440613, -0.10000000149011612], 6: [-0.7071067690849304, -0.7071067690849304, -0.10000000149011612], 7: [-0.3826834559440613, -0.9238795042037964, -0.10000000149011612], 8: [0.0, -1.0, -0.10000000149011612], 9: [0.3826834559440613, -0.9238795042037964, -0.10000000149011612], 10: [0.7071067690849304, -0.7071067690849304, -0.10000000149011612], 11: [0.9238795042037964, -0.3826834559440613, -0.10000000149011612], 12: [1.0, 0.0, -0.10000000149011612], 13: [0.9238795042037964, 0.3826834559440613, -0.10000000149011612], 14: [0.7071067690849304, 0.7071067690849304, -0.10000000149011612], 15: [0.3826834559440613, 0.9238795042037964, -0.10000000149011612], 16: [4.470348535789981e-09, 0.699999988079071, -0.40000003576278687], 17: [-0.2678784132003784, 0.6467156410217285, -0.40000003576278687], 18: [-0.4949747323989868, 0.4949747323989868, -0.40000003576278687], 19: [-0.6467156410217285, 0.2678784132003784, -0.40000003576278687], 20: [-0.699999988079071, -3.3527616238870905e-09, -0.40000003576278687], 21: [-0.6467156410217285, -0.2678784132003784, -0.40000003576278687], 22: [-0.4949747323989868, -0.4949747323989868, -0.40000003576278687], 23: [-0.2678784132003784, -0.6467156410217285, -0.40000003576278687], 24: [4.470348535789981e-09, -0.699999988079071, -0.40000003576278687], 25: [0.2678784132003784, -0.6467156410217285, -0.40000003576278687], 26: [0.4949747323989868, -0.4949747323989868, -0.40000003576278687], 27: [0.6467156410217285, -0.2678784132003784, -0.40000003576278687], 28: [0.699999988079071, -3.3527616238870905e-09, -0.40000003576278687], 29: [0.6467156410217285, 0.2678784132003784, -0.40000003576278687], 30: [0.4949747323989868, 0.4949747323989868, -0.40000003576278687], 31: [0.2678784132003784, 0.6467156410217285, -0.40000003576278687]}, 'faces': {0: [0.46316084265708923, 0.693169116973877, -0.25], 1: [-0.16264046728610992, -0.8176487684249878, -0.25], 2: [-0.16264046728610992, 0.8176488280296326, -0.25], 3: [0.16264046728610992, 0.8176487684249878, -0.25], 4: [0.16264046728610992, -0.8176488280296326, -0.25], 5: [-0.46316084265708923, 0.693169116973877, -0.25], 6: [0.46316084265708923, -0.693169116973877, -0.25], 7: [-0.693169116973877, 0.46316084265708923, -0.25], 8: [0.693169116973877, -0.46316084265708923, -0.25], 9: [-0.8176487684249878, 0.16264046728610992, -0.25], 10: [0.8176487684249878, -0.16264046728610992, -0.25], 11: [-0.8176488280296326, -0.16264046728610992, -0.25], 12: [0.8176488280296326, 0.16264046728610992, -0.25], 13: [-0.693169116973877, -0.46316084265708923, -0.25], 14: [0.693169116973877, 0.46316084265708923, -0.25], 15: [-0.46316084265708923, -0.693169116973877, -0.25]}, 'editMode': True}, 'Circle', {'tolerance': 10}]
['(De)select All', {'action': 'SELECT', 'vertices': {0: [0.0, 1.0, -0.10000000149011612], 1: [-0.3826834559440613, 0.9238795042037964, -0.10000000149011612], 2: [-0.7071067690849304, 0.7071067690849304, -0.10000000149011612], 3: [-0.9238795042037964, 0.3826834559440613, -0.10000000149011612], 4: [-1.0, 0.0, -0.10000000149011612], 5: [-0.9238795042037964, -0.3826834559440613, -0.10000000149011612], 6: [-0.7071067690849304, -0.7071067690849304, -0.10000000149011612], 7: [-0.3826834559440613, -0.9238795042037964, -0.10000000149011612], 8: [0.0, -1.0, -0.10000000149011612], 9: [0.3826834559440613, -0.9238795042037964, -0.10000000149011612], 10: [0.7071067690849304, -0.7071067690849304, -0.10000000149011612], 11: [0.9238795042037964, -0.3826834559440613, -0.10000000149011612], 12: [1.0, 0.0, -0.10000000149011612], 13: [0.9238795042037964, 0.3826834559440613, -0.10000000149011612], 14: [0.7071067690849304, 0.7071067690849304, -0.10000000149011612], 15: [0.3826834559440613, 0.9238795042037964, -0.10000000149011612], 16: [4.470348535789981e-09, 0.699999988079071, -0.40000003576278687], 17: [-0.2678784132003784, 0.6467156410217285, -0.40000003576278687], 18: [-0.4949747323989868, 0.4949747323989868, -0.40000003576278687], 19: [-0.6467156410217285, 0.2678784132003784, -0.40000003576278687], 20: [-0.699999988079071, -3.3527616238870905e-09, -0.40000003576278687], 21: [-0.6467156410217285, -0.2678784132003784, -0.40000003576278687], 22: [-0.4949747323989868, -0.4949747323989868, -0.40000003576278687], 23: [-0.2678784132003784, -0.6467156410217285, -0.40000003576278687], 24: [4.470348535789981e-09, -0.699999988079071, -0.40000003576278687], 25: [0.2678784132003784, -0.6467156410217285, -0.40000003576278687], 26: [0.4949747323989868, -0.4949747323989868, -0.40000003576278687], 27: [0.6467156410217285, -0.2678784132003784, -0.40000003576278687], 28: [0.699999988079071, -3.3527616238870905e-09, -0.40000003576278687], 29: [0.6467156410217285, 0.2678784132003784, -0.40000003576278687], 30: [0.4949747323989868, 0.4949747323989868, -0.40000003576278687], 31: [0.2678784132003784, 0.6467156410217285, -0.40000003576278687]}, 'faces': {0: [0.46316084265708923, 0.693169116973877, -0.25], 1: [-0.16264046728610992, -0.8176487684249878, -0.25], 2: [-0.16264046728610992, 0.8176488280296326, -0.25], 3: [0.16264046728610992, 0.8176487684249878, -0.25], 4: [0.16264046728610992, -0.8176488280296326, -0.25], 5: [-0.46316084265708923, 0.693169116973877, -0.25], 6: [0.46316084265708923, -0.693169116973877, -0.25], 7: [-0.693169116973877, 0.46316084265708923, -0.25], 8: [0.693169116973877, -0.46316084265708923, -0.25], 9: [-0.8176487684249878, 0.16264046728610992, -0.25], 10: [0.8176487684249878, -0.16264046728610992, -0.25], 11: [-0.8176488280296326, -0.16264046728610992, -0.25], 12: [0.8176488280296326, 0.16264046728610992, -0.25], 13: [-0.693169116973877, -0.46316084265708923, -0.25], 14: [0.693169116973877, 0.46316084265708923, -0.25], 15: [-0.46316084265708923, -0.693169116973877, -0.25]}, 'editMode': True}, 'Circle', {'tolerance': 10}]
['Extrude Region and Move', {'use_normal_flip': False, 'use_dissolve_ortho_edges': False, 'value': (0.8, 0.8, 1), 'mouse_dir_constraint': (0, 0, 0), 'newVertices': [32, 33, 34, 35, 36, 37, 38, 39, 40, 41, 42, 43, 44, 45, 46, 47, 48, 49, 50, 51, 52, 53, 54, 55, 56, 57, 58, 59, 60, 61, 62, 63], 'newFaces': [16, 17, 18, 19, 20, 21, 22, 23, 24, 25, 26, 27, 28, 29, 30, 31, 32, 33, 34, 35, 36, 37, 38, 39, 40, 41, 42, 43, 44, 45, 46, 47, 48, 49, 50, 51, 52, 53, 54, 55, 56, 57, 58, 59, 60, 61, 62, 63], 'vertices': {0: [0.0, 1.0, -0.10000000149011612], 1: [-0.3826834559440613, 0.9238795042037964, -0.10000000149011612], 2: [-0.7071067690849304, 0.7071067690849304, -0.10000000149011612], 3: [-0.9238795042037964, 0.3826834559440613, -0.10000000149011612], 4: [-1.0, 0.0, -0.10000000149011612], 5: [-0.9238795042037964, -0.3826834559440613, -0.10000000149011612], 6: [-0.7071067690849304, -0.7071067690849304, -0.10000000149011612], 7: [-0.3826834559440613, -0.9238795042037964, -0.10000000149011612], 8: [0.0, -1.0, -0.10000000149011612], 9: [0.3826834559440613, -0.9238795042037964, -0.10000000149011612], 10: [0.7071067690849304, -0.7071067690849304, -0.10000000149011612], 11: [0.9238795042037964, -0.3826834559440613, -0.10000000149011612], 12: [1.0, 0.0, -0.10000000149011612], 13: [0.9238795042037964, 0.3826834559440613, -0.10000000149011612], 14: [0.7071067690849304, 0.7071067690849304, -0.10000000149011612], 15: [0.3826834559440613, 0.9238795042037964, -0.10000000149011612], 16: [4.470348535789981e-09, 0.699999988079071, -0.40000003576278687], 17: [-0.2678784132003784, 0.6467156410217285, -0.40000003576278687], 18: [-0.4949747323989868, 0.4949747323989868, -0.40000003576278687], 19: [-0.6467156410217285, 0.2678784132003784, -0.40000003576278687], 20: [-0.699999988079071, -3.3527616238870905e-09, -0.40000003576278687], 21: [-0.6467156410217285, -0.2678784132003784, -0.40000003576278687], 22: [-0.4949747323989868, -0.4949747323989868, -0.40000003576278687], 23: [-0.2678784132003784, -0.6467156410217285, -0.40000003576278687], 24: [4.470348535789981e-09, -0.699999988079071, -0.40000003576278687], 25: [0.2678784132003784, -0.6467156410217285, -0.40000003576278687], 26: [0.4949747323989868, -0.4949747323989868, -0.40000003576278687], 27: [0.6467156410217285, -0.2678784132003784, -0.40000003576278687], 28: [0.699999988079071, -3.3527616238870905e-09, -0.40000003576278687], 29: [0.6467156410217285, 0.2678784132003784, -0.40000003576278687], 30: [0.4949747323989868, 0.4949747323989868, -0.40000003576278687], 31: [0.2678784132003784, 0.6467156410217285, -0.40000003576278687], 32: [-0.3061467707157135, 0.7391036152839661, -0.09999999403953552], 33: [1.4901160305669237e-09, 0.800000011920929, -0.09999999403953552], 34: [-0.5656854510307312, 0.5656854510307312, -0.09999999403953552], 35: [-0.7391036152839661, 0.3061467707157135, -0.09999999403953552], 36: [-0.800000011920929, -7.450580152834618e-10, -0.09999999403953552], 37: [-0.7391036152839661, -0.3061467707157135, -0.09999999403953552], 38: [-0.5656854510307312, -0.5656854510307312, -0.09999999403953552], 39: [-0.3061467707157135, -0.7391036152839661, -0.09999999403953552], 40: [1.4901160305669237e-09, -0.800000011920929, -0.09999999403953552], 41: [0.3061467707157135, -0.7391036152839661, -0.09999999403953552], 42: [0.5656854510307312, -0.5656854510307312, -0.09999999403953552], 43: [0.7391036152839661, -0.3061467707157135, -0.09999999403953552], 44: [0.800000011920929, -7.450580152834618e-10, -0.09999999403953552], 45: [0.7391036152839661, 0.3061467707157135, -0.09999999403953552], 46: [0.5656854510307312, 0.5656854510307312, -0.09999999403953552], 47: [0.3061467707157135, 0.7391036152839661, -0.09999999403953552], 48: [-0.21430271863937378, 0.5173725485801697, -0.40000003576278687], 49: [5.066394859198908e-09, 0.5600000023841858, -0.40000003576278687], 50: [-0.39597979187965393, 0.39597979187965393, -0.40000003576278687], 51: [-0.5173725485801697, 0.21430273354053497, -0.40000003576278687], 52: [-0.5600000023841858, -3.4272673588020552e-09, -0.40000003576278687], 53: [-0.5173725485801697, -0.21430273354053497, -0.40000003576278687], 54: [-0.39597979187965393, -0.39597979187965393, -0.40000003576278687], 55: [-0.21430271863937378, -0.5173725485801697, -0.40000003576278687], 56: [5.066394859198908e-09, -0.5600000023841858, -0.40000003576278687], 57: [0.21430274844169617, -0.5173725485801697, -0.40000003576278687], 58: [0.39597979187965393, -0.39597979187965393, -0.40000003576278687], 59: [0.5173725485801697, -0.21430273354053497, -0.40000003576278687], 60: [0.5600000023841858, -3.4272673588020552e-09, -0.40000003576278687], 61: [0.5173725485801697, 0.21430273354053497, -0.40000003576278687], 62: [0.39597979187965393, 0.39597979187965393, -0.40000003576278687], 63: [0.21430274844169617, 0.5173725485801697, -0.40000003576278687]}, 'faces': {0: [0.46316081285476685, 0.693169116973877, -0.2500000298023224], 1: [-0.16264046728610992, -0.8176487684249878, -0.2500000298023224], 2: [-0.16264046728610992, 0.8176487684249878, -0.2500000298023224], 3: [0.16264046728610992, 0.8176487684249878, -0.2500000298023224], 4: [0.16264046728610992, -0.8176487684249878, -0.2500000298023224], 5: [-0.4631608724594116, 0.6931691765785217, -0.2500000298023224], 6: [0.4631608724594116, -0.6931691765785217, -0.2500000298023224], 7: [-0.693169116973877, 0.46316081285476685, -0.2500000298023224], 8: [0.693169116973877, -0.46316081285476685, -0.2500000298023224], 9: [-0.8176487684249878, 0.16264046728610992, -0.2500000298023224], 10: [0.8176487684249878, -0.16264046728610992, -0.2500000298023224], 11: [-0.8176487684249878, -0.16264046728610992, -0.2500000298023224], 12: [0.8176487684249878, 0.16264046728610992, -0.2500000298023224], 13: [-0.6931691765785217, -0.4631608724594116, -0.2500000298023224], 14: [0.6931691765785217, 0.4631608724594116, -0.2500000298023224], 15: [-0.46316081285476685, -0.693169116973877, -0.2500000298023224], 16: [0.3705286979675293, 0.5545353889465332, -0.25], 17: [-0.13011237978935242, -0.654119074344635, -0.25], 18: [-0.13011237978935242, 0.6541190147399902, -0.25], 19: [0.13011237978935242, 0.654119074344635, -0.25], 20: [0.13011237978935242, -0.6541190147399902, -0.25], 21: [-0.3705286979675293, 0.5545353293418884, -0.25], 22: [0.3705286979675293, -0.5545353293418884, -0.25], 23: [-0.5545353889465332, 0.3705286979675293, -0.25], 24: [0.5545353889465332, -0.3705286979675293, -0.25], 25: [-0.654119074344635, 0.13011237978935242, -0.25], 26: [0.654119074344635, -0.13011237978935242, -0.25], 27: [-0.6541190147399902, -0.13011237978935242, -0.25], 28: [0.6541190147399902, 0.13011237978935242, -0.25], 29: [-0.5545353293418884, -0.3705286979675293, -0.25], 30: [0.5545353293418884, 0.3705286979675293, -0.25], 31: [-0.3705286681652069, -0.5545353889465332, -0.25], 32: [-0.7339438199996948, 0.4904056191444397, -0.10000000149011612], 33: [0.5137606859207153, 0.34328392148017883, -0.40000003576278687], 34: [-0.12054528295993805, 0.60602205991745, -0.40000003576278687], 35: [-0.8657457828521729, 0.1722075641155243, -0.10000000149011612], 36: [0.34328392148017883, 0.5137606859207153, -0.40000003576278687], 37: [-0.34328392148017883, 0.5137606859207153, -0.40000003576278687], 38: [-0.8657457828521729, -0.1722075641155243, -0.10000000149011612], 39: [0.12054529041051865, 0.60602205991745, -0.40000003576278687], 40: [-0.5137606859207153, 0.34328392148017883, -0.40000003576278687], 41: [-0.7339438199996948, -0.4904055893421173, -0.10000000149011612], 42: [-0.60602205991745, 0.12054528295993805, -0.40000003576278687], 43: [-0.4904056191444397, -0.7339438199996948, -0.10000000149011612], 44: [-0.60602205991745, -0.12054528295993805, -0.40000003576278687], 45: [-0.1722075641155243, -0.8657457828521729, -0.10000000149011612], 46: [-0.5137606859207153, -0.34328392148017883, -0.40000003576278687], 47: [0.1722075641155243, -0.8657457828521729, -0.10000000149011612], 48: [-0.34328389167785645, -0.5137606859207153, -0.40000003576278687], 49: [0.4904055893421173, -0.7339438199996948, -0.10000000149011612], 50: [-0.12054528295993805, -0.60602205991745, -0.40000003576278687], 51: [0.7339438199996948, -0.4904056191444397, -0.10000000149011612], 52: [0.12054529041051865, -0.60602205991745, -0.40000003576278687], 53: [0.8657457828521729, -0.1722075641155243, -0.10000000149011612], 54: [0.34328392148017883, -0.5137606859207153, -0.40000003576278687], 55: [0.8657457828521729, 0.1722075641155243, -0.10000000149011612], 56: [0.5137606859207153, -0.34328392148017883, -0.40000003576278687], 57: [0.7339438199996948, 0.4904055893421173, -0.10000000149011612], 58: [-0.1722075641155243, 0.8657457828521729, -0.10000000149011612], 59: [0.60602205991745, -0.12054528295993805, -0.40000003576278687], 60: [0.4904056191444397, 0.7339438199996948, -0.10000000149011612], 61: [-0.4904055893421173, 0.7339438199996948, -0.10000000149011612], 62: [0.60602205991745, 0.12054528295993805, -0.40000003576278687], 63: [0.1722075641155243, 0.8657457828521729, -0.10000000149011612]}, 'editMode': True}, 'Circle', {'tolerance': 10}]
['Toggle Edit Mode', {'editMode': False}, 'Circle', {'tolerance': 10}]
['Add Modifier', {'type': 'SUBSURF', 'editMode': False}, 'Circle', {'tolerance': 10}]
[' bpy context object modifiers', {'group': 'Subdivision', 'levels': '3', 'editMode': False}, 'Circle', {'tolerance': 10}]
['Join', {'editMode': False}, 'Sphere', {'tolerance': 10}]
['Shade Smooth', {'editMode': False}, 'Sphere', {'tolerance': 10}]
['Move', {'value': (0, 0, 4), 'orient_axis_ortho': 'X', 'newlocation': [0.0, 0.0, 4.0], 'selectedObjs': ['Gem', 'Sphere', 'Empty'], 'editMode': False}, 'Sphere', {'tolerance': 10}]
['Add Circle', {'enter_editmode': False, 'align': 'WORLD', 'editMode': False}, 'Circle', {'tolerance': 10}]
['Toggle Edit Mode', {'deletedVertices': [16, 17, 18, 19, 20, 21, 22, 23, 24, 25, 26, 27, 28, 29, 30, 31, 32, 33, 34, 35, 36, 37, 38, 39, 40, 41, 42, 43, 44, 45, 46, 47, 48, 49, 50, 51, 52, 53, 54, 55, 56, 57, 58, 59, 60, 61, 62, 63], 'deletedFaces': [0, 1, 2, 3, 4, 5, 6, 7, 8, 9, 10, 11, 12, 13, 14, 15, 16, 17, 18, 19, 20, 21, 22, 23, 24, 25, 26, 27, 28, 29, 30, 31, 32, 33, 34, 35, 36, 37, 38, 39, 40, 41, 42, 43, 44, 45, 46, 47, 48, 49, 50, 51, 52, 53, 54, 55, 56, 57, 58, 59, 60, 61, 62, 63], 'vertices': {0: [0.0, 1.0, 0.0], 1: [-0.3826834559440613, 0.9238795042037964, 0.0], 2: [-0.7071067690849304, 0.7071067690849304, 0.0], 3: [-0.9238795042037964, 0.3826834559440613, 0.0], 4: [-1.0, 0.0, 0.0], 5: [-0.9238795042037964, -0.3826834559440613, 0.0], 6: [-0.7071067690849304, -0.7071067690849304, 0.0], 7: [-0.3826834559440613, -0.9238795042037964, 0.0], 8: [0.0, -1.0, 0.0], 9: [0.3826834559440613, -0.9238795042037964, 0.0], 10: [0.7071067690849304, -0.7071067690849304, 0.0], 11: [0.9238795042037964, -0.3826834559440613, 0.0], 12: [1.0, 0.0, 0.0], 13: [0.9238795042037964, 0.3826834559440613, 0.0], 14: [0.7071067690849304, 0.7071067690849304, 0.0], 15: [0.3826834559440613, 0.9238795042037964, 0.0]}, 'faces': {}, 'editMode': True}, 'Circle', {'tolerance': 10}]
['Rotate', {'value': 1.5708, 'orient_axis': 'X', 'selectedVertices': [0, 1, 2, 3, 4, 5, 6, 7, 8, 9, 10, 11, 12, 13, 14, 15], 'vertices': {0: [8.881784197001252e-16, 0.0, 1.0], 1: [-0.3826833963394165, -5.960464477539063e-08, 0.9238795042037964], 2: [-0.7071067094802856, -5.960464477539063e-08, 0.7071067690849304], 3: [-0.9238794445991516, -2.9802322387695312e-08, 0.3826834559440613], 4: [-0.9999999403953552, -1.1175871783564162e-08, 1.1175870895385742e-08], 5: [-0.9238794445991516, 0.0, -0.3826834559440613], 6: [-0.7071067094802856, 0.0, -0.7071067690849304], 7: [-0.3826833963394165, 0.0, -0.9238795042037964], 8: [8.881784197001252e-16, 0.0, -1.0], 9: [0.3826834559440613, 0.0, -0.9238795042037964], 10: [0.7071067094802856, 0.0, -0.7071067690849304], 11: [0.9238794445991516, 0.0, -0.3826834559440613], 12: [0.9999999403953552, -1.1175871783564162e-08, 1.1175870895385742e-08], 13: [0.9238794445991516, -2.9802322387695312e-08, 0.3826834559440613], 14: [0.7071067094802856, -5.960464477539063e-08, 0.7071067690849304], 15: [0.3826834559440613, -5.960464477539063e-08, 0.9238795042037964]}, 'faces': {}, 'editMode': True}, 'Circle', {'tolerance': 10}]
['Resize', {'value': (2, 2, 2), 'orient_type': 'GLOBAL', 'selectedVertices': [0, 1, 2, 3, 4, 5, 6, 7, 8, 9, 10, 11, 12, 13, 14, 15], 'vertices': {0: [1.1175872671742582e-08, 2.0023435354232788e-08, 2.0], 1: [-0.765366792678833, -9.918585419654846e-08, 1.8477590084075928], 2: [-1.4142134189605713, -9.918585419654846e-08, 1.4142135381698608], 3: [-1.8477588891983032, -3.958120942115784e-08, 0.7653669118881226], 4: [-1.9999998807907104, -2.3283082128955357e-09, 3.3527612686157227e-08], 5: [-1.8477588891983032, 2.0023435354232788e-08, -0.7653669118881226], 6: [-1.4142134189605713, 2.0023435354232788e-08, -1.4142135381698608], 7: [-0.765366792678833, 2.0023435354232788e-08, -1.8477590084075928], 8: [1.1175872671742582e-08, 2.0023435354232788e-08, -2.0], 9: [0.7653669118881226, 2.0023435354232788e-08, -1.8477590084075928], 10: [1.4142134189605713, 2.0023435354232788e-08, -1.4142135381698608], 11: [1.8477588891983032, 2.0023435354232788e-08, -0.7653669118881226], 12: [1.9999998807907104, -2.3283082128955357e-09, 3.3527612686157227e-08], 13: [1.8477588891983032, -3.958120942115784e-08, 0.7653669118881226], 14: [1.4142134189605713, -9.918585419654846e-08, 1.4142135381698608], 15: [0.7653669118881226, -9.918585419654846e-08, 1.8477590084075928]}, 'faces': {}, 'editMode': True}, 'Circle', {'tolerance': 10}]
['Extrude Region and Move', {'use_normal_flip': False, 'use_dissolve_ortho_edges': False, 'value': (0.9, 0.9, 0.9), 'mouse_dir_constraint': (0, 0, 0), 'newVertices': [16, 17, 18, 19, 20, 21, 22, 23, 24, 25, 26, 27, 28, 29, 30, 31], 'newFaces': [0, 1, 2, 3, 4, 5, 6, 7, 8, 9, 10, 11, 12, 13, 14, 15], 'vertices': {0: [1.1175872671742582e-08, 2.0023435354232788e-08, 2.0], 1: [-0.765366792678833, -9.918585419654846e-08, 1.8477590084075928], 2: [-1.4142134189605713, -9.918585419654846e-08, 1.4142135381698608], 3: [-1.8477588891983032, -3.958120942115784e-08, 0.7653669118881226], 4: [-1.9999998807907104, -2.3283082128955357e-09, 3.3527612686157227e-08], 5: [-1.8477588891983032, 2.0023435354232788e-08, -0.7653669118881226], 6: [-1.4142134189605713, 2.0023435354232788e-08, -1.4142135381698608], 7: [-0.765366792678833, 2.0023435354232788e-08, -1.8477590084075928], 8: [1.1175872671742582e-08, 2.0023435354232788e-08, -2.0], 9: [0.7653669118881226, 2.0023435354232788e-08, -1.8477590084075928], 10: [1.4142134189605713, 2.0023435354232788e-08, -1.4142135381698608], 11: [1.8477588891983032, 2.0023435354232788e-08, -0.7653669118881226], 12: [1.9999998807907104, -2.3283082128955357e-09, 3.3527612686157227e-08], 13: [1.8477588891983032, -3.958120942115784e-08, 0.7653669118881226], 14: [1.4142134189605713, -9.918585419654846e-08, 1.4142135381698608], 15: [0.7653669118881226, -9.918585419654846e-08, 1.8477590084075928], 16: [7.823107495141812e-09, 1.6018748993928966e-08, 1.7999999523162842], 17: [-0.6888300776481628, -9.12696123123169e-08, 1.6629830598831177], 18: [-1.272792100906372, -9.12696123123169e-08, 1.272792100906372], 19: [-1.6629829406738281, -3.7625433435550804e-08, 0.6888301968574524], 20: [-1.7999998331069946, -4.097820749393577e-09, 2.7939677238464355e-08], 21: [-1.6629829406738281, 1.6018748993928966e-08, -0.6888301968574524], 22: [-1.272792100906372, 1.6018748993928966e-08, -1.272792100906372], 23: [-0.6888300776481628, 1.6018748993928966e-08, -1.6629830598831177], 24: [7.823107495141812e-09, 1.6018748993928966e-08, -1.7999999523162842], 25: [0.6888301968574524, 1.6018748993928966e-08, -1.6629830598831177], 26: [1.272792100906372, 1.6018748993928966e-08, -1.272792100906372], 27: [1.6629829406738281, 1.6018748993928966e-08, -0.6888301968574524], 28: [1.7999998331069946, -4.097820749393577e-09, 2.7939677238464355e-08], 29: [1.6629829406738281, -3.7625433435550804e-08, 0.6888301968574524], 30: [1.272792100906372, -9.12696123123169e-08, 1.272792100906372], 31: [0.6888301968574524, -9.12696123123169e-08, 1.6629830598831177]}, 'faces': {0: [-1.8276853561401367, -2.090819251066023e-08, 0.36354929208755493], 1: [1.8276853561401367, 7.40401384646816e-09, -0.36354926228523254], 2: [-1.8276853561401367, 7.4040134023789506e-09, -0.36354926228523254], 3: [1.8276853561401367, -2.090819251066023e-08, 0.36354929208755493], 4: [-1.5494368076324463, 1.8021092174080877e-08, -1.0353007316589355], 5: [1.5494368076324463, -6.691552556503666e-08, 1.0353007316589355], 6: [-1.035300612449646, 1.8021092174080877e-08, -1.5494368076324463], 7: [1.035300612449646, -9.522773325443268e-08, 1.5494368076324463], 8: [-0.36354923248291016, 1.8021092174080877e-08, -1.8276854753494263], 9: [-0.36354923248291016, -3.860332142835432e-08, 1.8276855945587158], 10: [0.36354929208755493, -3.860332142835432e-08, 1.8276854753494263], 11: [0.36354929208755493, 1.8021092174080877e-08, -1.8276855945587158], 12: [-1.035300612449646, -9.522773325443268e-08, 1.5494368076324463], 13: [1.035300612449646, 1.8021092174080877e-08, -1.5494368076324463], 14: [-1.5494368076324463, -6.691552556503666e-08, 1.0353007316589355], 15: [1.5494368076324463, 1.8021092174080877e-08, -1.0353007316589355]}, 'editMode': True}, 'Circle', {'tolerance': 10}]
['Select Mode', {'use_extend': False, 'use_expand': False, 'vertices': {0: [1.1175872671742582e-08, 2.0023435354232788e-08, 2.0], 1: [-0.765366792678833, -9.918585419654846e-08, 1.8477590084075928], 2: [-1.4142134189605713, -9.918585419654846e-08, 1.4142135381698608], 3: [-1.8477588891983032, -3.958120942115784e-08, 0.7653669118881226], 4: [-1.9999998807907104, -2.3283082128955357e-09, 3.3527612686157227e-08], 5: [-1.8477588891983032, 2.0023435354232788e-08, -0.7653669118881226], 6: [-1.4142134189605713, 2.0023435354232788e-08, -1.4142135381698608], 7: [-0.765366792678833, 2.0023435354232788e-08, -1.8477590084075928], 8: [1.1175872671742582e-08, 2.0023435354232788e-08, -2.0], 9: [0.7653669118881226, 2.0023435354232788e-08, -1.8477590084075928], 10: [1.4142134189605713, 2.0023435354232788e-08, -1.4142135381698608], 11: [1.8477588891983032, 2.0023435354232788e-08, -0.7653669118881226], 12: [1.9999998807907104, -2.3283082128955357e-09, 3.3527612686157227e-08], 13: [1.8477588891983032, -3.958120942115784e-08, 0.7653669118881226], 14: [1.4142134189605713, -9.918585419654846e-08, 1.4142135381698608], 15: [0.7653669118881226, -9.918585419654846e-08, 1.8477590084075928], 16: [7.823107495141812e-09, 1.6018748993928966e-08, 1.7999999523162842], 17: [-0.6888300776481628, -9.12696123123169e-08, 1.6629830598831177], 18: [-1.272792100906372, -9.12696123123169e-08, 1.272792100906372], 19: [-1.6629829406738281, -3.7625433435550804e-08, 0.6888301968574524], 20: [-1.7999998331069946, -4.097820749393577e-09, 2.7939677238464355e-08], 21: [-1.6629829406738281, 1.6018748993928966e-08, -0.6888301968574524], 22: [-1.272792100906372, 1.6018748993928966e-08, -1.272792100906372], 23: [-0.6888300776481628, 1.6018748993928966e-08, -1.6629830598831177], 24: [7.823107495141812e-09, 1.6018748993928966e-08, -1.7999999523162842], 25: [0.6888301968574524, 1.6018748993928966e-08, -1.6629830598831177], 26: [1.272792100906372, 1.6018748993928966e-08, -1.272792100906372], 27: [1.6629829406738281, 1.6018748993928966e-08, -0.6888301968574524], 28: [1.7999998331069946, -4.097820749393577e-09, 2.7939677238464355e-08], 29: [1.6629829406738281, -3.7625433435550804e-08, 0.6888301968574524], 30: [1.272792100906372, -9.12696123123169e-08, 1.272792100906372], 31: [0.6888301968574524, -9.12696123123169e-08, 1.6629830598831177]}, 'faces': {0: [-1.8276853561401367, -2.090819251066023e-08, 0.36354929208755493], 1: [1.8276853561401367, 7.40401384646816e-09, -0.36354926228523254], 2: [-1.8276853561401367, 7.4040134023789506e-09, -0.36354926228523254], 3: [1.8276853561401367, -2.090819251066023e-08, 0.36354929208755493], 4: [-1.5494368076324463, 1.8021092174080877e-08, -1.0353007316589355], 5: [1.5494368076324463, -6.691552556503666e-08, 1.0353007316589355], 6: [-1.035300612449646, 1.8021092174080877e-08, -1.5494368076324463], 7: [1.035300612449646, -9.522773325443268e-08, 1.5494368076324463], 8: [-0.36354923248291016, 1.8021092174080877e-08, -1.8276854753494263], 9: [-0.36354923248291016, -3.860332142835432e-08, 1.8276855945587158], 10: [0.36354929208755493, -3.860332142835432e-08, 1.8276854753494263], 11: [0.36354929208755493, 1.8021092174080877e-08, -1.8276855945587158], 12: [-1.035300612449646, -9.522773325443268e-08, 1.5494368076324463], 13: [1.035300612449646, 1.8021092174080877e-08, -1.5494368076324463], 14: [-1.5494368076324463, -6.691552556503666e-08, 1.0353007316589355], 15: [1.5494368076324463, 1.8021092174080877e-08, -1.0353007316589355]}, 'editMode': True}, 'Circle', {'tolerance': 10}]
['Delete', {'type': 'FACE', 'deletedVertices': [18, 19, 20, 21, 22, 23, 24, 25, 26, 27, 28, 29, 30, 31], 'deletedFaces': [8, 9, 10, 11, 12, 13, 14, 15], 'vertices': {0: [1.1175872671742582e-08, 2.0023435354232788e-08, 2.0], 1: [1.1175872671742582e-08, 2.0023435354232788e-08, -2.0], 2: [0.7653669118881226, 2.0023435354232788e-08, -1.8477590084075928], 3: [1.4142134189605713, 2.0023435354232788e-08, -1.4142135381698608], 4: [1.8477588891983032, 2.0023435354232788e-08, -0.7653669118881226], 5: [1.9999998807907104, -2.3283082128955357e-09, 3.3527612686157227e-08], 6: [1.8477588891983032, -3.958120942115784e-08, 0.7653669118881226], 7: [1.4142134189605713, -9.918585419654846e-08, 1.4142135381698608], 8: [0.7653669118881226, -9.918585419654846e-08, 1.8477590084075928], 9: [7.823107495141812e-09, 1.6018748993928966e-08, 1.7999999523162842], 10: [7.823107495141812e-09, 1.6018748993928966e-08, -1.7999999523162842], 11: [0.6888301968574524, 1.6018748993928966e-08, -1.6629830598831177], 12: [1.272792100906372, 1.6018748993928966e-08, -1.272792100906372], 13: [1.6629829406738281, 1.6018748993928966e-08, -0.6888301968574524], 14: [1.7999998331069946, -4.097820749393577e-09, 2.7939677238464355e-08], 15: [1.6629829406738281, -3.7625433435550804e-08, 0.6888301968574524], 16: [1.272792100906372, -9.12696123123169e-08, 1.272792100906372], 17: [0.6888301968574524, -9.12696123123169e-08, 1.6629830598831177]}, 'faces': {0: [1.8276853561401367, 7.40401384646816e-09, -0.36354926228523254], 1: [1.8276853561401367, -2.090819251066023e-08, 0.36354929208755493], 2: [1.5494368076324463, -6.691552556503666e-08, 1.0353007316589355], 3: [1.035300612449646, -9.522773325443268e-08, 1.5494368076324463], 4: [0.36354929208755493, -3.860332142835432e-08, 1.8276854753494263], 5: [0.36354929208755493, 1.8021092174080877e-08, -1.8276855945587158], 6: [1.035300612449646, 1.8021092174080877e-08, -1.5494368076324463], 7: [1.5494368076324463, 1.8021092174080877e-08, -1.0353007316589355]}, 'editMode': True}, 'Circle', {'tolerance': 10}]
['Add Modifier', {'type': 'MIRROR', 'vertices': {0: [1.1175872671742582e-08, 2.0023435354232788e-08, 2.0], 1: [1.1175872671742582e-08, 2.0023435354232788e-08, -2.0], 2: [0.7653669118881226, 2.0023435354232788e-08, -1.8477590084075928], 3: [1.4142134189605713, 2.0023435354232788e-08, -1.4142135381698608], 4: [1.8477588891983032, 2.0023435354232788e-08, -0.7653669118881226], 5: [1.9999998807907104, -2.3283082128955357e-09, 3.3527612686157227e-08], 6: [1.8477588891983032, -3.958120942115784e-08, 0.7653669118881226], 7: [1.4142134189605713, -9.918585419654846e-08, 1.4142135381698608], 8: [0.7653669118881226, -9.918585419654846e-08, 1.8477590084075928], 9: [7.823107495141812e-09, 1.6018748993928966e-08, 1.7999999523162842], 10: [7.823107495141812e-09, 1.6018748993928966e-08, -1.7999999523162842], 11: [0.6888301968574524, 1.6018748993928966e-08, -1.6629830598831177], 12: [1.272792100906372, 1.6018748993928966e-08, -1.272792100906372], 13: [1.6629829406738281, 1.6018748993928966e-08, -0.6888301968574524], 14: [1.7999998331069946, -4.097820749393577e-09, 2.7939677238464355e-08], 15: [1.6629829406738281, -3.7625433435550804e-08, 0.6888301968574524], 16: [1.272792100906372, -9.12696123123169e-08, 1.272792100906372], 17: [0.6888301968574524, -9.12696123123169e-08, 1.6629830598831177]}, 'faces': {0: [1.8276853561401367, 7.40401384646816e-09, -0.36354926228523254], 1: [1.8276853561401367, -2.090819251066023e-08, 0.36354929208755493], 2: [1.5494368076324463, -6.691552556503666e-08, 1.0353007316589355], 3: [1.035300612449646, -9.522773325443268e-08, 1.5494368076324463], 4: [0.36354929208755493, -3.860332142835432e-08, 1.8276854753494263], 5: [0.36354929208755493, 1.8021092174080877e-08, -1.8276855945587158], 6: [1.035300612449646, 1.8021092174080877e-08, -1.5494368076324463], 7: [1.5494368076324463, 1.8021092174080877e-08, -1.0353007316589355]}, 'editMode': True}, 'Circle', {'tolerance': 10}]
['Select Mode', {'use_extend': False, 'use_expand': False, 'vertices': {0: [1.1175872671742582e-08, 2.0023435354232788e-08, 2.0], 1: [1.1175872671742582e-08, 2.0023435354232788e-08, -2.0], 2: [0.7653669118881226, 2.0023435354232788e-08, -1.8477590084075928], 3: [1.4142134189605713, 2.0023435354232788e-08, -1.4142135381698608], 4: [1.8477588891983032, 2.0023435354232788e-08, -0.7653669118881226], 5: [1.9999998807907104, -2.3283082128955357e-09, 3.3527612686157227e-08], 6: [1.8477588891983032, -3.958120942115784e-08, 0.7653669118881226], 7: [1.4142134189605713, -9.918585419654846e-08, 1.4142135381698608], 8: [0.7653669118881226, -9.918585419654846e-08, 1.8477590084075928], 9: [7.823107495141812e-09, 1.6018748993928966e-08, 1.7999999523162842], 10: [7.823107495141812e-09, 1.6018748993928966e-08, -1.7999999523162842], 11: [0.6888301968574524, 1.6018748993928966e-08, -1.6629830598831177], 12: [1.272792100906372, 1.6018748993928966e-08, -1.272792100906372], 13: [1.6629829406738281, 1.6018748993928966e-08, -0.6888301968574524], 14: [1.7999998331069946, -4.097820749393577e-09, 2.7939677238464355e-08], 15: [1.6629829406738281, -3.7625433435550804e-08, 0.6888301968574524], 16: [1.272792100906372, -9.12696123123169e-08, 1.272792100906372], 17: [0.6888301968574524, -9.12696123123169e-08, 1.6629830598831177]}, 'faces': {0: [1.8276853561401367, 7.40401384646816e-09, -0.36354926228523254], 1: [1.8276853561401367, -2.090819251066023e-08, 0.36354929208755493], 2: [1.5494368076324463, -6.691552556503666e-08, 1.0353007316589355], 3: [1.035300612449646, -9.522773325443268e-08, 1.5494368076324463], 4: [0.36354929208755493, -3.860332142835432e-08, 1.8276854753494263], 5: [0.36354929208755493, 1.8021092174080877e-08, -1.8276855945587158], 6: [1.035300612449646, 1.8021092174080877e-08, -1.5494368076324463], 7: [1.5494368076324463, 1.8021092174080877e-08, -1.0353007316589355]}, 'editMode': True}, 'Circle', {'tolerance': 10}]
['Move', {'value': (0.4, 0, 0), 'orient_axis_ortho': 'X', 'selectedVertices': [0, 9], 'vertices': {0: [0.4000000059604645, 2.0023435354232788e-08, 2.0], 1: [1.1175872671742582e-08, 2.0023435354232788e-08, -2.0], 2: [0.7653669118881226, 2.0023435354232788e-08, -1.8477590084075928], 3: [1.4142134189605713, 2.0023435354232788e-08, -1.4142135381698608], 4: [1.8477588891983032, 2.0023435354232788e-08, -0.7653669118881226], 5: [1.9999998807907104, -2.3283082128955357e-09, 3.3527612686157227e-08], 6: [1.8477588891983032, -3.958120942115784e-08, 0.7653669118881226], 7: [1.4142134189605713, -9.918585419654846e-08, 1.4142135381698608], 8: [0.7653669118881226, -9.918585419654846e-08, 1.8477590084075928], 9: [0.4000000059604645, 1.6018748993928966e-08, 1.7999999523162842], 10: [7.823107495141812e-09, 1.6018748993928966e-08, -1.7999999523162842], 11: [0.6888301968574524, 1.6018748993928966e-08, -1.6629830598831177], 12: [1.272792100906372, 1.6018748993928966e-08, -1.272792100906372], 13: [1.6629829406738281, 1.6018748993928966e-08, -0.6888301968574524], 14: [1.7999998331069946, -4.097820749393577e-09, 2.7939677238464355e-08], 15: [1.6629829406738281, -3.7625433435550804e-08, 0.6888301968574524], 16: [1.272792100906372, -9.12696123123169e-08, 1.272792100906372], 17: [0.6888301968574524, -9.12696123123169e-08, 1.6629830598831177]}, 'faces': {0: [1.8276853561401367, 7.40401384646816e-09, -0.36354926228523254], 1: [1.8276853561401367, -2.090819251066023e-08, 0.36354929208755493], 2: [1.5494368076324463, -6.691552556503666e-08, 1.0353007316589355], 3: [1.035300612449646, -9.522773325443268e-08, 1.5494368076324463], 4: [0.563549280166626, -3.860332142835432e-08, 1.8276854753494263], 5: [0.36354929208755493, 1.8021092174080877e-08, -1.8276855945587158], 6: [1.035300612449646, 1.8021092174080877e-08, -1.5494368076324463], 7: [1.5494368076324463, 1.8021092174080877e-08, -1.0353007316589355]}, 'editMode': True}, 'Circle', {'tolerance': 10}]
['Add Cylinder', {'radius': 1, 'depth': 2, 'newVertices': [18, 19, 20, 21, 22, 23, 24, 25, 26, 27, 28, 29, 30, 31, 32, 33, 34, 35, 36, 37, 38, 39, 40, 41, 42, 43, 44, 45, 46, 47, 48, 49, 50, 51, 52, 53, 54, 55, 56, 57, 58, 59, 60, 61, 62, 63, 64, 65, 66, 67, 68, 69, 70, 71, 72, 73, 74, 75, 76, 77, 78, 79, 80, 81], 'newFaces': [8, 9, 10, 11, 12, 13, 14, 15, 16, 17, 18, 19, 20, 21, 22, 23, 24, 25, 26, 27, 28, 29, 30, 31, 32, 33, 34, 35, 36, 37, 38, 39, 40, 41], 'vertices': {0: [0.4000000059604645, 2.0023435354232788e-08, 2.0], 1: [0.8314695954322815, 0.5555702447891235, 1.0], 2: [0.8314695954322815, 0.5555702447891235, -1.0], 3: [0.7071067690849304, 0.7071067690849304, 1.0], 4: [0.7071067690849304, 0.7071067690849304, -1.0], 5: [0.5555702447891235, 0.8314695954322815, 1.0], 6: [0.5555702447891235, 0.8314695954322815, -1.0], 7: [0.3826834559440613, 0.9238795042037964, 1.0], 8: [1.1175872671742582e-08, 2.0023435354232788e-08, -2.0], 9: [0.7653669118881226, 2.0023435354232788e-08, -1.8477590084075928], 10: [1.4142134189605713, 2.0023435354232788e-08, -1.4142135381698608], 11: [1.8477588891983032, 2.0023435354232788e-08, -0.7653669118881226], 12: [1.9999998807907104, -2.3283082128955357e-09, 3.3527612686157227e-08], 13: [1.8477588891983032, -3.958120942115784e-08, 0.7653669118881226], 14: [1.4142134189605713, -9.918585419654846e-08, 1.4142135381698608], 15: [0.7653669118881226, -9.918585419654846e-08, 1.8477590084075928], 16: [0.4000000059604645, 1.6018748993928966e-08, 1.7999999523162842], 17: [0.3826834559440613, 0.9238795042037964, -1.0], 18: [0.19509032368659973, 0.9807852506637573, 1.0], 19: [0.19509032368659973, 0.9807852506637573, -1.0], 20: [0.0, 1.0, 1.0], 21: [0.0, 1.0, -1.0], 22: [7.823107495141812e-09, 1.6018748993928966e-08, -1.7999999523162842], 23: [0.6888301968574524, 1.6018748993928966e-08, -1.6629830598831177], 24: [1.272792100906372, 1.6018748993928966e-08, -1.272792100906372], 25: [1.6629829406738281, 1.6018748993928966e-08, -0.6888301968574524], 26: [1.7999998331069946, -4.097820749393577e-09, 2.7939677238464355e-08], 27: [1.6629829406738281, -3.7625433435550804e-08, 0.6888301968574524], 28: [1.272792100906372, -9.12696123123169e-08, 1.272792100906372], 29: [0.6888301968574524, -9.12696123123169e-08, 1.6629830598831177], 30: [0.9238795042037964, 0.3826834559440613, -1.0], 31: [0.9238795042037964, 0.3826834559440613, 1.0], 32: [0.9807852506637573, 0.19509032368659973, -1.0], 33: [0.9807852506637573, 0.19509032368659973, 1.0], 34: [1.0, 0.0, -1.0], 35: [1.0, 0.0, 1.0], 36: [0.9807852506637573, -0.19509032368659973, -1.0], 37: [0.9807852506637573, -0.19509032368659973, 1.0], 38: [0.9238795042037964, -0.3826834559440613, -1.0], 39: [0.9238795042037964, -0.3826834559440613, 1.0], 40: [0.8314695954322815, -0.5555702447891235, -1.0], 41: [0.8314695954322815, -0.5555702447891235, 1.0], 42: [0.7071067690849304, -0.7071067690849304, -1.0], 43: [0.7071067690849304, -0.7071067690849304, 1.0], 44: [0.5555702447891235, -0.8314695954322815, -1.0], 45: [0.5555702447891235, -0.8314695954322815, 1.0], 46: [0.3826834559440613, -0.9238795042037964, -1.0], 47: [0.3826834559440613, -0.9238795042037964, 1.0], 48: [0.19509032368659973, -0.9807852506637573, -1.0], 49: [0.19509032368659973, -0.9807852506637573, 1.0], 50: [0.0, -1.0, -1.0], 51: [0.0, -1.0, 1.0], 52: [-0.19509032368659973, -0.9807852506637573, -1.0], 53: [-0.19509032368659973, -0.9807852506637573, 1.0], 54: [-0.3826834559440613, -0.9238795042037964, -1.0], 55: [-0.3826834559440613, -0.9238795042037964, 1.0], 56: [-0.5555702447891235, -0.8314695954322815, -1.0], 57: [-0.5555702447891235, -0.8314695954322815, 1.0], 58: [-0.7071067690849304, -0.7071067690849304, -1.0], 59: [-0.7071067690849304, -0.7071067690849304, 1.0], 60: [-0.8314695954322815, -0.5555702447891235, -1.0], 61: [-0.8314695954322815, -0.5555702447891235, 1.0], 62: [-0.9238795042037964, -0.3826834559440613, -1.0], 63: [-0.9238795042037964, -0.3826834559440613, 1.0], 64: [-0.9807852506637573, -0.19509032368659973, -1.0], 65: [-0.9807852506637573, -0.19509032368659973, 1.0], 66: [-1.0, 0.0, -1.0], 67: [-1.0, 0.0, 1.0], 68: [-0.9807852506637573, 0.19509032368659973, -1.0], 69: [-0.9807852506637573, 0.19509032368659973, 1.0], 70: [-0.9238795042037964, 0.3826834559440613, -1.0], 71: [-0.9238795042037964, 0.3826834559440613, 1.0], 72: [-0.8314695954322815, 0.5555702447891235, -1.0], 73: [-0.8314695954322815, 0.5555702447891235, 1.0], 74: [-0.7071067690849304, 0.7071067690849304, -1.0], 75: [-0.7071067690849304, 0.7071067690849304, 1.0], 76: [-0.5555702447891235, 0.8314695954322815, -1.0], 77: [-0.5555702447891235, 0.8314695954322815, 1.0], 78: [-0.3826834559440613, 0.9238795042037964, -1.0], 79: [-0.3826834559440613, 0.9238795042037964, 1.0], 80: [-0.19509032368659973, 0.9807852506637573, -1.0], 81: [-0.19509032368659973, 0.9807852506637573, 1.0]}, 'faces': {0: [1.8276853561401367, 7.40401384646816e-09, -0.36354926228523254], 1: [1.8276853561401367, -2.090819251066023e-08, 0.36354929208755493], 2: [0.2888869047164917, 0.9523323774337769, 0.0], 3: [1.5494368076324463, -6.691552556503666e-08, 1.0353007316589355], 4: [1.035300612449646, -9.522773325443268e-08, 1.5494368076324463], 5: [0.09754516184329987, 0.9903926849365234, 0.0], 6: [0.563549280166626, -3.860332142835432e-08, 1.8276854753494263], 7: [0.36354929208755493, 1.8021092174080877e-08, -1.8276855945587158], 8: [1.035300612449646, 1.8021092174080877e-08, -1.5494368076324463], 9: [1.5494368076324463, 1.8021092174080877e-08, -1.0353007316589355], 10: [0.4691268503665924, 0.8776745200157166, 0.0], 11: [0.6313385367393494, 0.769288182258606, 0.0], 12: [0.769288182258606, 0.6313384771347046, 0.0], 13: [0.8776745796203613, 0.4691268801689148, 0.0], 14: [0.9523323774337769, 0.2888868749141693, 0.0], 15: [0.9903926253318787, 0.09754516184329987, 0.0], 16: [0.9903926849365234, -0.09754516184329987, 0.0], 17: [0.9523323774337769, -0.2888869047164917, 0.0], 18: [0.8776745200157166, -0.4691268503665924, 0.0], 19: [0.769288182258606, -0.6313385367393494, 0.0], 20: [0.6313384771347046, -0.769288182258606, 0.0], 21: [0.4691268801689148, -0.8776745796203613, 0.0], 22: [0.2888868749141693, -0.9523323774337769, 0.0], 23: [0.09754516184329987, -0.9903926253318787, 0.0], 24: [-0.09754516184329987, -0.9903926849365234, 0.0], 25: [-0.2888869047164917, -0.9523323774337769, 0.0], 26: [-0.4691268503665924, -0.8776745200157166, 0.0], 27: [-0.6313385367393494, -0.769288182258606, 0.0], 28: [-0.769288182258606, -0.6313384771347046, 0.0], 29: [-0.8776745796203613, -0.4691268801689148, 0.0], 30: [-0.9523323774337769, -0.2888868749141693, 0.0], 31: [-0.9903926253318787, -0.09754516184329987, 0.0], 32: [-0.9903926849365234, 0.09754516184329987, 0.0], 33: [-0.9523323774337769, 0.2888869047164917, 0.0], 34: [-0.8776745200157166, 0.4691268503665924, 0.0], 35: [-0.769288182258606, 0.6313385367393494, 0.0], 36: [-0.6313384771347046, 0.769288182258606, 0.0], 37: [-0.4691268801689148, 0.8776745796203613, 0.0], 38: [1.4901161193847656e-08, 7.450580596923828e-09, -1.0], 39: [-0.2888868749141693, 0.9523323774337769, 0.0], 40: [-0.09754516184329987, 0.9903926253318787, 0.0], 41: [-1.1175870895385742e-08, 9.313225746154785e-09, 1.0]}, 'editMode': True}, 'Circle', {'tolerance': 10}]
['Add Cylinder', {'vertices': {0: [0.4000000059604645, 2.0023435354232788e-08, 2.0], 1: [1.1175872671742582e-08, 2.0023435354232788e-08, -2.0], 2: [0.7653669118881226, 2.0023435354232788e-08, -1.8477590084075928], 3: [1.4142134189605713, 2.0023435354232788e-08, -1.4142135381698608], 4: [1.8477588891983032, 2.0023435354232788e-08, -0.7653669118881226], 5: [1.9999998807907104, -2.3283082128955357e-09, 3.3527612686157227e-08], 6: [1.8477588891983032, -3.958120942115784e-08, 0.7653669118881226], 7: [1.4142134189605713, -9.918585419654846e-08, 1.4142135381698608], 8: [0.7653669118881226, -9.918585419654846e-08, 1.8477590084075928], 9: [0.4000000059604645, 1.6018748993928966e-08, 1.7999999523162842], 10: [7.823107495141812e-09, 1.6018748993928966e-08, -1.7999999523162842], 11: [0.6888301968574524, 1.6018748993928966e-08, -1.6629830598831177], 12: [1.272792100906372, 1.6018748993928966e-08, -1.272792100906372], 13: [1.6629829406738281, 1.6018748993928966e-08, -0.6888301968574524], 14: [1.7999998331069946, -4.097820749393577e-09, 2.7939677238464355e-08], 15: [1.6629829406738281, -3.7625433435550804e-08, 0.6888301968574524], 16: [1.272792100906372, -9.12696123123169e-08, 1.272792100906372], 17: [0.6888301968574524, -9.12696123123169e-08, 1.6629830598831177], 18: [0.0, 1.0, -1.0], 19: [0.0, 1.0, 1.0], 20: [0.7071067690849304, 0.7071067690849304, -1.0], 21: [0.7071067690849304, 0.7071067690849304, 1.0], 22: [1.0, 0.0, -1.0], 23: [1.0, 0.0, 1.0], 24: [0.7071067690849304, -0.7071067690849304, -1.0], 25: [0.7071067690849304, -0.7071067690849304, 1.0], 26: [0.0, -1.0, -1.0], 27: [0.0, -1.0, 1.0], 28: [-0.7071067690849304, -0.7071067690849304, -1.0], 29: [-0.7071067690849304, -0.7071067690849304, 1.0], 30: [-1.0, 0.0, -1.0], 31: [-1.0, 0.0, 1.0], 32: [-0.7071067690849304, 0.7071067690849304, -1.0], 33: [-0.7071067690849304, 0.7071067690849304, 1.0]}, 'radius': 1, 'depth': 2, 'deletedVertices': [34, 35, 36, 37, 38, 39, 40, 41, 42, 43, 44, 45, 46, 47, 48, 49, 50, 51, 52, 53, 54, 55, 56, 57, 58, 59, 60, 61, 62, 63, 64, 65, 66, 67, 68, 69, 70, 71, 72, 73, 74, 75, 76, 77, 78, 79, 80, 81], 'deletedFaces': [18, 19, 20, 21, 22, 23, 24, 25, 26, 27, 28, 29, 30, 31, 32, 33, 34, 35, 36, 37, 38, 39, 40, 41], 'faces': {0: [1.8276853561401367, 7.40401384646816e-09, -0.36354926228523254], 1: [1.8276853561401367, -2.090819251066023e-08, 0.36354929208755493], 2: [1.5494368076324463, -6.691552556503666e-08, 1.0353007316589355], 3: [1.035300612449646, -9.522773325443268e-08, 1.5494368076324463], 4: [0.563549280166626, -3.860332142835432e-08, 1.8276854753494263], 5: [0.36354929208755493, 1.8021092174080877e-08, -1.8276855945587158], 6: [1.035300612449646, 1.8021092174080877e-08, -1.5494368076324463], 7: [1.5494368076324463, 1.8021092174080877e-08, -1.0353007316589355], 8: [0.3535533845424652, 0.8535534143447876, 0.0], 9: [0.8535534143447876, 0.3535533845424652, 0.0], 10: [0.8535534143447876, -0.3535533845424652, 0.0], 11: [0.3535533845424652, -0.8535534143447876, 0.0], 12: [-0.3535533845424652, -0.8535534143447876, 0.0], 13: [-0.8535534143447876, -0.3535533845424652, 0.0], 14: [0.0, 7.450580596923828e-09, 1.0], 15: [-0.8535534143447876, 0.3535533845424652, 0.0], 16: [-0.3535533845424652, 0.8535534143447876, 0.0], 17: [7.450580596923828e-09, 0.0, -1.0]}, 'editMode': True}, 'Circle', {'tolerance': 10}]
['Add Cylinder', {'vertices': {0: [0.4000000059604645, 2.0023435354232788e-08, 2.0], 1: [1.1175872671742582e-08, 2.0023435354232788e-08, -2.0], 2: [0.7653669118881226, 2.0023435354232788e-08, -1.8477590084075928], 3: [1.4142134189605713, 2.0023435354232788e-08, -1.4142135381698608], 4: [1.8477588891983032, 2.0023435354232788e-08, -0.7653669118881226], 5: [1.9999998807907104, -2.3283082128955357e-09, 3.3527612686157227e-08], 6: [1.8477588891983032, -3.958120942115784e-08, 0.7653669118881226], 7: [1.4142134189605713, -9.918585419654846e-08, 1.4142135381698608], 8: [0.7653669118881226, -9.918585419654846e-08, 1.8477590084075928], 9: [0.4000000059604645, 1.6018748993928966e-08, 1.7999999523162842], 10: [7.823107495141812e-09, 1.6018748993928966e-08, -1.7999999523162842], 11: [0.6888301968574524, 1.6018748993928966e-08, -1.6629830598831177], 12: [1.272792100906372, 1.6018748993928966e-08, -1.272792100906372], 13: [1.6629829406738281, 1.6018748993928966e-08, -0.6888301968574524], 14: [1.7999998331069946, -4.097820749393577e-09, 2.7939677238464355e-08], 15: [1.6629829406738281, -3.7625433435550804e-08, 0.6888301968574524], 16: [1.272792100906372, -9.12696123123169e-08, 1.272792100906372], 17: [0.6888301968574524, -9.12696123123169e-08, 1.6629830598831177], 18: [0.0, 0.5, -1.0], 19: [0.0, 0.5, 1.0], 20: [0.3535533845424652, 0.3535533845424652, -1.0], 21: [0.3535533845424652, 0.3535533845424652, 1.0], 22: [0.5, 0.0, -1.0], 23: [0.5, 0.0, 1.0], 24: [0.3535533845424652, -0.3535533845424652, -1.0], 25: [0.3535533845424652, -0.3535533845424652, 1.0], 26: [0.0, -0.5, -1.0], 27: [0.0, -0.5, 1.0], 28: [-0.3535533845424652, -0.3535533845424652, -1.0], 29: [-0.3535533845424652, -0.3535533845424652, 1.0], 30: [-0.5, 0.0, -1.0], 31: [-0.5, 0.0, 1.0], 32: [-0.3535533845424652, 0.3535533845424652, -1.0], 33: [-0.3535533845424652, 0.3535533845424652, 1.0]}, 'radius': 0.5, 'depth': 2, 'selectedVertices': [18, 19, 20, 21, 22, 23, 24, 25, 26, 27, 28, 29, 30, 31, 32, 33], 'faces': {0: [1.8276853561401367, 7.40401384646816e-09, -0.36354926228523254], 1: [1.8276853561401367, -2.090819251066023e-08, 0.36354929208755493], 2: [1.5494368076324463, -6.691552556503666e-08, 1.0353007316589355], 3: [1.035300612449646, -9.522773325443268e-08, 1.5494368076324463], 4: [0.563549280166626, -3.860332142835432e-08, 1.8276854753494263], 5: [0.36354929208755493, 1.8021092174080877e-08, -1.8276855945587158], 6: [1.035300612449646, 1.8021092174080877e-08, -1.5494368076324463], 7: [1.5494368076324463, 1.8021092174080877e-08, -1.0353007316589355], 8: [0.1767766922712326, 0.4267767071723938, 0.0], 9: [0.4267767071723938, 0.1767766922712326, 0.0], 10: [0.4267767071723938, -0.1767766922712326, 0.0], 11: [0.1767766922712326, -0.4267767071723938, 0.0], 12: [-0.1767766922712326, -0.4267767071723938, 0.0], 13: [-0.4267767071723938, -0.1767766922712326, 0.0], 14: [0.0, 3.725290298461914e-09, 1.0], 15: [-0.4267767071723938, 0.1767766922712326, 0.0], 16: [-0.1767766922712326, 0.4267767071723938, 0.0], 17: [3.725290298461914e-09, 0.0, -1.0]}, 'editMode': True}, 'Circle', {'tolerance': 10}]
['Add Cylinder', {'vertices': {0: [0.4000000059604645, 2.0023435354232788e-08, 2.0], 1: [1.1175872671742582e-08, 2.0023435354232788e-08, -2.0], 2: [0.7653669118881226, 2.0023435354232788e-08, -1.8477590084075928], 3: [1.4142134189605713, 2.0023435354232788e-08, -1.4142135381698608], 4: [1.8477588891983032, 2.0023435354232788e-08, -0.7653669118881226], 5: [1.9999998807907104, -2.3283082128955357e-09, 3.3527612686157227e-08], 6: [1.8477588891983032, -3.958120942115784e-08, 0.7653669118881226], 7: [1.4142134189605713, -9.918585419654846e-08, 1.4142135381698608], 8: [0.7653669118881226, -9.918585419654846e-08, 1.8477590084075928], 9: [0.4000000059604645, 1.6018748993928966e-08, 1.7999999523162842], 10: [7.823107495141812e-09, 1.6018748993928966e-08, -1.7999999523162842], 11: [0.6888301968574524, 1.6018748993928966e-08, -1.6629830598831177], 12: [1.272792100906372, 1.6018748993928966e-08, -1.272792100906372], 13: [1.6629829406738281, 1.6018748993928966e-08, -0.6888301968574524], 14: [1.7999998331069946, -4.097820749393577e-09, 2.7939677238464355e-08], 15: [1.6629829406738281, -3.7625433435550804e-08, 0.6888301968574524], 16: [1.272792100906372, -9.12696123123169e-08, 1.272792100906372], 17: [0.6888301968574524, -9.12696123123169e-08, 1.6629830598831177], 18: [0.0, 0.5, -0.15000000596046448], 19: [0.0, 0.5, 0.15000000596046448], 20: [0.3535533845424652, 0.3535533845424652, -0.15000000596046448], 21: [0.3535533845424652, 0.3535533845424652, 0.15000000596046448], 22: [0.5, 0.0, -0.15000000596046448], 23: [0.5, 0.0, 0.15000000596046448], 24: [0.3535533845424652, -0.3535533845424652, -0.15000000596046448], 25: [0.3535533845424652, -0.3535533845424652, 0.15000000596046448], 26: [0.0, -0.5, -0.15000000596046448], 27: [0.0, -0.5, 0.15000000596046448], 28: [-0.3535533845424652, -0.3535533845424652, -0.15000000596046448], 29: [-0.3535533845424652, -0.3535533845424652, 0.15000000596046448], 30: [-0.5, 0.0, -0.15000000596046448], 31: [-0.5, 0.0, 0.15000000596046448], 32: [-0.3535533845424652, 0.3535533845424652, -0.15000000596046448], 33: [-0.3535533845424652, 0.3535533845424652, 0.15000000596046448]}, 'radius': 0.5, 'depth': 0.3, 'selectedVertices': [18, 19, 20, 21, 22, 23, 24, 25, 26, 27, 28, 29, 30, 31, 32, 33], 'faces': {0: [1.8276853561401367, 7.40401384646816e-09, -0.36354926228523254], 1: [1.8276853561401367, -2.090819251066023e-08, 0.36354929208755493], 2: [1.5494368076324463, -6.691552556503666e-08, 1.0353007316589355], 3: [1.035300612449646, -9.522773325443268e-08, 1.5494368076324463], 4: [0.563549280166626, -3.860332142835432e-08, 1.8276854753494263], 5: [0.36354929208755493, 1.8021092174080877e-08, -1.8276855945587158], 6: [1.035300612449646, 1.8021092174080877e-08, -1.5494368076324463], 7: [1.5494368076324463, 1.8021092174080877e-08, -1.0353007316589355], 8: [0.1767766922712326, 0.4267767071723938, 0.0], 9: [0.4267767071723938, 0.1767766922712326, 0.0], 10: [0.4267767071723938, -0.1767766922712326, 0.0], 11: [0.1767766922712326, -0.4267767071723938, 0.0], 12: [-0.1767766922712326, -0.4267767071723938, 0.0], 13: [-0.4267767071723938, -0.1767766922712326, 0.0], 14: [0.0, 3.725290298461914e-09, 0.14999999105930328], 15: [-0.4267767071723938, 0.1767766922712326, 0.0], 16: [-0.1767766922712326, 0.4267767071723938, 0.0], 17: [3.725290298461914e-09, 0.0, -0.14999999105930328]}, 'editMode': True}, 'Circle', {'tolerance': 10}]
['Move', {'value': (0, 0, 1.86), 'orient_axis_ortho': 'X', 'selectedVertices': [18, 19, 20, 21, 22, 23, 24, 25, 26, 27, 28, 29, 30, 31, 32, 33], 'vertices': {0: [0.4000000059604645, 2.0023435354232788e-08, 2.0], 1: [1.1175872671742582e-08, 2.0023435354232788e-08, -2.0], 2: [0.7653669118881226, 2.0023435354232788e-08, -1.8477590084075928], 3: [1.4142134189605713, 2.0023435354232788e-08, -1.4142135381698608], 4: [1.8477588891983032, 2.0023435354232788e-08, -0.7653669118881226], 5: [1.9999998807907104, -2.3283082128955357e-09, 3.3527612686157227e-08], 6: [1.8477588891983032, -3.958120942115784e-08, 0.7653669118881226], 7: [1.4142134189605713, -9.918585419654846e-08, 1.4142135381698608], 8: [0.7653669118881226, -9.918585419654846e-08, 1.8477590084075928], 9: [0.4000000059604645, 1.6018748993928966e-08, 1.7999999523162842], 10: [7.823107495141812e-09, 1.6018748993928966e-08, -1.7999999523162842], 11: [0.6888301968574524, 1.6018748993928966e-08, -1.6629830598831177], 12: [1.272792100906372, 1.6018748993928966e-08, -1.272792100906372], 13: [1.6629829406738281, 1.6018748993928966e-08, -0.6888301968574524], 14: [1.7999998331069946, -4.097820749393577e-09, 2.7939677238464355e-08], 15: [1.6629829406738281, -3.7625433435550804e-08, 0.6888301968574524], 16: [1.272792100906372, -9.12696123123169e-08, 1.272792100906372], 17: [0.6888301968574524, -9.12696123123169e-08, 1.6629830598831177], 18: [0.0, 0.5, 1.7100000381469727], 19: [0.0, 0.5, 2.009999990463257], 20: [0.3535533845424652, 0.3535533845424652, 1.7100000381469727], 21: [0.3535533845424652, 0.3535533845424652, 2.009999990463257], 22: [0.5, 0.0, 1.7100000381469727], 23: [0.5, 0.0, 2.009999990463257], 24: [0.3535533845424652, -0.3535533845424652, 1.7100000381469727], 25: [0.3535533845424652, -0.3535533845424652, 2.009999990463257], 26: [0.0, -0.5, 1.7100000381469727], 27: [0.0, -0.5, 2.009999990463257], 28: [-0.3535533845424652, -0.3535533845424652, 1.7100000381469727], 29: [-0.3535533845424652, -0.3535533845424652, 2.009999990463257], 30: [-0.5, 0.0, 1.7100000381469727], 31: [-0.5, 0.0, 2.009999990463257], 32: [-0.3535533845424652, 0.3535533845424652, 1.7100000381469727], 33: [-0.3535533845424652, 0.3535533845424652, 2.009999990463257]}, 'faces': {0: [1.8276853561401367, 7.40401384646816e-09, -0.36354926228523254], 1: [1.8276853561401367, -2.090819251066023e-08, 0.36354929208755493], 2: [1.5494368076324463, -6.691552556503666e-08, 1.0353007316589355], 3: [1.035300612449646, -9.522773325443268e-08, 1.5494368076324463], 4: [0.563549280166626, -3.860332142835432e-08, 1.8276854753494263], 5: [0.36354929208755493, 1.8021092174080877e-08, -1.8276855945587158], 6: [1.035300612449646, 1.8021092174080877e-08, -1.5494368076324463], 7: [1.5494368076324463, 1.8021092174080877e-08, -1.0353007316589355], 8: [0.1767766922712326, 0.4267767071723938, 1.8600000143051147], 9: [0.4267767071723938, 0.1767766922712326, 1.8600000143051147], 10: [0.4267767071723938, -0.1767766922712326, 1.8600000143051147], 11: [0.1767766922712326, -0.4267767071723938, 1.8600000143051147], 12: [-0.1767766922712326, -0.4267767071723938, 1.8600000143051147], 13: [-0.4267767071723938, -0.1767766922712326, 1.8600000143051147], 14: [0.0, 3.725290298461914e-09, 2.009999990463257], 15: [-0.4267767071723938, 0.1767766922712326, 1.8600000143051147], 16: [-0.1767766922712326, 0.4267767071723938, 1.8600000143051147], 17: [3.725290298461914e-09, 0.0, 1.7100000381469727]}, 'editMode': True}, 'Circle', {'tolerance': 10}]
['Knife Topology Tool', {'use_occlude_geometry': True, 'only_selected': False, 'newVertices': [], 'newFaces': [18], 'vertices': {0: [0.4000000059604645, 2.0023435354232788e-08, 2.0], 1: [1.1175872671742582e-08, 2.0023435354232788e-08, -2.0], 2: [0.7653669118881226, 2.0023435354232788e-08, -1.8477590084075928], 3: [1.4142134189605713, 2.0023435354232788e-08, -1.4142135381698608], 4: [1.8477588891983032, 2.0023435354232788e-08, -0.7653669118881226], 5: [1.9999998807907104, -2.3283082128955357e-09, 3.3527612686157227e-08], 6: [1.8477588891983032, -3.958120942115784e-08, 0.7653669118881226], 7: [1.4142134189605713, -9.918585419654846e-08, 1.4142135381698608], 8: [0.7653669118881226, -9.918585419654846e-08, 1.8477590084075928], 9: [0.4000000059604645, 1.6018748993928966e-08, 1.7999999523162842], 10: [7.823107495141812e-09, 1.6018748993928966e-08, -1.7999999523162842], 11: [0.6888301968574524, 1.6018748993928966e-08, -1.6629830598831177], 12: [1.272792100906372, 1.6018748993928966e-08, -1.272792100906372], 13: [1.6629829406738281, 1.6018748993928966e-08, -0.6888301968574524], 14: [1.7999998331069946, -4.097820749393577e-09, 2.7939677238464355e-08], 15: [1.6629829406738281, -3.7625433435550804e-08, 0.6888301968574524], 16: [1.272792100906372, -9.12696123123169e-08, 1.272792100906372], 17: [0.6888301968574524, -9.12696123123169e-08, 1.6629830598831177], 18: [0.0, 0.5, 1.7100000381469727], 19: [0.0, 0.5, 2.009999990463257], 20: [0.3535533845424652, 0.3535533845424652, 1.7100000381469727], 21: [0.3535533845424652, 0.3535533845424652, 2.009999990463257], 22: [0.5, 0.0, 1.7100000381469727], 23: [0.5, 0.0, 2.009999990463257], 24: [0.3535533845424652, -0.3535533845424652, 1.7100000381469727], 25: [0.3535533845424652, -0.3535533845424652, 2.009999990463257], 26: [0.0, -0.5, 1.7100000381469727], 27: [0.0, -0.5, 2.009999990463257], 28: [-0.3535533845424652, -0.3535533845424652, 1.7100000381469727], 29: [-0.3535533845424652, -0.3535533845424652, 2.009999990463257], 30: [-0.5, 0.0, 1.7100000381469727], 31: [-0.5, 0.0, 2.009999990463257], 32: [-0.3535533845424652, 0.3535533845424652, 1.7100000381469727], 33: [-0.3535533845424652, 0.3535533845424652, 2.009999990463257]}, 'faces': {0: [1.8276853561401367, 7.40401384646816e-09, -0.36354926228523254], 1: [1.8276853561401367, -2.090819251066023e-08, 0.36354929208755493], 2: [1.5494368076324463, -6.691552556503666e-08, 1.0353007316589355], 3: [1.035300612449646, -9.522773325443268e-08, 1.5494368076324463], 4: [0.563549280166626, -3.860332142835432e-08, 1.8276854753494263], 5: [0.36354929208755493, 1.8021092174080877e-08, -1.8276855945587158], 6: [1.035300612449646, 1.8021092174080877e-08, -1.5494368076324463], 7: [1.5494368076324463, 1.8021092174080877e-08, -1.0353007316589355], 8: [0.1767766922712326, 0.4267767071723938, 1.8600000143051147], 9: [0.4267767071723938, 0.1767766922712326, 1.8600000143051147], 10: [0.4267767071723938, -0.1767766922712326, 1.8600000143051147], 11: [0.1767766922712326, -0.4267767071723938, 1.8600000143051147], 12: [-0.1767766922712326, -0.4267767071723938, 1.8600000143051147], 13: [-0.24142137169837952, 0.0, 2.009999990463257], 14: [-0.4267767071723938, -0.1767766922712326, 1.8600000143051147], 15: [0.24142137169837952, 5.9604645663569045e-09, 2.009999990463257], 16: [-0.4267767071723938, 0.1767766922712326, 1.8600000143051147], 17: [-0.1767766922712326, 0.4267767071723938, 1.8600000143051147], 18: [3.725290298461914e-09, 0.0, 1.7100000381469727]}, 'editMode': True}, 'Circle', {'tolerance': 10}]
['Knife Topology Tool', {'use_occlude_geometry': True, 'only_selected': False, 'newVertices': [], 'newFaces': [19], 'vertices': {0: [0.4000000059604645, 2.0023435354232788e-08, 2.0], 1: [1.1175872671742582e-08, 2.0023435354232788e-08, -2.0], 2: [0.7653669118881226, 2.0023435354232788e-08, -1.8477590084075928], 3: [1.4142134189605713, 2.0023435354232788e-08, -1.4142135381698608], 4: [1.8477588891983032, 2.0023435354232788e-08, -0.7653669118881226], 5: [1.9999998807907104, -2.3283082128955357e-09, 3.3527612686157227e-08], 6: [1.8477588891983032, -3.958120942115784e-08, 0.7653669118881226], 7: [1.4142134189605713, -9.918585419654846e-08, 1.4142135381698608], 8: [0.7653669118881226, -9.918585419654846e-08, 1.8477590084075928], 9: [0.4000000059604645, 1.6018748993928966e-08, 1.7999999523162842], 10: [7.823107495141812e-09, 1.6018748993928966e-08, -1.7999999523162842], 11: [0.6888301968574524, 1.6018748993928966e-08, -1.6629830598831177], 12: [1.272792100906372, 1.6018748993928966e-08, -1.272792100906372], 13: [1.6629829406738281, 1.6018748993928966e-08, -0.6888301968574524], 14: [1.7999998331069946, -4.097820749393577e-09, 2.7939677238464355e-08], 15: [1.6629829406738281, -3.7625433435550804e-08, 0.6888301968574524], 16: [1.272792100906372, -9.12696123123169e-08, 1.272792100906372], 17: [0.6888301968574524, -9.12696123123169e-08, 1.6629830598831177], 18: [0.0, 0.5, 1.7100000381469727], 19: [0.0, 0.5, 2.009999990463257], 20: [0.3535533845424652, 0.3535533845424652, 1.7100000381469727], 21: [0.3535533845424652, 0.3535533845424652, 2.009999990463257], 22: [0.5, 0.0, 1.7100000381469727], 23: [0.5, 0.0, 2.009999990463257], 24: [0.3535533845424652, -0.3535533845424652, 1.7100000381469727], 25: [0.3535533845424652, -0.3535533845424652, 2.009999990463257], 26: [0.0, -0.5, 1.7100000381469727], 27: [0.0, -0.5, 2.009999990463257], 28: [-0.3535533845424652, -0.3535533845424652, 1.7100000381469727], 29: [-0.3535533845424652, -0.3535533845424652, 2.009999990463257], 30: [-0.5, 0.0, 1.7100000381469727], 31: [-0.5, 0.0, 2.009999990463257], 32: [-0.3535533845424652, 0.3535533845424652, 1.7100000381469727], 33: [-0.3535533845424652, 0.3535533845424652, 2.009999990463257]}, 'faces': {0: [1.8276853561401367, 7.40401384646816e-09, -0.36354926228523254], 1: [1.8276853561401367, -2.090819251066023e-08, 0.36354929208755493], 2: [1.5494368076324463, -6.691552556503666e-08, 1.0353007316589355], 3: [1.035300612449646, -9.522773325443268e-08, 1.5494368076324463], 4: [0.563549280166626, -3.860332142835432e-08, 1.8276854753494263], 5: [0.36354929208755493, 1.8021092174080877e-08, -1.8276855945587158], 6: [1.035300612449646, 1.8021092174080877e-08, -1.5494368076324463], 7: [1.5494368076324463, 1.8021092174080877e-08, -1.0353007316589355], 8: [0.1767766922712326, 0.4267767071723938, 1.8600000143051147], 9: [0.4267767071723938, 0.1767766922712326, 1.8600000143051147], 10: [0.4267767071723938, -0.1767766922712326, 1.8600000143051147], 11: [0.1767766922712326, -0.4267767071723938, 1.8600000143051147], 12: [0.24142137169837952, 0.0, 1.7100000381469727], 13: [-0.1767766922712326, -0.4267767071723938, 1.8600000143051147], 14: [-0.24142137169837952, 0.0, 2.009999990463257], 15: [-0.4267767071723938, -0.1767766922712326, 1.8600000143051147], 16: [0.24142137169837952, 5.9604645663569045e-09, 2.009999990463257], 17: [-0.4267767071723938, 0.1767766922712326, 1.8600000143051147], 18: [-0.1767766922712326, 0.4267767071723938, 1.8600000143051147], 19: [-0.24142137169837952, 0.0, 1.7100000381469727]}, 'editMode': True}, 'Circle', {'tolerance': 10}]
['Select Mode', {'use_extend': False, 'use_expand': False, 'vertices': {0: [0.4000000059604645, 2.0023435354232788e-08, 2.0], 1: [1.1175872671742582e-08, 2.0023435354232788e-08, -2.0], 2: [0.7653669118881226, 2.0023435354232788e-08, -1.8477590084075928], 3: [1.4142134189605713, 2.0023435354232788e-08, -1.4142135381698608], 4: [1.8477588891983032, 2.0023435354232788e-08, -0.7653669118881226], 5: [1.9999998807907104, -2.3283082128955357e-09, 3.3527612686157227e-08], 6: [1.8477588891983032, -3.958120942115784e-08, 0.7653669118881226], 7: [1.4142134189605713, -9.918585419654846e-08, 1.4142135381698608], 8: [0.7653669118881226, -9.918585419654846e-08, 1.8477590084075928], 9: [0.4000000059604645, 1.6018748993928966e-08, 1.7999999523162842], 10: [7.823107495141812e-09, 1.6018748993928966e-08, -1.7999999523162842], 11: [0.6888301968574524, 1.6018748993928966e-08, -1.6629830598831177], 12: [1.272792100906372, 1.6018748993928966e-08, -1.272792100906372], 13: [1.6629829406738281, 1.6018748993928966e-08, -0.6888301968574524], 14: [1.7999998331069946, -4.097820749393577e-09, 2.7939677238464355e-08], 15: [1.6629829406738281, -3.7625433435550804e-08, 0.6888301968574524], 16: [1.272792100906372, -9.12696123123169e-08, 1.272792100906372], 17: [0.6888301968574524, -9.12696123123169e-08, 1.6629830598831177], 18: [0.0, 0.5, 1.7100000381469727], 19: [0.0, 0.5, 2.009999990463257], 20: [0.3535533845424652, 0.3535533845424652, 1.7100000381469727], 21: [0.3535533845424652, 0.3535533845424652, 2.009999990463257], 22: [0.5, 0.0, 1.7100000381469727], 23: [0.5, 0.0, 2.009999990463257], 24: [0.3535533845424652, -0.3535533845424652, 1.7100000381469727], 25: [0.3535533845424652, -0.3535533845424652, 2.009999990463257], 26: [0.0, -0.5, 1.7100000381469727], 27: [0.0, -0.5, 2.009999990463257], 28: [-0.3535533845424652, -0.3535533845424652, 1.7100000381469727], 29: [-0.3535533845424652, -0.3535533845424652, 2.009999990463257], 30: [-0.5, 0.0, 1.7100000381469727], 31: [-0.5, 0.0, 2.009999990463257], 32: [-0.3535533845424652, 0.3535533845424652, 1.7100000381469727], 33: [-0.3535533845424652, 0.3535533845424652, 2.009999990463257]}, 'faces': {0: [1.8276853561401367, 7.40401384646816e-09, -0.36354926228523254], 1: [1.8276853561401367, -2.090819251066023e-08, 0.36354929208755493], 2: [1.5494368076324463, -6.691552556503666e-08, 1.0353007316589355], 3: [1.035300612449646, -9.522773325443268e-08, 1.5494368076324463], 4: [0.563549280166626, -3.860332142835432e-08, 1.8276854753494263], 5: [0.36354929208755493, 1.8021092174080877e-08, -1.8276855945587158], 6: [1.035300612449646, 1.8021092174080877e-08, -1.5494368076324463], 7: [1.5494368076324463, 1.8021092174080877e-08, -1.0353007316589355], 8: [0.1767766922712326, 0.4267767071723938, 1.8600000143051147], 9: [0.4267767071723938, 0.1767766922712326, 1.8600000143051147], 10: [0.4267767071723938, -0.1767766922712326, 1.8600000143051147], 11: [0.1767766922712326, -0.4267767071723938, 1.8600000143051147], 12: [0.24142137169837952, 0.0, 1.7100000381469727], 13: [-0.1767766922712326, -0.4267767071723938, 1.8600000143051147], 14: [-0.24142137169837952, 0.0, 2.009999990463257], 15: [-0.4267767071723938, -0.1767766922712326, 1.8600000143051147], 16: [0.24142137169837952, 5.9604645663569045e-09, 2.009999990463257], 17: [-0.4267767071723938, 0.1767766922712326, 1.8600000143051147], 18: [-0.1767766922712326, 0.4267767071723938, 1.8600000143051147], 19: [-0.24142137169837952, 0.0, 1.7100000381469727]}, 'editMode': True}, 'Circle', {'tolerance': 10}]
['Delete', {'type': 'FACE', 'deletedVertices': [28, 29, 30, 31, 32, 33], 'deletedFaces': [14, 15, 16, 17, 18, 19], 'vertices': {0: [0.4000000059604645, 2.0023435354232788e-08, 2.0], 1: [1.1175872671742582e-08, 2.0023435354232788e-08, -2.0], 2: [0.7653669118881226, 2.0023435354232788e-08, -1.8477590084075928], 3: [1.4142134189605713, 2.0023435354232788e-08, -1.4142135381698608], 4: [1.8477588891983032, 2.0023435354232788e-08, -0.7653669118881226], 5: [1.9999998807907104, -2.3283082128955357e-09, 3.3527612686157227e-08], 6: [1.8477588891983032, -3.958120942115784e-08, 0.7653669118881226], 7: [1.4142134189605713, -9.918585419654846e-08, 1.4142135381698608], 8: [0.7653669118881226, -9.918585419654846e-08, 1.8477590084075928], 9: [0.4000000059604645, 1.6018748993928966e-08, 1.7999999523162842], 10: [7.823107495141812e-09, 1.6018748993928966e-08, -1.7999999523162842], 11: [0.6888301968574524, 1.6018748993928966e-08, -1.6629830598831177], 12: [1.272792100906372, 1.6018748993928966e-08, -1.272792100906372], 13: [1.6629829406738281, 1.6018748993928966e-08, -0.6888301968574524], 14: [1.7999998331069946, -4.097820749393577e-09, 2.7939677238464355e-08], 15: [1.6629829406738281, -3.7625433435550804e-08, 0.6888301968574524], 16: [1.272792100906372, -9.12696123123169e-08, 1.272792100906372], 17: [0.6888301968574524, -9.12696123123169e-08, 1.6629830598831177], 18: [0.0, 0.5, 1.7100000381469727], 19: [0.0, 0.5, 2.009999990463257], 20: [0.3535533845424652, 0.3535533845424652, 1.7100000381469727], 21: [0.3535533845424652, 0.3535533845424652, 2.009999990463257], 22: [0.5, 0.0, 1.7100000381469727], 23: [0.5, 0.0, 2.009999990463257], 24: [0.3535533845424652, -0.3535533845424652, 1.7100000381469727], 25: [0.3535533845424652, -0.3535533845424652, 2.009999990463257], 26: [0.0, -0.5, 1.7100000381469727], 27: [0.0, -0.5, 2.009999990463257]}, 'faces': {0: [1.8276853561401367, 7.40401384646816e-09, -0.36354926228523254], 1: [1.8276853561401367, -2.090819251066023e-08, 0.36354929208755493], 2: [1.5494368076324463, -6.691552556503666e-08, 1.0353007316589355], 3: [1.035300612449646, -9.522773325443268e-08, 1.5494368076324463], 4: [0.563549280166626, -3.860332142835432e-08, 1.8276854753494263], 5: [0.36354929208755493, 1.8021092174080877e-08, -1.8276855945587158], 6: [1.035300612449646, 1.8021092174080877e-08, -1.5494368076324463], 7: [1.5494368076324463, 1.8021092174080877e-08, -1.0353007316589355], 8: [0.1767766922712326, 0.4267767071723938, 1.8600000143051147], 9: [0.4267767071723938, 0.1767766922712326, 1.8600000143051147], 10: [0.4267767071723938, -0.1767766922712326, 1.8600000143051147], 11: [0.1767766922712326, -0.4267767071723938, 1.8600000143051147], 12: [0.24142137169837952, 0.0, 1.7100000381469727], 13: [0.24142137169837952, 5.9604645663569045e-09, 2.009999990463257]}, 'editMode': True}, 'Circle', {'tolerance': 10}]
['Bevel', {'offset': 0.05, 'offset_pct': 0, 'newVertices': [28, 29, 30, 31, 32, 33, 34, 35, 36, 37, 38, 39, 40, 41, 42, 43, 44, 45, 46, 47], 'newFaces': [14, 15, 16, 17, 18, 19, 20, 21, 22, 23, 24, 25, 26, 27, 28, 29], 'vertices': {0: [0.4000000059604645, 2.0023435354232788e-08, 2.0], 1: [1.1175872671742582e-08, 2.0023435354232788e-08, -2.0], 2: [0.7653669118881226, 2.0023435354232788e-08, -1.8477590084075928], 3: [1.4142134189605713, 2.0023435354232788e-08, -1.4142135381698608], 4: [1.8477588891983032, 2.0023435354232788e-08, -0.7653669118881226], 5: [1.9999998807907104, -2.3283082128955357e-09, 3.3527612686157227e-08], 6: [1.8477588891983032, -3.958120942115784e-08, 0.7653669118881226], 7: [1.4142134189605713, -9.918585419654846e-08, 1.4142135381698608], 8: [0.7653669118881226, -9.918585419654846e-08, 1.8477590084075928], 9: [0.4000000059604645, 1.6018748993928966e-08, 1.7999999523162842], 10: [7.823107495141812e-09, 1.6018748993928966e-08, -1.7999999523162842], 11: [0.6888301968574524, 1.6018748993928966e-08, -1.6629830598831177], 12: [1.272792100906372, 1.6018748993928966e-08, -1.272792100906372], 13: [1.6629829406738281, 1.6018748993928966e-08, -0.6888301968574524], 14: [1.7999998331069946, -4.097820749393577e-09, 2.7939677238464355e-08], 15: [1.6629829406738281, -3.7625433435550804e-08, 0.6888301968574524], 16: [1.272792100906372, -9.12696123123169e-08, 1.272792100906372], 17: [0.6888301968574524, -9.12696123123169e-08, 1.6629830598831177], 18: [0.0, 0.5, 1.7599999904632568], 19: [0.0, 0.44588038325309753, 1.7100000381469727], 20: [0.0, 0.484148770570755, 1.724644660949707], 21: [0.0, 0.44588038325309753, 2.009999990463257], 22: [0.0, 0.5, 1.9600000381469727], 23: [0.0, 0.484148770570755, 1.9953553676605225], 24: [0.3152850270271301, 0.3152850270271301, 1.7100000381469727], 25: [0.3535533845424652, 0.3535533845424652, 1.7599999904632568], 26: [0.34234482049942017, 0.34234482049942017, 1.724644660949707], 27: [0.3152850270271301, 0.3152850270271301, 2.009999990463257], 28: [0.3535533845424652, 0.3535533845424652, 1.9600000381469727], 29: [0.34234482049942017, 0.34234482049942017, 1.9953553676605225], 30: [0.44588038325309753, 0.0, 1.7100000381469727], 31: [0.5, 0.0, 1.7599999904632568], 32: [0.484148770570755, 0.0, 1.724644660949707], 33: [0.44588038325309753, 0.0, 2.009999990463257], 34: [0.5, 0.0, 1.9600000381469727], 35: [0.484148770570755, 0.0, 1.9953553676605225], 36: [0.3152850270271301, -0.3152850270271301, 1.7100000381469727], 37: [0.3535533845424652, -0.3535533845424652, 1.7599999904632568], 38: [0.34234482049942017, -0.34234482049942017, 1.724644660949707], 39: [0.3152850270271301, -0.3152850270271301, 2.009999990463257], 40: [0.3535533845424652, -0.3535533845424652, 1.9600000381469727], 41: [0.34234482049942017, -0.34234482049942017, 1.9953553676605225], 42: [0.0, -0.44588038325309753, 1.7100000381469727], 43: [0.0, -0.5, 1.7599999904632568], 44: [0.0, -0.484148770570755, 1.724644660949707], 45: [0.0, -0.5, 1.9600000381469727], 46: [0.0, -0.44588038325309753, 2.009999990463257], 47: [0.0, -0.484148770570755, 1.9953553676605225]}, 'faces': {0: [1.8276853561401367, 7.40401384646816e-09, -0.36354926228523254], 1: [1.8276853561401367, -2.090819251066023e-08, 0.36354929208755493], 2: [1.5494368076324463, -6.691552556503666e-08, 1.0353007316589355], 3: [1.035300612449646, -9.522773325443268e-08, 1.5494368076324463], 4: [0.563549280166626, -3.860332142835432e-08, 1.8276854753494263], 5: [0.36354929208755493, 1.8021092174080877e-08, -1.8276855945587158], 6: [1.035300612449646, 1.8021092174080877e-08, -1.5494368076324463], 7: [1.5494368076324463, 1.8021092174080877e-08, -1.0353007316589355], 8: [0.2152900993824005, -5.9604645663569045e-09, 2.009999990463257], 9: [0.4267767071723938, -0.1767766922712326, 1.8600001335144043], 10: [0.1767766922712326, -0.4267767071723938, 1.8600001335144043], 11: [0.1767766922712326, 0.4267767071723938, 1.8600001335144043], 12: [0.4267767071723938, 0.1767766922712326, 1.8600001335144043], 13: [0.17397454380989075, 0.4200117588043213, 1.742322325706482], 14: [0.16440746188163757, 0.3969147801399231, 1.7173223495483398], 15: [0.17397454380989075, 0.4200117588043213, 1.977677822113037], 16: [0.16440746188163757, 0.3969147801399231, 2.0026776790618896], 17: [0.4200117588043213, 0.17397454380989075, 1.742322325706482], 18: [0.3969147801399231, 0.16440746188163757, 1.7173223495483398], 19: [0.4200117588043213, 0.17397454380989075, 1.977677822113037], 20: [0.3969147801399231, 0.16440746188163757, 2.0026776790618896], 21: [0.4200117588043213, -0.17397454380989075, 1.742322325706482], 22: [0.3969147801399231, -0.16440746188163757, 1.7173223495483398], 23: [0.4200117588043213, -0.17397454380989075, 1.977677822113037], 24: [0.3969147801399231, -0.16440746188163757, 2.0026776790618896], 25: [0.17397454380989075, -0.4200117588043213, 1.742322325706482], 26: [0.16440746188163757, -0.3969147801399231, 1.7173223495483398], 27: [0.17397454380989075, -0.4200117588043213, 1.977677822113037], 28: [0.16440746188163757, -0.3969147801399231, 2.0026776790618896], 29: [0.21529006958007812, 0.0, 1.7100000381469727]}, 'editMode': True}, 'Circle', {'tolerance': 10}]
['Select Linked', {'deselect': False, 'delimit': {'SEAM'}, 'vertices': {0: [0.4000000059604645, 2.0023435354232788e-08, 2.0], 1: [1.1175872671742582e-08, 2.0023435354232788e-08, -2.0], 2: [0.7653669118881226, 2.0023435354232788e-08, -1.8477590084075928], 3: [1.4142134189605713, 2.0023435354232788e-08, -1.4142135381698608], 4: [1.8477588891983032, 2.0023435354232788e-08, -0.7653669118881226], 5: [1.9999998807907104, -2.3283082128955357e-09, 3.3527612686157227e-08], 6: [1.8477588891983032, -3.958120942115784e-08, 0.7653669118881226], 7: [1.4142134189605713, -9.918585419654846e-08, 1.4142135381698608], 8: [0.7653669118881226, -9.918585419654846e-08, 1.8477590084075928], 9: [0.4000000059604645, 1.6018748993928966e-08, 1.7999999523162842], 10: [7.823107495141812e-09, 1.6018748993928966e-08, -1.7999999523162842], 11: [0.6888301968574524, 1.6018748993928966e-08, -1.6629830598831177], 12: [1.272792100906372, 1.6018748993928966e-08, -1.272792100906372], 13: [1.6629829406738281, 1.6018748993928966e-08, -0.6888301968574524], 14: [1.7999998331069946, -4.097820749393577e-09, 2.7939677238464355e-08], 15: [1.6629829406738281, -3.7625433435550804e-08, 0.6888301968574524], 16: [1.272792100906372, -9.12696123123169e-08, 1.272792100906372], 17: [0.6888301968574524, -9.12696123123169e-08, 1.6629830598831177], 18: [0.0, 0.5, 1.7599999904632568], 19: [0.0, 0.44588038325309753, 1.7100000381469727], 20: [0.0, 0.484148770570755, 1.724644660949707], 21: [0.0, 0.44588038325309753, 2.009999990463257], 22: [0.0, 0.5, 1.9600000381469727], 23: [0.0, 0.484148770570755, 1.9953553676605225], 24: [0.3152850270271301, 0.3152850270271301, 1.7100000381469727], 25: [0.3535533845424652, 0.3535533845424652, 1.7599999904632568], 26: [0.34234482049942017, 0.34234482049942017, 1.724644660949707], 27: [0.3152850270271301, 0.3152850270271301, 2.009999990463257], 28: [0.3535533845424652, 0.3535533845424652, 1.9600000381469727], 29: [0.34234482049942017, 0.34234482049942017, 1.9953553676605225], 30: [0.44588038325309753, 0.0, 1.7100000381469727], 31: [0.5, 0.0, 1.7599999904632568], 32: [0.484148770570755, 0.0, 1.724644660949707], 33: [0.44588038325309753, 0.0, 2.009999990463257], 34: [0.5, 0.0, 1.9600000381469727], 35: [0.484148770570755, 0.0, 1.9953553676605225], 36: [0.3152850270271301, -0.3152850270271301, 1.7100000381469727], 37: [0.3535533845424652, -0.3535533845424652, 1.7599999904632568], 38: [0.34234482049942017, -0.34234482049942017, 1.724644660949707], 39: [0.3152850270271301, -0.3152850270271301, 2.009999990463257], 40: [0.3535533845424652, -0.3535533845424652, 1.9600000381469727], 41: [0.34234482049942017, -0.34234482049942017, 1.9953553676605225], 42: [0.0, -0.44588038325309753, 1.7100000381469727], 43: [0.0, -0.5, 1.7599999904632568], 44: [0.0, -0.484148770570755, 1.724644660949707], 45: [0.0, -0.5, 1.9600000381469727], 46: [0.0, -0.44588038325309753, 2.009999990463257], 47: [0.0, -0.484148770570755, 1.9953553676605225]}, 'faces': {0: [1.8276853561401367, 7.40401384646816e-09, -0.36354926228523254], 1: [1.8276853561401367, -2.090819251066023e-08, 0.36354929208755493], 2: [1.5494368076324463, -6.691552556503666e-08, 1.0353007316589355], 3: [1.035300612449646, -9.522773325443268e-08, 1.5494368076324463], 4: [0.563549280166626, -3.860332142835432e-08, 1.8276854753494263], 5: [0.36354929208755493, 1.8021092174080877e-08, -1.8276855945587158], 6: [1.035300612449646, 1.8021092174080877e-08, -1.5494368076324463], 7: [1.5494368076324463, 1.8021092174080877e-08, -1.0353007316589355], 8: [0.2152900993824005, -5.9604645663569045e-09, 2.009999990463257], 9: [0.4267767071723938, -0.1767766922712326, 1.8600001335144043], 10: [0.1767766922712326, -0.4267767071723938, 1.8600001335144043], 11: [0.1767766922712326, 0.4267767071723938, 1.8600001335144043], 12: [0.4267767071723938, 0.1767766922712326, 1.8600001335144043], 13: [0.17397454380989075, 0.4200117588043213, 1.742322325706482], 14: [0.16440746188163757, 0.3969147801399231, 1.7173223495483398], 15: [0.17397454380989075, 0.4200117588043213, 1.977677822113037], 16: [0.16440746188163757, 0.3969147801399231, 2.0026776790618896], 17: [0.4200117588043213, 0.17397454380989075, 1.742322325706482], 18: [0.3969147801399231, 0.16440746188163757, 1.7173223495483398], 19: [0.4200117588043213, 0.17397454380989075, 1.977677822113037], 20: [0.3969147801399231, 0.16440746188163757, 2.0026776790618896], 21: [0.4200117588043213, -0.17397454380989075, 1.742322325706482], 22: [0.3969147801399231, -0.16440746188163757, 1.7173223495483398], 23: [0.4200117588043213, -0.17397454380989075, 1.977677822113037], 24: [0.3969147801399231, -0.16440746188163757, 2.0026776790618896], 25: [0.17397454380989075, -0.4200117588043213, 1.742322325706482], 26: [0.16440746188163757, -0.3969147801399231, 1.7173223495483398], 27: [0.17397454380989075, -0.4200117588043213, 1.977677822113037], 28: [0.16440746188163757, -0.3969147801399231, 2.0026776790618896], 29: [0.21529006958007812, 0.0, 1.7100000381469727]}, 'editMode': True}, 'Circle', {'tolerance': 10}]
['Extrude Region and Move', {'use_normal_flip': False, 'use_dissolve_ortho_edges': False, 'value': (0, 0.2, 0), 'orient_axis_ortho': 'X', 'newVertices': [48, 49, 50, 51, 52, 53, 54, 55, 56, 57, 58, 59, 60, 61, 62, 63, 64, 65], 'newFaces': [30, 31, 32, 33, 34, 35, 36, 37, 38, 39, 40, 41, 42, 43, 44, 45, 46, 47, 48, 49, 50, 51, 52, 53, 54, 55], 'vertices': {0: [0.4000000059604645, 2.0023435354232788e-08, 2.0], 1: [1.1175872671742582e-08, 2.0023435354232788e-08, -2.0], 2: [0.7653669118881226, 2.0023435354232788e-08, -1.8477590084075928], 3: [1.4142134189605713, 2.0023435354232788e-08, -1.4142135381698608], 4: [1.8477588891983032, 2.0023435354232788e-08, -0.7653669118881226], 5: [1.9999998807907104, -2.3283082128955357e-09, 3.3527612686157227e-08], 6: [1.8477588891983032, -3.958120942115784e-08, 0.7653669118881226], 7: [1.4142134189605713, -9.918585419654846e-08, 1.4142135381698608], 8: [0.7653669118881226, -9.918585419654846e-08, 1.8477590084075928], 9: [0.4000000059604645, 1.6018748993928966e-08, 1.7999999523162842], 10: [7.823107495141812e-09, 1.6018748993928966e-08, -1.7999999523162842], 11: [0.6888301968574524, 1.6018748993928966e-08, -1.6629830598831177], 12: [1.272792100906372, 1.6018748993928966e-08, -1.272792100906372], 13: [1.6629829406738281, 1.6018748993928966e-08, -0.6888301968574524], 14: [1.7999998331069946, -4.097820749393577e-09, 2.7939677238464355e-08], 15: [1.6629829406738281, -3.7625433435550804e-08, 0.6888301968574524], 16: [1.272792100906372, -9.12696123123169e-08, 1.272792100906372], 17: [0.6888301968574524, -9.12696123123169e-08, 1.6629830598831177], 18: [0.6888301968574524, 0.20000001788139343, -1.6629830598831177], 19: [0.4000000059604645, 0.20000001788139343, 2.0], 20: [0.7653669118881226, 0.19999989867210388, 1.8477590084075928], 21: [1.4142134189605713, 0.19999989867210388, 1.4142135381698608], 22: [1.8477588891983032, 0.19999995827674866, 0.7653669118881226], 23: [1.9999998807907104, 0.20000000298023224, 3.3527612686157227e-08], 24: [1.8477588891983032, 0.20000001788139343, -0.7653669118881226], 25: [1.4142134189605713, 0.20000001788139343, -1.4142135381698608], 26: [1.1175872671742582e-08, 0.20000001788139343, -2.0], 27: [0.7653669118881226, 0.20000001788139343, -1.8477590084075928], 28: [0.0, 0.5, 1.7599999904632568], 29: [0.0, 0.44588038325309753, 1.7100000381469727], 30: [0.0, 0.484148770570755, 1.724644660949707], 31: [0.0, 0.44588038325309753, 2.009999990463257], 32: [0.0, 0.5, 1.9600000381469727], 33: [0.0, 0.484148770570755, 1.9953553676605225], 34: [0.3152850270271301, 0.3152850270271301, 1.7100000381469727], 35: [0.3535533845424652, 0.3535533845424652, 1.7599999904632568], 36: [0.34234482049942017, 0.34234482049942017, 1.724644660949707], 37: [0.3152850270271301, 0.3152850270271301, 2.009999990463257], 38: [0.3535533845424652, 0.3535533845424652, 1.9600000381469727], 39: [0.34234482049942017, 0.34234482049942017, 1.9953553676605225], 40: [0.44588038325309753, 0.0, 1.7100000381469727], 41: [0.5, 0.0, 1.7599999904632568], 42: [0.484148770570755, 0.0, 1.724644660949707], 43: [0.44588038325309753, 0.0, 2.009999990463257], 44: [0.5, 0.0, 1.9600000381469727], 45: [0.484148770570755, 0.0, 1.9953553676605225], 46: [0.3152850270271301, -0.3152850270271301, 1.7100000381469727], 47: [0.3535533845424652, -0.3535533845424652, 1.7599999904632568], 48: [0.34234482049942017, -0.34234482049942017, 1.724644660949707], 49: [0.3152850270271301, -0.3152850270271301, 2.009999990463257], 50: [0.3535533845424652, -0.3535533845424652, 1.9600000381469727], 51: [0.34234482049942017, -0.34234482049942017, 1.9953553676605225], 52: [0.0, -0.44588038325309753, 1.7100000381469727], 53: [0.0, -0.5, 1.7599999904632568], 54: [0.0, -0.484148770570755, 1.724644660949707], 55: [0.0, -0.5, 1.9600000381469727], 56: [0.0, -0.44588038325309753, 2.009999990463257], 57: [0.0, -0.484148770570755, 1.9953553676605225], 58: [7.823107495141812e-09, 0.20000001788139343, -1.7999999523162842], 59: [1.272792100906372, 0.20000001788139343, -1.272792100906372], 60: [1.6629829406738281, 0.20000001788139343, -0.6888301968574524], 61: [1.7999998331069946, 0.20000000298023224, 2.7939677238464355e-08], 62: [1.6629829406738281, 0.19999995827674866, 0.6888301968574524], 63: [1.272792100906372, 0.19999991357326508, 1.272792100906372], 64: [0.6888301968574524, 0.19999991357326508, 1.6629830598831177], 65: [0.4000000059604645, 0.20000001788139343, 1.7999999523162842]}, 'faces': {0: [1.8276853561401367, 7.40401384646816e-09, -0.36354929208755493], 1: [1.8276853561401367, -2.090819251066023e-08, 0.36354929208755493], 2: [1.5494368076324463, -6.691552556503666e-08, 1.0353007316589355], 3: [1.035300612449646, -9.522773325443268e-08, 1.5494368076324463], 4: [0.563549280166626, -3.860332142835432e-08, 1.8276855945587158], 5: [0.36354929208755493, 1.8021092174080877e-08, -1.8276855945587158], 6: [1.0353007316589355, 1.8021092174080877e-08, -1.5494369268417358], 7: [1.5494368076324463, 1.8021092174080877e-08, -1.035300612449646], 8: [0.2152900993824005, -5.9604645663569045e-09, 2.009999990463257], 9: [0.4267767071723938, -0.1767766922712326, 1.8600001335144043], 10: [0.1767766922712326, -0.4267767071723938, 1.8600001335144043], 11: [1.8276853561401367, 0.20000001788139343, -0.36354926228523254], 12: [0.1767766922712326, 0.4267767071723938, 1.8600001335144043], 13: [0.4267767071723938, 0.1767766922712326, 1.8600001335144043], 14: [0.17397454380989075, 0.4200117588043213, 1.742322325706482], 15: [0.16440746188163757, 0.3969147801399231, 1.7173223495483398], 16: [0.17397454380989075, 0.4200117588043213, 1.977677822113037], 17: [0.16440746188163757, 0.3969147801399231, 2.0026776790618896], 18: [0.4200117588043213, 0.17397454380989075, 1.742322325706482], 19: [0.3969147801399231, 0.16440746188163757, 1.7173223495483398], 20: [0.4200117588043213, 0.17397454380989075, 1.977677822113037], 21: [0.3969147801399231, 0.16440746188163757, 2.0026776790618896], 22: [0.4200117588043213, -0.17397454380989075, 1.742322325706482], 23: [0.3969147801399231, -0.16440746188163757, 1.7173223495483398], 24: [0.4200117588043213, -0.17397454380989075, 1.977677822113037], 25: [0.3969147801399231, -0.16440746188163757, 2.0026776790618896], 26: [0.17397454380989075, -0.4200117588043213, 1.742322325706482], 27: [0.16440746188163757, -0.3969147801399231, 1.7173223495483398], 28: [0.17397454380989075, -0.4200117588043213, 1.977677822113037], 29: [0.16440746188163757, -0.3969147801399231, 2.0026776790618896], 30: [0.21529006958007812, 0.0, 1.7100000381469727], 31: [1.8276853561401367, 0.19999997317790985, 0.36354929208755493], 32: [1.5494368076324463, 0.19999992847442627, 1.0353007316589355], 33: [1.035300612449646, 0.19999991357326508, 1.5494368076324463], 34: [0.563549280166626, 0.19999995827674866, 1.8276854753494263], 35: [0.36354929208755493, 0.20000001788139343, -1.8276855945587158], 36: [1.035300612449646, 0.20000001788139343, -1.5494368076324463], 37: [1.5494368076324463, 0.20000001788139343, -1.0353007316589355], 38: [9.499490083442197e-09, 0.10000001639127731, -1.9000000953674316], 39: [0.9808111190795898, 0.09999991208314896, 1.4678876399993896], 40: [0.5826834440231323, 0.09999996423721313, 1.923879623413086], 41: [0.4000000059604645, 0.10000001639127731, 1.899999976158142], 42: [0.3826834559440613, 0.10000002384185791, -1.9238795042037964], 43: [0.5444151163101196, 0.09999996423721313, 1.7314915657043457], 44: [0.3444150984287262, 0.10000001639127731, -1.7314915657043457], 45: [1.0897901058197021, 0.10000002384185791, -1.630986213684082], 46: [0.9808111190795898, 0.10000001639127731, -1.4678876399993896], 47: [1.630986213684082, 0.10000002384185791, -1.0897902250289917], 48: [1.4678875207901, 0.10000001639127731, -0.9808111190795898], 49: [1.9238793849945068, 0.10000000894069672, -0.3826834261417389], 50: [1.7314913272857666, 0.10000000894069672, -0.3444150984287262], 51: [1.9238793849945068, 0.09999997913837433, 0.3826834559440613], 52: [1.7314913272857666, 0.09999997913837433, 0.3444150984287262], 53: [1.6309860944747925, 0.09999993443489075, 1.0897902250289917], 54: [1.4678874015808105, 0.09999993443489075, 0.9808111190795898], 55: [1.0897901058197021, 0.09999990463256836, 1.6309863328933716]}, 'editMode': True}, 'Circle', {'tolerance': 10}]
['Select Linked', {'deselect': False, 'delimit': {'SEAM'}, 'vertices': {0: [0.4000000059604645, 2.0023435354232788e-08, 2.0], 1: [1.1175872671742582e-08, 2.0023435354232788e-08, -2.0], 2: [0.7653669118881226, 2.0023435354232788e-08, -1.8477590084075928], 3: [1.4142134189605713, 2.0023435354232788e-08, -1.4142135381698608], 4: [1.8477588891983032, 2.0023435354232788e-08, -0.7653669118881226], 5: [1.9999998807907104, -2.3283082128955357e-09, 3.3527612686157227e-08], 6: [1.8477588891983032, -3.958120942115784e-08, 0.7653669118881226], 7: [1.4142134189605713, -9.918585419654846e-08, 1.4142135381698608], 8: [0.7653669118881226, -9.918585419654846e-08, 1.8477590084075928], 9: [0.4000000059604645, 1.6018748993928966e-08, 1.7999999523162842], 10: [7.823107495141812e-09, 1.6018748993928966e-08, -1.7999999523162842], 11: [0.6888301968574524, 1.6018748993928966e-08, -1.6629830598831177], 12: [1.272792100906372, 1.6018748993928966e-08, -1.272792100906372], 13: [1.6629829406738281, 1.6018748993928966e-08, -0.6888301968574524], 14: [1.7999998331069946, -4.097820749393577e-09, 2.7939677238464355e-08], 15: [1.6629829406738281, -3.7625433435550804e-08, 0.6888301968574524], 16: [1.272792100906372, -9.12696123123169e-08, 1.272792100906372], 17: [0.6888301968574524, -9.12696123123169e-08, 1.6629830598831177], 18: [0.6888301968574524, 0.20000001788139343, -1.6629830598831177], 19: [0.4000000059604645, 0.20000001788139343, 2.0], 20: [0.7653669118881226, 0.19999989867210388, 1.8477590084075928], 21: [1.4142134189605713, 0.19999989867210388, 1.4142135381698608], 22: [1.8477588891983032, 0.19999995827674866, 0.7653669118881226], 23: [1.9999998807907104, 0.20000000298023224, 3.3527612686157227e-08], 24: [1.8477588891983032, 0.20000001788139343, -0.7653669118881226], 25: [1.4142134189605713, 0.20000001788139343, -1.4142135381698608], 26: [1.1175872671742582e-08, 0.20000001788139343, -2.0], 27: [0.7653669118881226, 0.20000001788139343, -1.8477590084075928], 28: [0.0, 0.5, 1.7599999904632568], 29: [0.0, 0.44588038325309753, 1.7100000381469727], 30: [0.0, 0.484148770570755, 1.724644660949707], 31: [0.0, 0.44588038325309753, 2.009999990463257], 32: [0.0, 0.5, 1.9600000381469727], 33: [0.0, 0.484148770570755, 1.9953553676605225], 34: [0.3152850270271301, 0.3152850270271301, 1.7100000381469727], 35: [0.3535533845424652, 0.3535533845424652, 1.7599999904632568], 36: [0.34234482049942017, 0.34234482049942017, 1.724644660949707], 37: [0.3152850270271301, 0.3152850270271301, 2.009999990463257], 38: [0.3535533845424652, 0.3535533845424652, 1.9600000381469727], 39: [0.34234482049942017, 0.34234482049942017, 1.9953553676605225], 40: [0.44588038325309753, 0.0, 1.7100000381469727], 41: [0.5, 0.0, 1.7599999904632568], 42: [0.484148770570755, 0.0, 1.724644660949707], 43: [0.44588038325309753, 0.0, 2.009999990463257], 44: [0.5, 0.0, 1.9600000381469727], 45: [0.484148770570755, 0.0, 1.9953553676605225], 46: [0.3152850270271301, -0.3152850270271301, 1.7100000381469727], 47: [0.3535533845424652, -0.3535533845424652, 1.7599999904632568], 48: [0.34234482049942017, -0.34234482049942017, 1.724644660949707], 49: [0.3152850270271301, -0.3152850270271301, 2.009999990463257], 50: [0.3535533845424652, -0.3535533845424652, 1.9600000381469727], 51: [0.34234482049942017, -0.34234482049942017, 1.9953553676605225], 52: [0.0, -0.44588038325309753, 1.7100000381469727], 53: [0.0, -0.5, 1.7599999904632568], 54: [0.0, -0.484148770570755, 1.724644660949707], 55: [0.0, -0.5, 1.9600000381469727], 56: [0.0, -0.44588038325309753, 2.009999990463257], 57: [0.0, -0.484148770570755, 1.9953553676605225], 58: [7.823107495141812e-09, 0.20000001788139343, -1.7999999523162842], 59: [1.272792100906372, 0.20000001788139343, -1.272792100906372], 60: [1.6629829406738281, 0.20000001788139343, -0.6888301968574524], 61: [1.7999998331069946, 0.20000000298023224, 2.7939677238464355e-08], 62: [1.6629829406738281, 0.19999995827674866, 0.6888301968574524], 63: [1.272792100906372, 0.19999991357326508, 1.272792100906372], 64: [0.6888301968574524, 0.19999991357326508, 1.6629830598831177], 65: [0.4000000059604645, 0.20000001788139343, 1.7999999523162842]}, 'faces': {0: [1.8276853561401367, 7.40401384646816e-09, -0.36354929208755493], 1: [1.8276853561401367, -2.090819251066023e-08, 0.36354929208755493], 2: [1.5494368076324463, -6.691552556503666e-08, 1.0353007316589355], 3: [1.035300612449646, -9.522773325443268e-08, 1.5494368076324463], 4: [0.563549280166626, -3.860332142835432e-08, 1.8276855945587158], 5: [0.36354929208755493, 1.8021092174080877e-08, -1.8276855945587158], 6: [1.0353007316589355, 1.8021092174080877e-08, -1.5494369268417358], 7: [1.5494368076324463, 1.8021092174080877e-08, -1.035300612449646], 8: [0.2152900993824005, -5.9604645663569045e-09, 2.009999990463257], 9: [0.4267767071723938, -0.1767766922712326, 1.8600001335144043], 10: [0.1767766922712326, -0.4267767071723938, 1.8600001335144043], 11: [1.8276853561401367, 0.20000001788139343, -0.36354926228523254], 12: [0.1767766922712326, 0.4267767071723938, 1.8600001335144043], 13: [0.4267767071723938, 0.1767766922712326, 1.8600001335144043], 14: [0.17397454380989075, 0.4200117588043213, 1.742322325706482], 15: [0.16440746188163757, 0.3969147801399231, 1.7173223495483398], 16: [0.17397454380989075, 0.4200117588043213, 1.977677822113037], 17: [0.16440746188163757, 0.3969147801399231, 2.0026776790618896], 18: [0.4200117588043213, 0.17397454380989075, 1.742322325706482], 19: [0.3969147801399231, 0.16440746188163757, 1.7173223495483398], 20: [0.4200117588043213, 0.17397454380989075, 1.977677822113037], 21: [0.3969147801399231, 0.16440746188163757, 2.0026776790618896], 22: [0.4200117588043213, -0.17397454380989075, 1.742322325706482], 23: [0.3969147801399231, -0.16440746188163757, 1.7173223495483398], 24: [0.4200117588043213, -0.17397454380989075, 1.977677822113037], 25: [0.3969147801399231, -0.16440746188163757, 2.0026776790618896], 26: [0.17397454380989075, -0.4200117588043213, 1.742322325706482], 27: [0.16440746188163757, -0.3969147801399231, 1.7173223495483398], 28: [0.17397454380989075, -0.4200117588043213, 1.977677822113037], 29: [0.16440746188163757, -0.3969147801399231, 2.0026776790618896], 30: [0.21529006958007812, 0.0, 1.7100000381469727], 31: [1.8276853561401367, 0.19999997317790985, 0.36354929208755493], 32: [1.5494368076324463, 0.19999992847442627, 1.0353007316589355], 33: [1.035300612449646, 0.19999991357326508, 1.5494368076324463], 34: [0.563549280166626, 0.19999995827674866, 1.8276854753494263], 35: [0.36354929208755493, 0.20000001788139343, -1.8276855945587158], 36: [1.035300612449646, 0.20000001788139343, -1.5494368076324463], 37: [1.5494368076324463, 0.20000001788139343, -1.0353007316589355], 38: [9.499490083442197e-09, 0.10000001639127731, -1.9000000953674316], 39: [0.9808111190795898, 0.09999991208314896, 1.4678876399993896], 40: [0.5826834440231323, 0.09999996423721313, 1.923879623413086], 41: [0.4000000059604645, 0.10000001639127731, 1.899999976158142], 42: [0.3826834559440613, 0.10000002384185791, -1.9238795042037964], 43: [0.5444151163101196, 0.09999996423721313, 1.7314915657043457], 44: [0.3444150984287262, 0.10000001639127731, -1.7314915657043457], 45: [1.0897901058197021, 0.10000002384185791, -1.630986213684082], 46: [0.9808111190795898, 0.10000001639127731, -1.4678876399993896], 47: [1.630986213684082, 0.10000002384185791, -1.0897902250289917], 48: [1.4678875207901, 0.10000001639127731, -0.9808111190795898], 49: [1.9238793849945068, 0.10000000894069672, -0.3826834261417389], 50: [1.7314913272857666, 0.10000000894069672, -0.3444150984287262], 51: [1.9238793849945068, 0.09999997913837433, 0.3826834559440613], 52: [1.7314913272857666, 0.09999997913837433, 0.3444150984287262], 53: [1.6309860944747925, 0.09999993443489075, 1.0897902250289917], 54: [1.4678874015808105, 0.09999993443489075, 0.9808111190795898], 55: [1.0897901058197021, 0.09999990463256836, 1.6309863328933716]}, 'editMode': True}, 'Circle', {'tolerance': 10}]
['Move', {'value': (0, -0.1, 0), 'orient_axis_ortho': 'X', 'selectedVertices': [0, 1, 2, 3, 4, 5, 6, 7, 8, 9, 10, 11, 12, 13, 14, 15, 16, 17, 18, 19, 20, 21, 22, 23, 24, 25, 26, 27, 58, 59, 60, 61, 62, 63, 64, 65], 'vertices': {0: [0.4000000059604645, -0.09999997913837433, 2.0], 1: [1.1175872671742582e-08, -0.09999997913837433, -2.0], 2: [0.7653669118881226, -0.09999997913837433, -1.8477590084075928], 3: [1.4142134189605713, -0.09999997913837433, -1.4142135381698608], 4: [1.8477588891983032, -0.09999997913837433, -0.7653669118881226], 5: [1.9999998807907104, -0.10000000149011612, 3.3527612686157227e-08], 6: [1.8477588891983032, -0.1000000387430191, 0.7653669118881226], 7: [1.4142134189605713, -0.10000009834766388, 1.4142135381698608], 8: [0.7653669118881226, -0.10000009834766388, 1.8477590084075928], 9: [0.4000000059604645, -0.09999998658895493, 1.7999999523162842], 10: [7.823107495141812e-09, -0.09999998658895493, -1.7999999523162842], 11: [0.6888301968574524, -0.09999998658895493, -1.6629830598831177], 12: [1.272792100906372, -0.09999998658895493, -1.272792100906372], 13: [1.6629829406738281, -0.09999998658895493, -0.6888301968574524], 14: [1.7999998331069946, -0.10000000894069672, 2.7939677238464355e-08], 15: [1.6629829406738281, -0.1000000387430191, 0.6888301968574524], 16: [1.272792100906372, -0.10000009089708328, 1.272792100906372], 17: [0.6888301968574524, -0.10000009089708328, 1.6629830598831177], 18: [0.6888301968574524, 0.10000001639127731, -1.6629830598831177], 19: [0.4000000059604645, 0.10000001639127731, 2.0], 20: [0.7653669118881226, 0.09999989718198776, 1.8477590084075928], 21: [1.4142134189605713, 0.09999989718198776, 1.4142135381698608], 22: [1.8477588891983032, 0.09999995678663254, 0.7653669118881226], 23: [1.9999998807907104, 0.10000000149011612, 3.3527612686157227e-08], 24: [1.8477588891983032, 0.10000001639127731, -0.7653669118881226], 25: [1.4142134189605713, 0.10000001639127731, -1.4142135381698608], 26: [1.1175872671742582e-08, 0.10000001639127731, -2.0], 27: [0.7653669118881226, 0.10000001639127731, -1.8477590084075928], 28: [0.0, 0.5, 1.7599999904632568], 29: [0.0, 0.44588038325309753, 1.7100000381469727], 30: [0.0, 0.484148770570755, 1.724644660949707], 31: [0.0, 0.44588038325309753, 2.009999990463257], 32: [0.0, 0.5, 1.9600000381469727], 33: [0.0, 0.484148770570755, 1.9953553676605225], 34: [0.3152850270271301, 0.3152850270271301, 1.7100000381469727], 35: [0.3535533845424652, 0.3535533845424652, 1.7599999904632568], 36: [0.34234482049942017, 0.34234482049942017, 1.724644660949707], 37: [0.3152850270271301, 0.3152850270271301, 2.009999990463257], 38: [0.3535533845424652, 0.3535533845424652, 1.9600000381469727], 39: [0.34234482049942017, 0.34234482049942017, 1.9953553676605225], 40: [0.44588038325309753, 0.0, 1.7100000381469727], 41: [0.5, 0.0, 1.7599999904632568], 42: [0.484148770570755, 0.0, 1.724644660949707], 43: [0.44588038325309753, 0.0, 2.009999990463257], 44: [0.5, 0.0, 1.9600000381469727], 45: [0.484148770570755, 0.0, 1.9953553676605225], 46: [0.3152850270271301, -0.3152850270271301, 1.7100000381469727], 47: [0.3535533845424652, -0.3535533845424652, 1.7599999904632568], 48: [0.34234482049942017, -0.34234482049942017, 1.724644660949707], 49: [0.3152850270271301, -0.3152850270271301, 2.009999990463257], 50: [0.3535533845424652, -0.3535533845424652, 1.9600000381469727], 51: [0.34234482049942017, -0.34234482049942017, 1.9953553676605225], 52: [0.0, -0.44588038325309753, 1.7100000381469727], 53: [0.0, -0.5, 1.7599999904632568], 54: [0.0, -0.484148770570755, 1.724644660949707], 55: [0.0, -0.5, 1.9600000381469727], 56: [0.0, -0.44588038325309753, 2.009999990463257], 57: [0.0, -0.484148770570755, 1.9953553676605225], 58: [7.823107495141812e-09, 0.10000001639127731, -1.7999999523162842], 59: [1.272792100906372, 0.10000001639127731, -1.272792100906372], 60: [1.6629829406738281, 0.10000001639127731, -0.6888301968574524], 61: [1.7999998331069946, 0.10000000149011612, 2.7939677238464355e-08], 62: [1.6629829406738281, 0.09999995678663254, 0.6888301968574524], 63: [1.272792100906372, 0.09999991208314896, 1.272792100906372], 64: [0.6888301968574524, 0.09999991208314896, 1.6629830598831177], 65: [0.4000000059604645, 0.10000001639127731, 1.7999999523162842]}, 'faces': {0: [1.8276853561401367, -0.09999998658895493, -0.36354929208755493], 1: [1.8276853561401367, -0.10000002384185791, 0.36354929208755493], 2: [1.5494368076324463, -0.10000006854534149, 1.0353007316589355], 3: [1.035300612449646, -0.10000009834766388, 1.5494368076324463], 4: [0.563549280166626, -0.1000000387430191, 1.8276855945587158], 5: [0.36354929208755493, -0.09999997913837433, -1.8276855945587158], 6: [1.0353007316589355, -0.09999997913837433, -1.5494369268417358], 7: [1.5494368076324463, -0.09999997913837433, -1.035300612449646], 8: [0.2152900993824005, -5.9604645663569045e-09, 2.009999990463257], 9: [0.4267767071723938, -0.1767766922712326, 1.8600001335144043], 10: [0.1767766922712326, -0.4267767071723938, 1.8600001335144043], 11: [1.8276853561401367, 0.10000000894069672, -0.36354926228523254], 12: [0.1767766922712326, 0.4267767071723938, 1.8600001335144043], 13: [0.4267767071723938, 0.1767766922712326, 1.8600001335144043], 14: [0.17397454380989075, 0.4200117588043213, 1.742322325706482], 15: [0.16440746188163757, 0.3969147801399231, 1.7173223495483398], 16: [0.17397454380989075, 0.4200117588043213, 1.977677822113037], 17: [0.16440746188163757, 0.3969147801399231, 2.0026776790618896], 18: [0.4200117588043213, 0.17397454380989075, 1.742322325706482], 19: [0.3969147801399231, 0.16440746188163757, 1.7173223495483398], 20: [0.4200117588043213, 0.17397454380989075, 1.977677822113037], 21: [0.3969147801399231, 0.16440746188163757, 2.0026776790618896], 22: [0.4200117588043213, -0.17397454380989075, 1.742322325706482], 23: [0.3969147801399231, -0.16440746188163757, 1.7173223495483398], 24: [0.4200117588043213, -0.17397454380989075, 1.977677822113037], 25: [0.3969147801399231, -0.16440746188163757, 2.0026776790618896], 26: [0.17397454380989075, -0.4200117588043213, 1.742322325706482], 27: [0.16440746188163757, -0.3969147801399231, 1.7173223495483398], 28: [0.17397454380989075, -0.4200117588043213, 1.977677822113037], 29: [0.16440746188163757, -0.3969147801399231, 2.0026776790618896], 30: [0.21529006958007812, 0.0, 1.7100000381469727], 31: [1.8276853561401367, 0.09999997913837433, 0.36354929208755493], 32: [1.5494368076324463, 0.09999993443489075, 1.0353007316589355], 33: [1.035300612449646, 0.09999990463256836, 1.5494368076324463], 34: [0.563549280166626, 0.09999995678663254, 1.8276854753494263], 35: [0.36354929208755493, 0.10000001639127731, -1.8276855945587158], 36: [1.035300612449646, 0.10000001639127731, -1.5494368076324463], 37: [1.5494368076324463, 0.10000001639127731, -1.0353007316589355], 38: [9.499490083442197e-09, 1.862645149230957e-08, -1.9000000953674316], 39: [0.9808111190795898, -8.940696716308594e-08, 1.4678876399993896], 40: [0.5826834440231323, -4.0978193283081055e-08, 1.923879623413086], 41: [0.4000000059604645, 1.862645149230957e-08, 1.899999976158142], 42: [0.3826834559440613, 1.862645149230957e-08, -1.9238795042037964], 43: [0.5444151163101196, -3.725290298461914e-08, 1.7314915657043457], 44: [0.3444150984287262, 1.4901161193847656e-08, -1.7314915657043457], 45: [1.0897901058197021, 1.862645149230957e-08, -1.630986213684082], 46: [0.9808111190795898, 1.4901161193847656e-08, -1.4678876399993896], 47: [1.630986213684082, 1.862645149230957e-08, -1.0897902250289917], 48: [1.4678875207901, 1.4901161193847656e-08, -0.9808111190795898], 49: [1.9238793849945068, 7.450580596923828e-09, -0.3826834261417389], 50: [1.7314913272857666, 7.450580596923828e-09, -0.3444150984287262], 51: [1.9238793849945068, -2.2351741790771484e-08, 0.3826834559440613], 52: [1.7314913272857666, -2.2351741790771484e-08, 0.3444150984287262], 53: [1.6309860944747925, -7.078051567077637e-08, 1.0897902250289917], 54: [1.4678874015808105, -6.705522537231445e-08, 0.9808111190795898], 55: [1.0897901058197021, -1.0058283805847168e-07, 1.6309863328933716]}, 'editMode': True}, 'Circle', {'tolerance': 10}]
[' bpy context space_data shading', {'type': "'WIREFRAME'", 'editMode': True}, 'Circle', {'tolerance': 10}]
['Delete', {'type': 'FACE', 'deletedVertices': [], 'deletedFaces': [54, 55], 'vertices': {0: [0.4000000059604645, -0.09999997913837433, 2.0], 1: [1.1175872671742582e-08, -0.09999997913837433, -2.0], 2: [0.7653669118881226, -0.09999997913837433, -1.8477590084075928], 3: [1.4142134189605713, -0.09999997913837433, -1.4142135381698608], 4: [1.8477588891983032, -0.09999997913837433, -0.7653669118881226], 5: [1.9999998807907104, -0.10000000149011612, 3.3527612686157227e-08], 6: [1.8477588891983032, -0.1000000387430191, 0.7653669118881226], 7: [1.4142134189605713, -0.10000009834766388, 1.4142135381698608], 8: [0.7653669118881226, -0.10000009834766388, 1.8477590084075928], 9: [0.4000000059604645, -0.09999998658895493, 1.7999999523162842], 10: [7.823107495141812e-09, -0.09999998658895493, -1.7999999523162842], 11: [0.6888301968574524, -0.09999998658895493, -1.6629830598831177], 12: [1.272792100906372, -0.09999998658895493, -1.272792100906372], 13: [1.6629829406738281, -0.09999998658895493, -0.6888301968574524], 14: [1.7999998331069946, -0.10000000894069672, 2.7939677238464355e-08], 15: [1.6629829406738281, -0.1000000387430191, 0.6888301968574524], 16: [1.272792100906372, -0.10000009089708328, 1.272792100906372], 17: [0.6888301968574524, -0.10000009089708328, 1.6629830598831177], 18: [0.6888301968574524, 0.10000001639127731, -1.6629830598831177], 19: [0.4000000059604645, 0.10000001639127731, 2.0], 20: [0.7653669118881226, 0.09999989718198776, 1.8477590084075928], 21: [1.4142134189605713, 0.09999989718198776, 1.4142135381698608], 22: [1.8477588891983032, 0.09999995678663254, 0.7653669118881226], 23: [1.9999998807907104, 0.10000000149011612, 3.3527612686157227e-08], 24: [1.8477588891983032, 0.10000001639127731, -0.7653669118881226], 25: [1.4142134189605713, 0.10000001639127731, -1.4142135381698608], 26: [1.1175872671742582e-08, 0.10000001639127731, -2.0], 27: [0.7653669118881226, 0.10000001639127731, -1.8477590084075928], 28: [0.0, 0.5, 1.7599999904632568], 29: [0.0, 0.44588038325309753, 1.7100000381469727], 30: [0.0, 0.484148770570755, 1.724644660949707], 31: [0.0, 0.44588038325309753, 2.009999990463257], 32: [0.0, 0.5, 1.9600000381469727], 33: [0.0, 0.484148770570755, 1.9953553676605225], 34: [0.3152850270271301, 0.3152850270271301, 1.7100000381469727], 35: [0.3535533845424652, 0.3535533845424652, 1.7599999904632568], 36: [0.34234482049942017, 0.34234482049942017, 1.724644660949707], 37: [0.3152850270271301, 0.3152850270271301, 2.009999990463257], 38: [0.3535533845424652, 0.3535533845424652, 1.9600000381469727], 39: [0.34234482049942017, 0.34234482049942017, 1.9953553676605225], 40: [0.44588038325309753, 0.0, 1.7100000381469727], 41: [0.5, 0.0, 1.7599999904632568], 42: [0.484148770570755, 0.0, 1.724644660949707], 43: [0.44588038325309753, 0.0, 2.009999990463257], 44: [0.5, 0.0, 1.9600000381469727], 45: [0.484148770570755, 0.0, 1.9953553676605225], 46: [0.3152850270271301, -0.3152850270271301, 1.7100000381469727], 47: [0.3535533845424652, -0.3535533845424652, 1.7599999904632568], 48: [0.34234482049942017, -0.34234482049942017, 1.724644660949707], 49: [0.3152850270271301, -0.3152850270271301, 2.009999990463257], 50: [0.3535533845424652, -0.3535533845424652, 1.9600000381469727], 51: [0.34234482049942017, -0.34234482049942017, 1.9953553676605225], 52: [0.0, -0.44588038325309753, 1.7100000381469727], 53: [0.0, -0.5, 1.7599999904632568], 54: [0.0, -0.484148770570755, 1.724644660949707], 55: [0.0, -0.5, 1.9600000381469727], 56: [0.0, -0.44588038325309753, 2.009999990463257], 57: [0.0, -0.484148770570755, 1.9953553676605225], 58: [7.823107495141812e-09, 0.10000001639127731, -1.7999999523162842], 59: [1.272792100906372, 0.10000001639127731, -1.272792100906372], 60: [1.6629829406738281, 0.10000001639127731, -0.6888301968574524], 61: [1.7999998331069946, 0.10000000149011612, 2.7939677238464355e-08], 62: [1.6629829406738281, 0.09999995678663254, 0.6888301968574524], 63: [1.272792100906372, 0.09999991208314896, 1.272792100906372], 64: [0.6888301968574524, 0.09999991208314896, 1.6629830598831177], 65: [0.4000000059604645, 0.10000001639127731, 1.7999999523162842]}, 'faces': {0: [1.8276853561401367, -0.09999998658895493, -0.36354929208755493], 1: [1.8276853561401367, -0.10000002384185791, 0.36354929208755493], 2: [1.5494368076324463, -0.10000006854534149, 1.0353007316589355], 3: [1.035300612449646, -0.10000009834766388, 1.5494368076324463], 4: [0.563549280166626, -0.1000000387430191, 1.8276855945587158], 5: [0.36354929208755493, -0.09999997913837433, -1.8276855945587158], 6: [1.0353007316589355, -0.09999997913837433, -1.5494369268417358], 7: [1.5494368076324463, -0.09999997913837433, -1.035300612449646], 8: [0.2152900993824005, -5.9604645663569045e-09, 2.009999990463257], 9: [0.4267767071723938, -0.1767766922712326, 1.8600001335144043], 10: [0.1767766922712326, -0.4267767071723938, 1.8600001335144043], 11: [1.8276853561401367, 0.10000000894069672, -0.36354926228523254], 12: [0.1767766922712326, 0.4267767071723938, 1.8600001335144043], 13: [0.4267767071723938, 0.1767766922712326, 1.8600001335144043], 14: [0.17397454380989075, 0.4200117588043213, 1.742322325706482], 15: [0.16440746188163757, 0.3969147801399231, 1.7173223495483398], 16: [0.17397454380989075, 0.4200117588043213, 1.977677822113037], 17: [0.16440746188163757, 0.3969147801399231, 2.0026776790618896], 18: [0.4200117588043213, 0.17397454380989075, 1.742322325706482], 19: [0.3969147801399231, 0.16440746188163757, 1.7173223495483398], 20: [0.4200117588043213, 0.17397454380989075, 1.977677822113037], 21: [0.3969147801399231, 0.16440746188163757, 2.0026776790618896], 22: [0.4200117588043213, -0.17397454380989075, 1.742322325706482], 23: [0.3969147801399231, -0.16440746188163757, 1.7173223495483398], 24: [0.4200117588043213, -0.17397454380989075, 1.977677822113037], 25: [0.3969147801399231, -0.16440746188163757, 2.0026776790618896], 26: [0.17397454380989075, -0.4200117588043213, 1.742322325706482], 27: [0.16440746188163757, -0.3969147801399231, 1.7173223495483398], 28: [0.17397454380989075, -0.4200117588043213, 1.977677822113037], 29: [0.16440746188163757, -0.3969147801399231, 2.0026776790618896], 30: [0.21529006958007812, 0.0, 1.7100000381469727], 31: [1.8276853561401367, 0.09999997913837433, 0.36354929208755493], 32: [1.5494368076324463, 0.09999993443489075, 1.0353007316589355], 33: [1.035300612449646, 0.09999990463256836, 1.5494368076324463], 34: [0.563549280166626, 0.09999995678663254, 1.8276854753494263], 35: [0.36354929208755493, 0.10000001639127731, -1.8276855945587158], 36: [1.035300612449646, 0.10000001639127731, -1.5494368076324463], 37: [1.5494368076324463, 0.10000001639127731, -1.0353007316589355], 38: [0.9808111190795898, -8.940696716308594e-08, 1.4678876399993896], 39: [0.5826834440231323, -4.0978193283081055e-08, 1.923879623413086], 40: [0.3826834559440613, 1.862645149230957e-08, -1.9238795042037964], 41: [0.5444151163101196, -3.725290298461914e-08, 1.7314915657043457], 42: [0.3444150984287262, 1.4901161193847656e-08, -1.7314915657043457], 43: [1.0897901058197021, 1.862645149230957e-08, -1.630986213684082], 44: [0.9808111190795898, 1.4901161193847656e-08, -1.4678876399993896], 45: [1.630986213684082, 1.862645149230957e-08, -1.0897902250289917], 46: [1.4678875207901, 1.4901161193847656e-08, -0.9808111190795898], 47: [1.9238793849945068, 7.450580596923828e-09, -0.3826834261417389], 48: [1.7314913272857666, 7.450580596923828e-09, -0.3444150984287262], 49: [1.9238793849945068, -2.2351741790771484e-08, 0.3826834559440613], 50: [1.7314913272857666, -2.2351741790771484e-08, 0.3444150984287262], 51: [1.6309860944747925, -7.078051567077637e-08, 1.0897902250289917], 52: [1.4678874015808105, -6.705522537231445e-08, 0.9808111190795898], 53: [1.0897901058197021, -1.0058283805847168e-07, 1.6309863328933716]}, 'editMode': True}, 'Circle', {'tolerance': 10}]
[' bpy context space_data shading', {'type': "'SOLID'", 'editMode': True}, 'Circle', {'tolerance': 10}]
['Select Mode', {'use_extend': False, 'use_expand': False, 'vertices': {0: [0.4000000059604645, -0.09999997913837433, 2.0], 1: [1.1175872671742582e-08, -0.09999997913837433, -2.0], 2: [0.7653669118881226, -0.09999997913837433, -1.8477590084075928], 3: [1.4142134189605713, -0.09999997913837433, -1.4142135381698608], 4: [1.8477588891983032, -0.09999997913837433, -0.7653669118881226], 5: [1.9999998807907104, -0.10000000149011612, 3.3527612686157227e-08], 6: [1.8477588891983032, -0.1000000387430191, 0.7653669118881226], 7: [1.4142134189605713, -0.10000009834766388, 1.4142135381698608], 8: [0.7653669118881226, -0.10000009834766388, 1.8477590084075928], 9: [0.4000000059604645, -0.09999998658895493, 1.7999999523162842], 10: [7.823107495141812e-09, -0.09999998658895493, -1.7999999523162842], 11: [0.6888301968574524, -0.09999998658895493, -1.6629830598831177], 12: [1.272792100906372, -0.09999998658895493, -1.272792100906372], 13: [1.6629829406738281, -0.09999998658895493, -0.6888301968574524], 14: [1.7999998331069946, -0.10000000894069672, 2.7939677238464355e-08], 15: [1.6629829406738281, -0.1000000387430191, 0.6888301968574524], 16: [1.272792100906372, -0.10000009089708328, 1.272792100906372], 17: [0.6888301968574524, -0.10000009089708328, 1.6629830598831177], 18: [0.6888301968574524, 0.10000001639127731, -1.6629830598831177], 19: [0.4000000059604645, 0.10000001639127731, 2.0], 20: [0.7653669118881226, 0.09999989718198776, 1.8477590084075928], 21: [1.4142134189605713, 0.09999989718198776, 1.4142135381698608], 22: [1.8477588891983032, 0.09999995678663254, 0.7653669118881226], 23: [1.9999998807907104, 0.10000000149011612, 3.3527612686157227e-08], 24: [1.8477588891983032, 0.10000001639127731, -0.7653669118881226], 25: [1.4142134189605713, 0.10000001639127731, -1.4142135381698608], 26: [1.1175872671742582e-08, 0.10000001639127731, -2.0], 27: [0.7653669118881226, 0.10000001639127731, -1.8477590084075928], 28: [0.0, 0.5, 1.7599999904632568], 29: [0.0, 0.44588038325309753, 1.7100000381469727], 30: [0.0, 0.484148770570755, 1.724644660949707], 31: [0.0, 0.44588038325309753, 2.009999990463257], 32: [0.0, 0.5, 1.9600000381469727], 33: [0.0, 0.484148770570755, 1.9953553676605225], 34: [0.3152850270271301, 0.3152850270271301, 1.7100000381469727], 35: [0.3535533845424652, 0.3535533845424652, 1.7599999904632568], 36: [0.34234482049942017, 0.34234482049942017, 1.724644660949707], 37: [0.3152850270271301, 0.3152850270271301, 2.009999990463257], 38: [0.3535533845424652, 0.3535533845424652, 1.9600000381469727], 39: [0.34234482049942017, 0.34234482049942017, 1.9953553676605225], 40: [0.44588038325309753, 0.0, 1.7100000381469727], 41: [0.5, 0.0, 1.7599999904632568], 42: [0.484148770570755, 0.0, 1.724644660949707], 43: [0.44588038325309753, 0.0, 2.009999990463257], 44: [0.5, 0.0, 1.9600000381469727], 45: [0.484148770570755, 0.0, 1.9953553676605225], 46: [0.3152850270271301, -0.3152850270271301, 1.7100000381469727], 47: [0.3535533845424652, -0.3535533845424652, 1.7599999904632568], 48: [0.34234482049942017, -0.34234482049942017, 1.724644660949707], 49: [0.3152850270271301, -0.3152850270271301, 2.009999990463257], 50: [0.3535533845424652, -0.3535533845424652, 1.9600000381469727], 51: [0.34234482049942017, -0.34234482049942017, 1.9953553676605225], 52: [0.0, -0.44588038325309753, 1.7100000381469727], 53: [0.0, -0.5, 1.7599999904632568], 54: [0.0, -0.484148770570755, 1.724644660949707], 55: [0.0, -0.5, 1.9600000381469727], 56: [0.0, -0.44588038325309753, 2.009999990463257], 57: [0.0, -0.484148770570755, 1.9953553676605225], 58: [7.823107495141812e-09, 0.10000001639127731, -1.7999999523162842], 59: [1.272792100906372, 0.10000001639127731, -1.272792100906372], 60: [1.6629829406738281, 0.10000001639127731, -0.6888301968574524], 61: [1.7999998331069946, 0.10000000149011612, 2.7939677238464355e-08], 62: [1.6629829406738281, 0.09999995678663254, 0.6888301968574524], 63: [1.272792100906372, 0.09999991208314896, 1.272792100906372], 64: [0.6888301968574524, 0.09999991208314896, 1.6629830598831177], 65: [0.4000000059604645, 0.10000001639127731, 1.7999999523162842]}, 'faces': {0: [1.8276853561401367, -0.09999998658895493, -0.36354929208755493], 1: [1.8276853561401367, -0.10000002384185791, 0.36354929208755493], 2: [1.5494368076324463, -0.10000006854534149, 1.0353007316589355], 3: [1.035300612449646, -0.10000009834766388, 1.5494368076324463], 4: [0.563549280166626, -0.1000000387430191, 1.8276855945587158], 5: [0.36354929208755493, -0.09999997913837433, -1.8276855945587158], 6: [1.0353007316589355, -0.09999997913837433, -1.5494369268417358], 7: [1.5494368076324463, -0.09999997913837433, -1.035300612449646], 8: [0.2152900993824005, -5.9604645663569045e-09, 2.009999990463257], 9: [0.4267767071723938, -0.1767766922712326, 1.8600001335144043], 10: [0.1767766922712326, -0.4267767071723938, 1.8600001335144043], 11: [1.8276853561401367, 0.10000000894069672, -0.36354926228523254], 12: [0.1767766922712326, 0.4267767071723938, 1.8600001335144043], 13: [0.4267767071723938, 0.1767766922712326, 1.8600001335144043], 14: [0.17397454380989075, 0.4200117588043213, 1.742322325706482], 15: [0.16440746188163757, 0.3969147801399231, 1.7173223495483398], 16: [0.17397454380989075, 0.4200117588043213, 1.977677822113037], 17: [0.16440746188163757, 0.3969147801399231, 2.0026776790618896], 18: [0.4200117588043213, 0.17397454380989075, 1.742322325706482], 19: [0.3969147801399231, 0.16440746188163757, 1.7173223495483398], 20: [0.4200117588043213, 0.17397454380989075, 1.977677822113037], 21: [0.3969147801399231, 0.16440746188163757, 2.0026776790618896], 22: [0.4200117588043213, -0.17397454380989075, 1.742322325706482], 23: [0.3969147801399231, -0.16440746188163757, 1.7173223495483398], 24: [0.4200117588043213, -0.17397454380989075, 1.977677822113037], 25: [0.3969147801399231, -0.16440746188163757, 2.0026776790618896], 26: [0.17397454380989075, -0.4200117588043213, 1.742322325706482], 27: [0.16440746188163757, -0.3969147801399231, 1.7173223495483398], 28: [0.17397454380989075, -0.4200117588043213, 1.977677822113037], 29: [0.16440746188163757, -0.3969147801399231, 2.0026776790618896], 30: [0.21529006958007812, 0.0, 1.7100000381469727], 31: [1.8276853561401367, 0.09999997913837433, 0.36354929208755493], 32: [1.5494368076324463, 0.09999993443489075, 1.0353007316589355], 33: [1.035300612449646, 0.09999990463256836, 1.5494368076324463], 34: [0.563549280166626, 0.09999995678663254, 1.8276854753494263], 35: [0.36354929208755493, 0.10000001639127731, -1.8276855945587158], 36: [1.035300612449646, 0.10000001639127731, -1.5494368076324463], 37: [1.5494368076324463, 0.10000001639127731, -1.0353007316589355], 38: [0.9808111190795898, -8.940696716308594e-08, 1.4678876399993896], 39: [0.5826834440231323, -4.0978193283081055e-08, 1.923879623413086], 40: [0.3826834559440613, 1.862645149230957e-08, -1.9238795042037964], 41: [0.5444151163101196, -3.725290298461914e-08, 1.7314915657043457], 42: [0.3444150984287262, 1.4901161193847656e-08, -1.7314915657043457], 43: [1.0897901058197021, 1.862645149230957e-08, -1.630986213684082], 44: [0.9808111190795898, 1.4901161193847656e-08, -1.4678876399993896], 45: [1.630986213684082, 1.862645149230957e-08, -1.0897902250289917], 46: [1.4678875207901, 1.4901161193847656e-08, -0.9808111190795898], 47: [1.9238793849945068, 7.450580596923828e-09, -0.3826834261417389], 48: [1.7314913272857666, 7.450580596923828e-09, -0.3444150984287262], 49: [1.9238793849945068, -2.2351741790771484e-08, 0.3826834559440613], 50: [1.7314913272857666, -2.2351741790771484e-08, 0.3444150984287262], 51: [1.6309860944747925, -7.078051567077637e-08, 1.0897902250289917], 52: [1.4678874015808105, -6.705522537231445e-08, 0.9808111190795898], 53: [1.0897901058197021, -1.0058283805847168e-07, 1.6309863328933716]}, 'editMode': True}, 'Circle', {'tolerance': 10}]
['Bevel', {'offset': 0.04, 'offset_pct': 0, 'newVertices': [66, 67, 68, 69, 70, 71, 72, 73, 74, 75, 76, 77, 78, 79, 80, 81, 82, 83, 84, 85, 86, 87, 88, 89, 90, 91, 92, 93, 94, 95, 96, 97, 98, 99, 100, 101, 102, 103, 104, 105, 106, 107, 108, 109, 110, 111, 112, 113, 114, 115, 116, 117, 118, 119, 120, 121, 122, 123, 124, 125, 126, 127, 128, 129, 130, 131, 132, 133, 134, 135, 136, 137], 'newFaces': [54, 55, 56, 57, 58, 59, 60, 61, 62, 63, 64, 65, 66, 67, 68, 69, 70, 71, 72, 73, 74, 75, 76, 77, 78, 79, 80, 81, 82, 83, 84, 85, 86, 87, 88, 89, 90, 91, 92, 93, 94, 95, 96, 97, 98, 99, 100, 101, 102, 103, 104, 105, 106, 107, 108, 109, 110, 111, 112, 113, 114, 115, 116, 117], 'vertices': {0: [0.0, 0.5, 1.7599999904632568], 1: [0.0, 0.44588038325309753, 1.7100000381469727], 2: [0.0, 0.484148770570755, 1.724644660949707], 3: [0.0, 0.44588038325309753, 2.009999990463257], 4: [0.0, 0.5, 1.9600000381469727], 5: [0.0, 0.484148770570755, 1.9953553676605225], 6: [0.3152850270271301, 0.3152850270271301, 1.7100000381469727], 7: [0.3535533845424652, 0.3535533845424652, 1.7599999904632568], 8: [0.34234482049942017, 0.34234482049942017, 1.724644660949707], 9: [0.3152850270271301, 0.3152850270271301, 2.009999990463257], 10: [0.3535533845424652, 0.3535533845424652, 1.9600000381469727], 11: [0.34234482049942017, 0.34234482049942017, 1.9953553676605225], 12: [0.44588038325309753, 0.0, 1.7100000381469727], 13: [0.5, 0.0, 1.7599999904632568], 14: [0.484148770570755, 0.0, 1.724644660949707], 15: [0.44588038325309753, 0.0, 2.009999990463257], 16: [0.5, 0.0, 1.9600000381469727], 17: [0.484148770570755, 0.0, 1.9953553676605225], 18: [0.3152850270271301, -0.3152850270271301, 1.7100000381469727], 19: [0.3535533845424652, -0.3535533845424652, 1.7599999904632568], 20: [0.34234482049942017, -0.34234482049942017, 1.724644660949707], 21: [0.3152850270271301, -0.3152850270271301, 2.009999990463257], 22: [0.3535533845424652, -0.3535533845424652, 1.9600000381469727], 23: [0.34234482049942017, -0.34234482049942017, 1.9953553676605225], 24: [0.0, -0.44588038325309753, 1.7100000381469727], 25: [0.0, -0.5, 1.7599999904632568], 26: [0.0, -0.484148770570755, 1.724644660949707], 27: [0.0, -0.5, 1.9600000381469727], 28: [0.0, -0.44588038325309753, 2.009999990463257], 29: [0.0, -0.484148770570755, 1.9953553676605225], 30: [0.4000000059604645, -0.0599999874830246, 2.0], 31: [0.4000000059604645, -0.09999998658895493, 1.9560370445251465], 32: [0.4000000059604645, -0.08828424662351608, 1.9871234893798828], 33: [1.0493002911005078e-08, -0.09999997913837433, -1.9592653512954712], 34: [1.1175872671742582e-08, -0.059999980032444, -2.0], 35: [1.0943040251731873e-08, -0.08828425407409668, -1.98806893825531], 36: [0.7497791647911072, -0.09999997913837433, -1.810126781463623], 37: [0.7653669118881226, -0.059999980032444, -1.8477590084075928], 38: [0.760801374912262, -0.08828425407409668, -1.836736798286438], 39: [1.3854153156280518, -0.09999997913837433, -1.3854153156280518], 40: [1.4142134189605713, -0.059999980032444, -1.4142135381698608], 41: [1.4057786464691162, -0.08828425407409668, -1.4057786464691162], 42: [1.8101420402526855, -0.09999997913837433, -0.7497854828834534], 43: [1.8477588891983032, -0.059999980032444, -0.7653669118881226], 44: [1.8367410898208618, -0.08828425407409668, -0.76080322265625], 45: [1.9592996835708618, -0.10000000149011612, 3.239046364456044e-08], 46: [1.9999998807907104, -0.06000000238418579, 3.3527612686157227e-08], 47: [1.9880790710449219, -0.08828426897525787, 3.3120159059762955e-08], 48: [1.8101776838302612, -0.1000000387430191, 0.7498002648353577], 49: [1.8477588891983032, -0.060000039637088776, 0.7653669118881226], 50: [1.8367516994476318, -0.08828431367874146, 0.7608075737953186], 51: [1.385472059249878, -0.10000009834766388, 1.3854721784591675], 52: [1.4142134189605713, -0.06000009924173355, 1.4142135381698608], 53: [1.4057952165603638, -0.08828437328338623, 1.4057953357696533], 54: [0.7498282790184021, -0.10000009834766388, 1.8102455139160156], 55: [0.7653669118881226, -0.06000009924173355, 1.8477590084075928], 56: [0.7608157396316528, -0.08828437328338623, 1.8367714881896973], 57: [0.4000000059604645, -0.09999998658895493, 1.8448739051818848], 58: [0.4000000059604645, -0.0599999874830246, 1.7999999523162842], 59: [0.4000000059604645, -0.08828425407409668, 1.813143253326416], 60: [7.823107495141812e-09, -0.059999991208314896, -1.7999999523162842], 61: [8.381903171539307e-09, -0.09999998658895493, -1.8407379388809204], 62: [7.916241884231567e-09, -0.08828426152467728, -1.811931848526001], 63: [0.6888301968574524, -0.0599999874830246, -1.6629830598831177], 64: [0.7044192552566528, -0.09999998658895493, -1.7006183862686157], 65: [0.6933961510658264, -0.08828425407409668, -1.6740062236785889], 66: [1.272792100906372, -0.0599999874830246, -1.272792100906372], 67: [1.3015929460525513, -0.09999998658895493, -1.3015929460525513], 68: [1.2812278270721436, -0.08828425407409668, -1.2812278270721436], 69: [1.6629829406738281, -0.0599999874830246, -0.6888301968574524], 70: [1.70060396194458, -0.09999998658895493, -0.7044132947921753], 71: [1.674001932144165, -0.08828425407409668, -0.6933944225311279], 72: [1.7999998331069946, -0.06000000983476639, 2.7939677238464355e-08], 73: [1.8407055139541626, -0.10000000894069672, 2.9076982599463008e-08], 74: [1.8119221925735474, -0.08828428387641907, 2.828892320394516e-08], 75: [1.6629829406738281, -0.060000039637088776, 0.6888301968574524], 76: [1.7005705833435059, -0.1000000387430191, 0.7043995261192322], 77: [1.6739921569824219, -0.08828431367874146, 0.6933903694152832], 78: [1.272792100906372, -0.060000091791152954, 1.272792100906372], 79: [1.3015398979187012, -0.10000009089708328, 1.3015398979187012], 80: [1.2812120914459229, -0.08828435838222504, 1.2812120914459229], 81: [0.6888301968574524, -0.060000091791152954, 1.6629830598831177], 82: [0.7043733596801758, -0.10000009089708328, 1.7005075216293335], 83: [0.6933826804161072, -0.08828435838222504, 1.6739736795425415], 84: [0.6888301968574524, 0.060000017285346985, -1.6629830598831177], 85: [0.7044192552566528, 0.10000001639127731, -1.7006183862686157], 86: [0.6933961510658264, 0.08828428387641907, -1.6740062236785889], 87: [0.4000000059604645, 0.10000001639127731, 1.9560370445251465], 88: [0.4000000059604645, 0.06000002101063728, 2.0], 89: [0.4000000059604645, 0.08828429132699966, 1.9871234893798828], 90: [0.7498282790184021, 0.09999989718198776, 1.8102455139160156], 91: [0.7653669118881226, 0.059999898076057434, 1.8477590084075928], 92: [0.7608157396316528, 0.08828416466712952, 1.8367714881896973], 93: [1.385472059249878, 0.09999989718198776, 1.3854721784591675], 94: [1.4142134189605713, 0.059999898076057434, 1.4142135381698608], 95: [1.4057952165603638, 0.08828416466712952, 1.4057953357696533], 96: [1.8101776838302612, 0.09999995678663254, 0.7498002648353577], 97: [1.8477588891983032, 0.05999995768070221, 0.7653669118881226], 98: [1.8367515802383423, 0.08828422427177429, 0.7608075737953186], 99: [1.9592996835708618, 0.10000000149011612, 3.239046364456044e-08], 100: [1.9999998807907104, 0.06000000238418579, 3.3527612686157227e-08], 101: [1.9880790710449219, 0.08828426897525787, 3.3120159059762955e-08], 102: [1.8101420402526855, 0.10000001639127731, -0.7497854828834534], 103: [1.8477588891983032, 0.060000017285346985, -0.7653669118881226], 104: [1.8367410898208618, 0.08828428387641907, -0.76080322265625], 105: [1.3854153156280518, 0.10000001639127731, -1.3854153156280518], 106: [1.4142134189605713, 0.060000017285346985, -1.4142135381698608], 107: [1.4057786464691162, 0.08828428387641907, -1.4057786464691162], 108: [1.1175872671742582e-08, 0.060000017285346985, -2.0], 109: [1.0710209608078003e-08, 0.10000001639127731, -1.9592653512954712], 110: [1.1059455573558807e-08, 0.08828428387641907, -1.98806893825531], 111: [0.7497791647911072, 0.10000001639127731, -1.810126781463623], 112: [0.7653669118881226, 0.060000017285346985, -1.8477590084075928], 113: [0.760801374912262, 0.08828428387641907, -1.836736798286438], 114: [8.506030546584498e-09, 0.10000001639127731, -1.8407378196716309], 115: [7.823107495141812e-09, 0.060000017285346985, -1.7999999523162842], 116: [8.032657206058502e-09, 0.08828428387641907, -1.8119317293167114], 117: [1.3015929460525513, 0.10000001639127731, -1.3015929460525513], 118: [1.272792100906372, 0.060000017285346985, -1.272792100906372], 119: [1.2812278270721436, 0.08828428387641907, -1.2812278270721436], 120: [1.6629829406738281, 0.060000017285346985, -0.6888301968574524], 121: [1.70060396194458, 0.10000001639127731, -0.7044132947921753], 122: [1.674001932144165, 0.08828428387641907, -0.6933944225311279], 123: [1.8407055139541626, 0.10000000149011612, 2.9076982599463008e-08], 124: [1.7999998331069946, 0.06000000238418579, 2.7939677238464355e-08], 125: [1.8119221925735474, 0.08828426897525787, 2.828892320394516e-08], 126: [1.6629829406738281, 0.05999995768070221, 0.6888301968574524], 127: [1.7005705833435059, 0.09999995678663254, 0.7043995261192322], 128: [1.6739921569824219, 0.08828422427177429, 0.6933903694152832], 129: [1.272792100906372, 0.05999991297721863, 1.272792100906372], 130: [1.3015398979187012, 0.09999991208314896, 1.3015398979187012], 131: [1.2812120914459229, 0.08828417956829071, 1.2812120914459229], 132: [0.7043733596801758, 0.09999991208314896, 1.7005075216293335], 133: [0.6888301968574524, 0.05999991297721863, 1.6629830598831177], 134: [0.6933826804161072, 0.08828417956829071, 1.6739736795425415], 135: [0.4000000059604645, 0.060000013560056686, 1.7999999523162842], 136: [0.4000000059604645, 0.10000001639127731, 1.8448739051818848], 137: [0.4000000059604645, 0.08828428387641907, 1.813143253326416]}, 'faces': {0: [1.9238793849945068, -2.0489096641540527e-08, 0.3826834559440613], 1: [1.6309860944747925, -7.078051567077637e-08, 1.0897902250289917], 2: [1.0897901058197021, -1.0058283805847168e-07, 1.6309863328933716], 3: [0.5444151163101196, -3.818422555923462e-08, 1.7314915657043457], 4: [0.3826834559440613, 1.862645149230957e-08, -1.9238795042037964], 5: [1.0897901058197021, 1.862645149230957e-08, -1.630986213684082], 6: [1.630986213684082, 1.862645149230957e-08, -1.0897902250289917], 7: [1.9238793849945068, 9.313225746154785e-09, -0.3826834261417389], 8: [0.2152900993824005, -5.9604645663569045e-09, 2.009999990463257], 9: [0.4267767071723938, -0.1767766922712326, 1.8600001335144043], 10: [0.1767766922712326, -0.4267767071723938, 1.8600001335144043], 11: [1.5494384765625, 0.10000001639127731, -1.035301685333252], 12: [0.1767766922712326, 0.4267767071723938, 1.8600001335144043], 13: [0.4267767071723938, 0.1767766922712326, 1.8600001335144043], 14: [0.17397454380989075, 0.4200117588043213, 1.742322325706482], 15: [0.16440746188163757, 0.3969147801399231, 1.7173223495483398], 16: [0.17397454380989075, 0.4200117588043213, 1.977677822113037], 17: [0.16440746188163757, 0.3969147801399231, 2.0026776790618896], 18: [0.4200117588043213, 0.17397454380989075, 1.742322325706482], 19: [0.3969147801399231, 0.16440746188163757, 1.7173223495483398], 20: [0.4200117588043213, 0.17397454380989075, 1.977677822113037], 21: [0.3969147801399231, 0.16440746188163757, 2.0026776790618896], 22: [0.4200117588043213, -0.17397454380989075, 1.742322325706482], 23: [0.3969147801399231, -0.16440746188163757, 1.7173223495483398], 24: [0.4200117588043213, -0.17397454380989075, 1.977677822113037], 25: [0.3969147801399231, -0.16440746188163757, 2.0026776790618896], 26: [0.17397454380989075, -0.4200117588043213, 1.742322325706482], 27: [0.16440746188163757, -0.3969147801399231, 1.7173223495483398], 28: [0.17397454380989075, -0.4200117588043213, 1.977677822113037], 29: [0.16440746188163757, -0.3969147801399231, 2.0026776790618896], 30: [0.21529006958007812, 0.0, 1.7100000381469727], 31: [1.8276877403259277, 0.10000000894069672, -0.36354967951774597], 32: [1.8276883363723755, 0.09999997913837433, 0.36354994773864746], 33: [1.5494400262832642, 0.09999993443489075, 1.035302996635437], 34: [1.0353033542633057, 0.09999990463256836, 1.5494413375854492], 35: [0.5635504126548767, 0.09999995678663254, 1.8279160261154175], 36: [0.3635495901107788, 0.10000001639127731, -1.8276870250701904], 37: [1.035301685333252, 0.10000001639127731, -1.5494383573532104], 38: [0.5635504126548767, -0.1000000461935997, 1.8279160261154175], 39: [0.3635495901107788, -0.09999997913837433, -1.82768714427948], 40: [0.3444150984287262, 1.4901161193847656e-08, -1.7314915657043457], 41: [0.9808111190795898, 1.4901161193847656e-08, -1.4678876399993896], 42: [1.035301685333252, -0.09999997913837433, -1.549438238143921], 43: [1.4678875207901, 1.4901161193847656e-08, -0.9808111190795898], 44: [1.5494385957717896, -0.09999997913837433, -1.0353018045425415], 45: [1.7314913272857666, 5.587935447692871e-09, -0.3444150984287262], 46: [1.8276877403259277, -0.09999998658895493, -0.36354970932006836], 47: [1.7314913272857666, -2.2351741790771484e-08, 0.3444150984287262], 48: [1.827688455581665, -0.10000002384185791, 0.36354994773864746], 49: [1.4678874015808105, -6.51925802230835e-08, 0.9808111190795898], 50: [1.5494401454925537, -0.10000006854534149, 1.035302996635437], 51: [0.9808111190795898, -8.940696716308594e-08, 1.4678876399993896], 52: [1.0353033542633057, -0.10000009834766388, 1.5494413375854492], 53: [0.3815420866012573, -0.07414211332798004, -1.9181411266326904], 54: [0.3776451349258423, -0.09414210915565491, -1.8985494375228882], 55: [1.0865399837493896, -0.07414211332798004, -1.626121997833252], 56: [1.0754436254501343, -0.09414210915565491, -1.6095144748687744], 57: [1.626123070716858, -0.07414211332798004, -1.0865405797958374], 58: [1.609519362449646, -0.09414210915565491, -1.0754456520080566], 59: [1.918144702911377, -0.07414212822914124, -0.38154250383377075], 60: [1.898565411567688, -0.0941421240568161, -0.37764716148376465], 61: [1.918147325515747, -0.07414215803146362, 0.3815436363220215], 62: [1.898577094078064, -0.09414215385913849, 0.37765198945999146], 63: [1.6261298656463623, -0.0741422027349472, 1.0865458250045776], 64: [1.6095492839813232, -0.09414219856262207, 1.0754687786102295], 65: [1.0865477323532104, -0.07414223253726959, 1.6261347532272339], 66: [1.0754778385162354, -0.09414222836494446, 1.609571099281311], 67: [0.5815456509590149, -0.07414218038320541, 1.9179134368896484], 68: [0.5776610374450684, -0.09414217621088028, 1.8975443840026855], 69: [0.349453866481781, -0.0941421240568161, -1.7568235397338867], 70: [0.3455565869808197, -0.07414212077856064, -1.7372303009033203], 71: [0.9951590299606323, -0.0941421240568161, -1.48936128616333], 72: [0.9840615391731262, -0.07414212077856064, -1.472752332687378], 73: [1.489356517791748, -0.0941421240568161, -0.9951571226119995], 74: [1.4727511405944824, -0.07414212077856064, -0.9840611219406128], 75: [1.7568082809448242, -0.0941421315073967, -0.3494519293308258], 76: [1.7372267246246338, -0.07414213567972183, -0.3455561399459839], 77: [1.7567975521087646, -0.09414216130971909, 0.34944748878479004], 78: [1.7372242212295532, -0.07414215803146362, 0.3455551266670227], 79: [1.4893286228179932, -0.09414219856262207, 0.995135486125946], 80: [1.4727447032928467, -0.0741422027349472, 0.9840561747550964], 81: [0.9951270222663879, -0.09414222836494446, 1.48930823802948], 82: [0.9840542674064636, -0.074142225086689, 1.4727401733398438], 83: [0.549439013004303, -0.09414216876029968, 1.758124589920044], 84: [0.5455532670021057, -0.07414217293262482, 1.7375249862670898], 85: [0.9840542674064636, 0.07414204627275467, 1.4727402925491333], 86: [0.9951270222663879, 0.09414204210042953, 1.4893083572387695], 87: [1.7372267246246338, 0.07414214313030243, -0.3455561399459839], 88: [1.7568084001541138, 0.0941421389579773, -0.3494519293308258], 89: [1.4727447032928467, 0.07414206862449646, 0.9840561747550964], 90: [1.4893287420272827, 0.09414206445217133, 0.995135486125946], 91: [0.9840615391731262, 0.07414215058088303, -1.472752332687378], 92: [0.9951590299606323, 0.09414215385913849, -1.48936128616333], 93: [0.3455565869808197, 0.07414215058088303, -1.7372303009033203], 94: [0.349453866481781, 0.09414215385913849, -1.7568235397338867], 95: [0.5776610374450684, 0.09414208680391312, 1.8975443840026855], 96: [0.5815456509590149, 0.07414209097623825, 1.9179134368896484], 97: [1.0754778385162354, 0.09414202719926834, 1.609571099281311], 98: [1.0865478515625, 0.07414203137159348, 1.6261348724365234], 99: [1.6095490455627441, 0.09414205700159073, 1.0754687786102295], 100: [1.6261298656463623, 0.07414206117391586, 1.0865458250045776], 101: [1.8985769748687744, 0.0941421166062355, 0.37765198945999146], 102: [1.918147325515747, 0.07414211332798004, 0.3815436363220215], 103: [1.898565411567688, 0.0941421389579773, -0.37764716148376465], 104: [1.918144702911377, 0.07414214313030243, -0.38154250383377075], 105: [1.6095192432403564, 0.09414214640855789, -1.0754456520080566], 106: [1.626123070716858, 0.07414215058088303, -1.0865405797958374], 107: [1.0754436254501343, 0.09414214640855789, -1.6095144748687744], 108: [1.0865399837493896, 0.07414215058088303, -1.6261221170425415], 109: [0.3776451349258423, 0.09414214640855789, -1.8985494375228882], 110: [0.3815420866012573, 0.07414215058088303, -1.9181411266326904], 111: [1.7372242212295532, 0.07414211332798004, 0.3455551266670227], 112: [1.7567975521087646, 0.0941421166062355, 0.34944748878479004], 113: [1.4727511405944824, 0.07414215058088303, -0.9840611219406128], 114: [1.4893566370010376, 0.09414215385913849, -0.9951571226119995], 115: [0.5455532670021057, 0.07414209842681885, 1.7375249862670898], 116: [0.549439013004303, 0.09414210170507431, 1.758124589920044], 117: [0.5826834440231323, -4.190951585769653e-08, 1.923879623413086]}, 'editMode': True}, 'Circle', {'tolerance': 10}]
['Toggle Edit Mode', {'editMode': False}, 'Circle', {'tolerance': 10}]
['Add Modifier', {'type': 'SUBSURF', 'editMode': False}, 'Circle', {'tolerance': 10}]
[' bpy context object modifiers', {'group': 'Subdivision', 'levels': '2', 'editMode': False}, 'Circle', {'tolerance': 10}]
['Move', {'value': (0, 0, 1.1), 'orient_axis_ortho': 'X', 'newlocation': [0.0, 0.0, 1.100000023841858], 'editMode': False}, 'Circle', {'tolerance': 10}]
['Shade Smooth', {'editMode': False}, 'Circle', {'tolerance': 10}]
