['Toggle Edit Mode', {'vertices': {0: [1.0, 1.0, 1.0], 1: [1.0, 1.0, -1.0], 2: [1.0, -1.0, 1.0], 3: [1.0, -1.0, -1.0], 4: [-1.0, 1.0, 1.0], 5: [-1.0, 1.0, -1.0], 6: [-1.0, -1.0, 1.0], 7: [-1.0, -1.0, -1.0]}, 'faces': {0: [0.0, 0.0, 1.0], 1: [0.0, -1.0, 0.0], 2: [-1.0, 0.0, 0.0], 3: [0.0, 0.0, -1.0], 4: [1.0, 0.0, 0.0], 5: [0.0, 1.0, 0.0]}, 'editMode': True}, 'Cube', {'tolerance': 10}]
['Select Mode', {'use_extend': False, 'use_expand': False, 'vertices': {0: [1.0, 1.0, 1.0], 1: [1.0, 1.0, -1.0], 2: [1.0, -1.0, 1.0], 3: [1.0, -1.0, -1.0], 4: [-1.0, 1.0, 1.0], 5: [-1.0, 1.0, -1.0], 6: [-1.0, -1.0, 1.0], 7: [-1.0, -1.0, -1.0]}, 'faces': {0: [0.0, 0.0, 1.0], 1: [0.0, -1.0, 0.0], 2: [-1.0, 0.0, 0.0], 3: [0.0, 0.0, -1.0], 4: [1.0, 0.0, 0.0], 5: [0.0, 1.0, 0.0]}, 'editMode': True}, 'Cube', {'tolerance': 10}]
['Bevel', {'offset': 1.75, 'offset_pct': 0, 'newVertices': [8, 9], 'newFaces': [6], 'vertices': {0: [1.0, 1.0, 1.0], 1: [1.0, 1.0, -1.0], 2: [1.0, -1.0, -1.0], 3: [-1.0, 1.0, 1.0], 4: [-1.0, 1.0, -1.0], 5: [-1.0, -1.0, -1.0], 6: [1.0, 0.75, 1.0], 7: [1.0, -1.0, -0.75], 8: [-1.0, -1.0, -0.75], 9: [-1.0, 0.75, 1.0]}, 'faces': {0: [-1.0, 0.15000000596046448, -0.15000000596046448], 1: [0.0, 0.875, 1.0], 2: [0.0, 0.0, -1.0], 3: [0.0, -1.0, -0.875], 4: [0.0, 1.0, 0.0], 5: [0.0, -0.125, 0.125], 6: [1.0, 0.15000000596046448, -0.15000000596046448]}, 'editMode': True}, 'Cube', {'tolerance': 10}]
['Bevel', {'offset': 1.75, 'offset_pct': 0, 'newVertices': [10, 11, 12, 13, 14, 15, 16, 17, 18, 19, 20, 21, 22, 23, 24, 25, 26, 27, 28, 29, 30, 31, 32, 33, 34, 35, 36, 37, 38, 39], 'newFaces': [7, 8, 9, 10, 11, 12, 13, 14, 15, 16, 17, 18, 19, 20, 21], 'vertices': {0: [1.0, 1.0, 1.0], 1: [1.0, 1.0, -1.0], 2: [1.0, -1.0, -1.0], 3: [-1.0, 1.0, 1.0], 4: [-1.0, 1.0, -1.0], 5: [-1.0, -1.0, -1.0], 6: [1.0, 0.75, 1.0], 7: [1.0, -1.0, -0.75], 8: [1.0, 0.57846999168396, 0.9915732145309448], 9: [1.0, 0.4085919260978699, 0.9663741588592529], 10: [1.0, 0.24200183153152466, 0.9246456623077393], 11: [1.0, 0.08030402660369873, 0.8667891025543213], 12: [1.0, -0.07494431734085083, 0.7933622598648071], 13: [1.0, -0.22224795818328857, 0.7050718069076538], 14: [1.0, -0.36018824577331543, 0.6027683019638062], 15: [1.0, -0.4874368906021118, 0.4874368906021118], 16: [1.0, -0.6027683019638062, 0.36018824577331543], 17: [1.0, -0.7050718069076538, 0.22224795818328857], 18: [1.0, -0.7933622598648071, 0.07494431734085083], 19: [1.0, -0.8667891025543213, -0.08030402660369873], 20: [1.0, -0.9246456623077393, -0.24200183153152466], 21: [1.0, -0.9663741588592529, -0.4085919260978699], 22: [1.0, -0.9915732145309448, -0.57846999168396], 23: [-1.0, -1.0, -0.75], 24: [-1.0, 0.75, 1.0], 25: [-1.0, -0.9915732145309448, -0.57846999168396], 26: [-1.0, -0.9663741588592529, -0.4085919260978699], 27: [-1.0, -0.9246456623077393, -0.24200183153152466], 28: [-1.0, -0.8667891025543213, -0.08030402660369873], 29: [-1.0, -0.7933622598648071, 0.07494431734085083], 30: [-1.0, -0.7050718069076538, 0.22224795818328857], 31: [-1.0, -0.6027683019638062, 0.36018824577331543], 32: [-1.0, -0.4874368906021118, 0.4874368906021118], 33: [-1.0, -0.36018824577331543, 0.6027683019638062], 34: [-1.0, -0.22224795818328857, 0.7050718069076538], 35: [-1.0, -0.07494431734085083, 0.7933622598648071], 36: [-1.0, 0.08030402660369873, 0.8667891025543213], 37: [-1.0, 0.24200183153152466, 0.9246456623077393], 38: [-1.0, 0.4085919260978699, 0.9663741588592529], 39: [-1.0, 0.57846999168396, 0.9915732145309448]}, 'faces': {0: [-1.0, -0.2468017190694809, 0.2468017190694809], 1: [0.0, 0.875, 1.0], 2: [0.0, 0.0, -1.0], 3: [0.0, -1.0, -0.875], 4: [0.0, 1.0, 0.0], 5: [0.0, 0.66423499584198, 0.9957866668701172], 6: [0.0, 0.4935309886932373, 0.9789736866950989], 7: [0.0, 0.32529687881469727, 0.9455099105834961], 8: [0.0, 0.1611529290676117, 0.8957173824310303], 9: [0.0, 0.00267985463142395, 0.8300756216049194], 10: [0.0, -0.1485961377620697, 0.7492170333862305], 11: [0.0, -0.291218101978302, 0.65392005443573], 12: [0.0, -0.4238125681877136, 0.545102596282959], 13: [0.0, -0.545102596282959, 0.4238125681877136], 14: [0.0, -0.65392005443573, 0.291218101978302], 15: [0.0, -0.7492170333862305, 0.1485961377620697], 16: [0.0, -0.8300756812095642, -0.00267985463142395], 17: [0.0, -0.8957173824310303, -0.1611529290676117], 18: [0.0, -0.9455099105834961, -0.32529687881469727], 19: [0.0, -0.9789737462997437, -0.4935309588909149], 20: [0.0, -0.9957866072654724, -0.66423499584198], 21: [1.0, -0.2468017190694809, 0.2468017190694809]}, 'editMode': True}, 'Cube', {'tolerance': 10}]
['Bevel', {'offset': 1.75, 'profile_type': 'CUSTOM', 'selectedVertices': [8, 9, 10, 11, 12, 13, 14, 15, 16, 17, 18, 19, 20, 21, 22, 25, 26, 27, 28, 29, 30, 31, 32, 33, 34, 35, 36, 37, 38, 39], 'vertices': {0: [1.0, 1.0, 1.0], 1: [1.0, 1.0, -1.0], 2: [1.0, -1.0, -1.0], 3: [-1.0, 1.0, 1.0], 4: [-1.0, 1.0, -1.0], 5: [-1.0, -1.0, -1.0], 6: [1.0, 0.75, 1.0], 7: [1.0, -1.0, -0.75], 8: [1.0, 0.6252613663673401, 0.875261664390564], 9: [1.0, 0.5066683292388916, 0.7566685676574707], 10: [1.0, 0.3933427035808563, 0.6433429718017578], 11: [1.0, 0.2844066917896271, 0.5344069004058838], 12: [1.0, 0.17898231744766235, 0.4289824962615967], 13: [1.0, 0.07619166374206543, 0.326191782951355], 14: [1.0, -0.024843156337738037, 0.2251569628715515], 15: [1.0, -0.12500011920928955, 0.125], 16: [1.0, -0.2251569628715515, 0.02484309673309326], 17: [1.0, -0.326191782951355, -0.07619178295135498], 18: [1.0, -0.4289824962615967, -0.1789824366569519], 19: [1.0, -0.5344069004058838, -0.28440678119659424], 20: [1.0, -0.6433429718017578, -0.39334285259246826], 21: [1.0, -0.7566685676574707, -0.5066684484481812], 22: [1.0, -0.8752615451812744, -0.6252615451812744], 23: [-1.0, -1.0, -0.75], 24: [-1.0, 0.75, 1.0], 25: [-1.0, -0.8752615451812744, -0.6252615451812744], 26: [-1.0, -0.7566685676574707, -0.5066684484481812], 27: [-1.0, -0.6433429718017578, -0.39334285259246826], 28: [-1.0, -0.5344069004058838, -0.28440678119659424], 29: [-1.0, -0.4289824962615967, -0.1789824366569519], 30: [-1.0, -0.326191782951355, -0.07619178295135498], 31: [-1.0, -0.2251569628715515, 0.02484309673309326], 32: [-1.0, -0.12500011920928955, 0.125], 33: [-1.0, -0.024843156337738037, 0.2251569628715515], 34: [-1.0, 0.07619166374206543, 0.326191782951355], 35: [-1.0, 0.17898231744766235, 0.4289824962615967], 36: [-1.0, 0.2844066917896271, 0.5344069004058838], 37: [-1.0, 0.3933427035808563, 0.6433429718017578], 38: [-1.0, 0.5066683292388916, 0.7566685676574707], 39: [-1.0, 0.6252613663673401, 0.875261664390564]}, 'faces': {0: [-1.0, -0.05625009536743164, 0.05625004693865776], 1: [0.0, 0.875, 1.0], 2: [0.0, 0.0, -1.0], 3: [0.0, -1.0, -0.875], 4: [0.0, 1.0, 0.0], 5: [0.0, 0.6876306533813477, 0.9376308917999268], 6: [0.0, 0.5659648180007935, 0.8159651160240173], 7: [0.0, 0.45000553131103516, 0.7000057697296143], 8: [0.0, 0.3388746976852417, 0.5888749361038208], 9: [0.0, 0.23169450461864471, 0.48169469833374023], 10: [0.0, 0.1275869905948639, 0.37758713960647583], 11: [0.0, 0.025674253702163696, 0.27567437291145325], 12: [0.0, -0.0749216377735138, 0.17507848143577576], 13: [0.0, -0.17507854104042053, 0.07492154836654663], 14: [0.0, -0.27567437291145325, -0.02567434310913086], 15: [0.0, -0.37758713960647583, -0.12758710980415344], 16: [0.0, -0.48169469833374023, -0.23169460892677307], 17: [0.0, -0.5888749361038208, -0.33887481689453125], 18: [0.0, -0.7000057697296143, -0.4500056505203247], 19: [0.0, -0.8159650564193726, -0.5659649968147278], 20: [0.0, -0.9376307725906372, -0.6876307725906372], 21: [1.0, -0.056250084191560745, 0.056250035762786865]}, 'editMode': True}, 'Cube', {'tolerance': 10}]
[' bpy data window_managers', {'group': 'WinMan', '(null)': "'CUSTOM'", 'editMode': True}, 'Cube', {'tolerance': 10}]
['Bevel', {'offset': 1.75, 'profile_type': 'CUSTOM', 'selectedVertices': [8, 9, 10, 11, 12, 13, 14, 15, 16, 17, 18, 19, 20, 21, 22, 25, 26, 27, 28, 29, 30, 31, 32, 33, 34, 35, 36, 37, 38, 39], 'vertices': {0: [1.0, 1.0, 1.0], 1: [1.0, 1.0, -1.0], 2: [1.0, -1.0, -1.0], 3: [-1.0, 1.0, 1.0], 4: [-1.0, 1.0, -1.0], 5: [-1.0, -1.0, -1.0], 6: [1.0, 0.75, 1.0], 7: [1.0, -1.0, -0.75], 8: [1.0, 0.75, 0.78125], 9: [1.0, 0.53125, 0.78125], 10: [1.0, 0.53125, 0.5625], 11: [1.0, 0.3125, 0.5625], 12: [1.0, 0.3125, 0.34375], 13: [1.0, 0.09375, 0.34375], 14: [1.0, 0.09375, 0.125], 15: [1.0, -0.125, 0.125], 16: [1.0, -0.125, -0.09375], 17: [1.0, -0.34375, -0.09375], 18: [1.0, -0.34375, -0.3125], 19: [1.0, -0.5625, -0.3125], 20: [1.0, -0.5625, -0.53125], 21: [1.0, -0.78125, -0.53125], 22: [1.0, -0.78125, -0.75], 23: [-1.0, -1.0, -0.75], 24: [-1.0, 0.75, 1.0], 25: [-1.0, -0.78125, -0.75], 26: [-1.0, -0.78125, -0.53125], 27: [-1.0, -0.5625, -0.53125], 28: [-1.0, -0.5625, -0.3125], 29: [-1.0, -0.34375, -0.3125], 30: [-1.0, -0.34375, -0.09375], 31: [-1.0, -0.125, -0.09375], 32: [-1.0, -0.125, 0.125], 33: [-1.0, 0.09375, 0.125], 34: [-1.0, 0.09375, 0.34375], 35: [-1.0, 0.3125, 0.34375], 36: [-1.0, 0.3125, 0.5625], 37: [-1.0, 0.53125, 0.5625], 38: [-1.0, 0.53125, 0.78125], 39: [-1.0, 0.75, 0.78125]}, 'faces': {0: [-1.0, -0.012500000186264515, 0.012500000186264515], 1: [0.0, 0.875, 1.0], 2: [0.0, 0.0, -1.0], 3: [0.0, -1.0, -0.875], 4: [0.0, 1.0, 0.0], 5: [0.0, 0.75, 0.890625], 6: [0.0, 0.640625, 0.78125], 7: [0.0, 0.53125, 0.671875], 8: [0.0, 0.421875, 0.5625], 9: [0.0, 0.3125, 0.453125], 10: [0.0, 0.203125, 0.34375], 11: [0.0, 0.09375, 0.234375], 12: [0.0, -0.015625, 0.125], 13: [0.0, -0.125, 0.015625], 14: [0.0, -0.234375, -0.09375], 15: [0.0, -0.34375, -0.203125], 16: [0.0, -0.453125, -0.3125], 17: [0.0, -0.5625, -0.421875], 18: [0.0, -0.671875, -0.53125], 19: [0.0, -0.78125, -0.640625], 20: [0.0, -0.890625, -0.75], 21: [1.0, -0.012500000186264515, 0.012500000186264515]}, 'editMode': True}, 'Cube', {'tolerance': 10}]
['Bevel', {'offset': 1.8, 'offset_pct': 0, 'newVertices': [40, 41, 42, 43, 44, 45, 46, 47, 48, 49, 50, 51, 52, 53, 54, 55, 56, 57, 58, 59, 60, 61, 62, 63, 64, 65, 66, 67, 68, 69, 70, 71], 'newFaces': [22, 23, 24, 25, 26, 27, 28, 29, 30, 31, 32, 33, 34, 35, 36, 37], 'vertices': {0: [1.0, 1.0, 1.0], 1: [1.0, -1.0, -1.0], 2: [-1.0, 1.0, 1.0], 3: [-1.0, -1.0, -1.0], 4: [1.0, 0.75, 1.0], 5: [1.0, -1.0, -0.75], 6: [1.0, 0.75, 0.78125], 7: [1.0, 0.53125, 0.78125], 8: [1.0, 0.53125, 0.5625], 9: [1.0, 0.3125, 0.5625], 10: [1.0, 0.3125, 0.34375], 11: [1.0, 0.09375, 0.34375], 12: [1.0, 0.09375, 0.125], 13: [1.0, -0.125, 0.125], 14: [1.0, -0.125, -0.09375], 15: [1.0, -0.34375, -0.09375], 16: [1.0, -0.34375, -0.3125], 17: [1.0, -0.5625, -0.3125], 18: [1.0, -0.5625, -0.53125], 19: [1.0, -0.78125, -0.53125], 20: [1.0, -0.78125, -0.75], 21: [-1.0, -1.0, -0.75], 22: [-1.0, 0.75, 1.0], 23: [-1.0, -0.78125, -0.75], 24: [-1.0, -0.78125, -0.53125], 25: [-1.0, -0.5625, -0.53125], 26: [-1.0, -0.5625, -0.3125], 27: [-1.0, -0.34375, -0.3125], 28: [-1.0, -0.34375, -0.09375], 29: [-1.0, -0.125, -0.09375], 30: [-1.0, -0.125, 0.125], 31: [-1.0, 0.09375, 0.125], 32: [-1.0, 0.09375, 0.34375], 33: [-1.0, 0.3125, 0.34375], 34: [-1.0, 0.3125, 0.5625], 35: [-1.0, 0.53125, 0.5625], 36: [-1.0, 0.53125, 0.78125], 37: [-1.0, 0.75, 0.78125], 38: [1.0, -0.7999999523162842, -1.0], 39: [1.0, 1.0, 0.7999999523162842], 40: [1.0, -0.7999999523162842, -0.7749999761581421], 41: [1.0, -0.5749999284744263, -0.7749999761581421], 42: [1.0, -0.5749999284744263, -0.5499999523162842], 43: [1.0, -0.34999996423721313, -0.5499999523162842], 44: [1.0, -0.34999996423721313, -0.3250000476837158], 45: [1.0, -0.125, -0.3250000476837158], 46: [1.0, -0.125, -0.10000002384185791], 47: [1.0, 0.10000002384185791, -0.10000002384185791], 48: [1.0, 0.10000002384185791, 0.125], 49: [1.0, 0.3250000476837158, 0.125], 50: [1.0, 0.3250000476837158, 0.34999996423721313], 51: [1.0, 0.5499999523162842, 0.34999996423721313], 52: [1.0, 0.5499999523162842, 0.5749999284744263], 53: [1.0, 0.7749999761581421, 0.5749999284744263], 54: [1.0, 0.7749999761581421, 0.7999999523162842], 55: [-1.0, 1.0, 0.7999999523162842], 56: [-1.0, -0.7999999523162842, -1.0], 57: [-1.0, 0.7749999761581421, 0.7999999523162842], 58: [-1.0, 0.7749999761581421, 0.5749999284744263], 59: [-1.0, 0.5499999523162842, 0.5749999284744263], 60: [-1.0, 0.5499999523162842, 0.34999996423721313], 61: [-1.0, 0.3250000476837158, 0.34999996423721313], 62: [-1.0, 0.3250000476837158, 0.125], 63: [-1.0, 0.10000002384185791, 0.125], 64: [-1.0, 0.10000002384185791, -0.10000002384185791], 65: [-1.0, -0.125, -0.10000002384185791], 66: [-1.0, -0.125, -0.3250000476837158], 67: [-1.0, -0.34999996423721313, -0.3250000476837158], 68: [-1.0, -0.34999996423721313, -0.5499999523162842], 69: [-1.0, -0.5749999284744263, -0.5499999523162842], 70: [-1.0, -0.5749999284744263, -0.7749999761581421], 71: [-1.0, -0.7999999523162842, -0.7749999761581421]}, 'faces': {0: [0.0, 0.875, 1.0], 1: [-1.0, -0.012499988079071045, 0.012499985285103321], 2: [0.0, -1.0, -0.875], 3: [1.0, -0.012499994598329067, 0.012499981559813023], 4: [0.0, 0.75, 0.890625], 5: [0.0, 0.640625, 0.78125], 6: [0.0, 0.53125, 0.671875], 7: [0.0, 0.421875, 0.5625], 8: [0.0, 0.3125, 0.453125], 9: [0.0, 0.203125, 0.34375], 10: [0.0, 0.09375, 0.234375], 11: [0.0, -0.015625, 0.125], 12: [0.0, -0.125, 0.015625], 13: [0.0, -0.234375, -0.09375], 14: [0.0, -0.34375, -0.203125], 15: [0.0, -0.453125, -0.3125], 16: [0.0, -0.5625, -0.421875], 17: [0.0, -0.671875, -0.53125], 18: [0.0, -0.78125, -0.640625], 19: [0.0, -0.890625, -0.75], 20: [0.0, -0.8999999761581421, -1.0], 21: [0.0, -0.7999999523162842, -0.8875000476837158], 22: [0.0, -0.6874998807907104, -0.7749999761581421], 23: [0.0, -0.5749999284744263, -0.6624999642372131], 24: [0.0, -0.4624999165534973, -0.5499999523162842], 25: [0.0, -0.34999996423721313, -0.4375], 26: [0.0, -0.23749998211860657, -0.3250000476837158], 27: [0.0, -0.125, -0.21250003576278687], 28: [0.0, -0.012499988079071045, -0.10000002384185791], 29: [0.0, 0.10000002384185791, 0.012499988079071045], 30: [0.0, 0.21250003576278687, 0.125], 31: [0.0, 0.3250000476837158, 0.23749998211860657], 32: [0.0, 0.4375, 0.34999996423721313], 33: [0.0, 0.5499999523162842, 0.4624999463558197], 34: [0.0, 0.6624999642372131, 0.5749999284744263], 35: [0.0, 0.7749999761581421, 0.6874999403953552], 36: [0.0, 0.887499988079071, 0.7999999523162842], 37: [0.0, 1.0, 0.8999999761581421]}, 'editMode': True}, 'Cube', {'tolerance': 10}]
['Bevel', {'offset': 1.8, 'offset_pct': 0, 'deletedVertices': [42, 43, 44, 45, 46, 47, 48, 49, 50, 51, 52, 53, 54, 55, 56, 57, 58, 59, 60, 61, 62, 63, 64, 65, 66, 67, 68, 69, 70, 71], 'deletedFaces': [23, 24, 25, 26, 27, 28, 29, 30, 31, 32, 33, 34, 35, 36, 37], 'vertices': {0: [1.0, 1.0, 1.0], 1: [1.0, -1.0, -1.0], 2: [-1.0, 1.0, 1.0], 3: [-1.0, -1.0, -1.0], 4: [1.0, 0.75, 1.0], 5: [1.0, -1.0, -0.75], 6: [1.0, 0.75, 0.78125], 7: [1.0, 0.53125, 0.78125], 8: [1.0, 0.53125, 0.5625], 9: [1.0, 0.3125, 0.5625], 10: [1.0, 0.3125, 0.34375], 11: [1.0, 0.09375, 0.34375], 12: [1.0, 0.09375, 0.125], 13: [1.0, -0.125, 0.125], 14: [1.0, -0.125, -0.09375], 15: [1.0, -0.34375, -0.09375], 16: [1.0, -0.34375, -0.3125], 17: [1.0, -0.5625, -0.3125], 18: [1.0, -0.5625, -0.53125], 19: [1.0, -0.78125, -0.53125], 20: [1.0, -0.78125, -0.75], 21: [-1.0, -1.0, -0.75], 22: [-1.0, 0.75, 1.0], 23: [-1.0, -0.78125, -0.75], 24: [-1.0, -0.78125, -0.53125], 25: [-1.0, -0.5625, -0.53125], 26: [-1.0, -0.5625, -0.3125], 27: [-1.0, -0.34375, -0.3125], 28: [-1.0, -0.34375, -0.09375], 29: [-1.0, -0.125, -0.09375], 30: [-1.0, -0.125, 0.125], 31: [-1.0, 0.09375, 0.125], 32: [-1.0, 0.09375, 0.34375], 33: [-1.0, 0.3125, 0.34375], 34: [-1.0, 0.3125, 0.5625], 35: [-1.0, 0.53125, 0.5625], 36: [-1.0, 0.53125, 0.78125], 37: [-1.0, 0.75, 0.78125], 38: [1.0, -0.7999999523162842, -1.0], 39: [1.0, 1.0, 0.7999999523162842], 40: [-1.0, 1.0, 0.7999999523162842], 41: [-1.0, -0.7999999523162842, -1.0]}, 'faces': {0: [0.0, 0.875, 1.0], 1: [-1.0, -0.04999999701976776, 0.04999999701976776], 2: [0.0, -1.0, -0.875], 3: [1.0, -0.05000000819563866, 0.05000000819563866], 4: [0.0, 0.75, 0.890625], 5: [0.0, 0.640625, 0.78125], 6: [0.0, 0.53125, 0.671875], 7: [0.0, 0.421875, 0.5625], 8: [0.0, 0.3125, 0.453125], 9: [0.0, 0.203125, 0.34375], 10: [0.0, 0.09375, 0.234375], 11: [0.0, -0.015625, 0.125], 12: [0.0, -0.125, 0.015625], 13: [0.0, -0.234375, -0.09375], 14: [0.0, -0.34375, -0.203125], 15: [0.0, -0.453125, -0.3125], 16: [0.0, -0.5625, -0.421875], 17: [0.0, -0.671875, -0.53125], 18: [0.0, -0.78125, -0.640625], 19: [0.0, -0.890625, -0.75], 20: [0.0, -0.8999999761581421, -1.0], 21: [0.0, 0.10000002384185791, -0.10000002384185791], 22: [0.0, 1.0, 0.8999999761581421]}, 'editMode': True}, 'Cube', {'tolerance': 10}]
['Select Mode', {'use_extend': False, 'use_expand': False, 'vertices': {0: [1.0, 1.0, 1.0], 1: [1.0, -1.0, -1.0], 2: [-1.0, 1.0, 1.0], 3: [-1.0, -1.0, -1.0], 4: [1.0, 0.75, 1.0], 5: [1.0, -1.0, -0.75], 6: [1.0, 0.75, 0.78125], 7: [1.0, 0.53125, 0.78125], 8: [1.0, 0.53125, 0.5625], 9: [1.0, 0.3125, 0.5625], 10: [1.0, 0.3125, 0.34375], 11: [1.0, 0.09375, 0.34375], 12: [1.0, 0.09375, 0.125], 13: [1.0, -0.125, 0.125], 14: [1.0, -0.125, -0.09375], 15: [1.0, -0.34375, -0.09375], 16: [1.0, -0.34375, -0.3125], 17: [1.0, -0.5625, -0.3125], 18: [1.0, -0.5625, -0.53125], 19: [1.0, -0.78125, -0.53125], 20: [1.0, -0.78125, -0.75], 21: [-1.0, -1.0, -0.75], 22: [-1.0, 0.75, 1.0], 23: [-1.0, -0.78125, -0.75], 24: [-1.0, -0.78125, -0.53125], 25: [-1.0, -0.5625, -0.53125], 26: [-1.0, -0.5625, -0.3125], 27: [-1.0, -0.34375, -0.3125], 28: [-1.0, -0.34375, -0.09375], 29: [-1.0, -0.125, -0.09375], 30: [-1.0, -0.125, 0.125], 31: [-1.0, 0.09375, 0.125], 32: [-1.0, 0.09375, 0.34375], 33: [-1.0, 0.3125, 0.34375], 34: [-1.0, 0.3125, 0.5625], 35: [-1.0, 0.53125, 0.5625], 36: [-1.0, 0.53125, 0.78125], 37: [-1.0, 0.75, 0.78125], 38: [1.0, -0.7999999523162842, -1.0], 39: [1.0, 1.0, 0.7999999523162842], 40: [-1.0, 1.0, 0.7999999523162842], 41: [-1.0, -0.7999999523162842, -1.0]}, 'faces': {0: [0.0, 0.875, 1.0], 1: [-1.0, -0.04999999701976776, 0.04999999701976776], 2: [0.0, -1.0, -0.875], 3: [1.0, -0.05000000819563866, 0.05000000819563866], 4: [0.0, 0.75, 0.890625], 5: [0.0, 0.640625, 0.78125], 6: [0.0, 0.53125, 0.671875], 7: [0.0, 0.421875, 0.5625], 8: [0.0, 0.3125, 0.453125], 9: [0.0, 0.203125, 0.34375], 10: [0.0, 0.09375, 0.234375], 11: [0.0, -0.015625, 0.125], 12: [0.0, -0.125, 0.015625], 13: [0.0, -0.234375, -0.09375], 14: [0.0, -0.34375, -0.203125], 15: [0.0, -0.453125, -0.3125], 16: [0.0, -0.5625, -0.421875], 17: [0.0, -0.671875, -0.53125], 18: [0.0, -0.78125, -0.640625], 19: [0.0, -0.890625, -0.75], 20: [0.0, -0.8999999761581421, -1.0], 21: [0.0, 0.10000002384185791, -0.10000002384185791], 22: [0.0, 1.0, 0.8999999761581421]}, 'editMode': True}, 'Cube', {'tolerance': 10}]
['Extrude Region and Move', {'use_normal_flip': False, 'use_dissolve_ortho_edges': False, 'value': (0, 0, 2), 'orient_axis_ortho': 'X', 'newVertices': [42, 43, 44, 45], 'newFaces': [23, 24, 25, 26], 'vertices': {0: [1.0, 1.0, 1.0], 1: [1.0, 3.0, 1.0], 2: [1.0, -1.0, -1.0], 3: [-1.0, 1.0, 1.0], 4: [-1.0, 3.0, 1.0], 5: [-1.0, -1.0, -1.0], 6: [1.0, 0.75, 1.0], 7: [1.0, -1.0, -0.75], 8: [1.0, 0.75, 0.78125], 9: [1.0, 0.53125, 0.78125], 10: [1.0, 0.53125, 0.5625], 11: [1.0, 0.3125, 0.5625], 12: [1.0, 0.3125, 0.34375], 13: [1.0, 0.09375, 0.34375], 14: [1.0, 0.09375, 0.125], 15: [1.0, -0.125, 0.125], 16: [1.0, -0.125, -0.09375], 17: [1.0, -0.34375, -0.09375], 18: [1.0, -0.34375, -0.3125], 19: [1.0, -0.5625, -0.3125], 20: [1.0, -0.5625, -0.53125], 21: [1.0, -0.78125, -0.53125], 22: [1.0, -0.78125, -0.75], 23: [-1.0, -1.0, -0.75], 24: [-1.0, 0.75, 1.0], 25: [-1.0, -0.78125, -0.75], 26: [-1.0, -0.78125, -0.53125], 27: [-1.0, -0.5625, -0.53125], 28: [-1.0, -0.5625, -0.3125], 29: [-1.0, -0.34375, -0.3125], 30: [-1.0, -0.34375, -0.09375], 31: [-1.0, -0.125, -0.09375], 32: [-1.0, -0.125, 0.125], 33: [-1.0, 0.09375, 0.125], 34: [-1.0, 0.09375, 0.34375], 35: [-1.0, 0.3125, 0.34375], 36: [-1.0, 0.3125, 0.5625], 37: [-1.0, 0.53125, 0.5625], 38: [-1.0, 0.53125, 0.78125], 39: [-1.0, 0.75, 0.78125], 40: [1.0, -0.7999999523162842, -1.0], 41: [1.0, 1.0, 0.7999999523162842], 42: [-1.0, 1.0, 0.7999999523162842], 43: [-1.0, -0.7999999523162842, -1.0], 44: [-1.0, 3.0, 0.7999999523162842], 45: [1.0, 3.0, 0.7999999523162842]}, 'faces': {0: [0.0, 3.0, 0.8999999761581421], 1: [0.0, 0.875, 1.0], 2: [-1.0, -0.04999999701976776, 0.04999999701976776], 3: [0.0, -1.0, -0.875], 4: [1.0, -0.05000000819563866, 0.05000000819563866], 5: [0.0, 0.75, 0.890625], 6: [0.0, 0.640625, 0.78125], 7: [0.0, 0.53125, 0.671875], 8: [0.0, 0.421875, 0.5625], 9: [0.0, 0.3125, 0.453125], 10: [0.0, 0.203125, 0.34375], 11: [0.0, 0.09375, 0.234375], 12: [0.0, -0.015625, 0.125], 13: [0.0, -0.125, 0.015625], 14: [0.0, -0.234375, -0.09375], 15: [0.0, -0.34375, -0.203125], 16: [0.0, -0.453125, -0.3125], 17: [0.0, -0.5625, -0.421875], 18: [0.0, -0.671875, -0.53125], 19: [0.0, -0.78125, -0.640625], 20: [0.0, -0.890625, -0.75], 21: [0.0, -0.8999999761581421, -1.0], 22: [0.0, 0.10000002384185791, -0.10000002384185791], 23: [-1.0, 2.0, 0.8999999761581421], 24: [0.0, 2.0, 1.0], 25: [1.0, 2.0, 0.8999999761581421], 26: [0.0, 2.0, 0.7999999523162842]}, 'editMode': True}, 'Cube', {'tolerance': 10}]
['(De)select All', {'action': 'SELECT', 'vertices': {0: [1.0, 1.0, 1.0], 1: [1.0, 3.0, 1.0], 2: [1.0, -1.0, -1.0], 3: [-1.0, 1.0, 1.0], 4: [-1.0, 3.0, 1.0], 5: [-1.0, -1.0, -1.0], 6: [1.0, 0.75, 1.0], 7: [1.0, -1.0, -0.75], 8: [1.0, 0.75, 0.78125], 9: [1.0, 0.53125, 0.78125], 10: [1.0, 0.53125, 0.5625], 11: [1.0, 0.3125, 0.5625], 12: [1.0, 0.3125, 0.34375], 13: [1.0, 0.09375, 0.34375], 14: [1.0, 0.09375, 0.125], 15: [1.0, -0.125, 0.125], 16: [1.0, -0.125, -0.09375], 17: [1.0, -0.34375, -0.09375], 18: [1.0, -0.34375, -0.3125], 19: [1.0, -0.5625, -0.3125], 20: [1.0, -0.5625, -0.53125], 21: [1.0, -0.78125, -0.53125], 22: [1.0, -0.78125, -0.75], 23: [-1.0, -1.0, -0.75], 24: [-1.0, 0.75, 1.0], 25: [-1.0, -0.78125, -0.75], 26: [-1.0, -0.78125, -0.53125], 27: [-1.0, -0.5625, -0.53125], 28: [-1.0, -0.5625, -0.3125], 29: [-1.0, -0.34375, -0.3125], 30: [-1.0, -0.34375, -0.09375], 31: [-1.0, -0.125, -0.09375], 32: [-1.0, -0.125, 0.125], 33: [-1.0, 0.09375, 0.125], 34: [-1.0, 0.09375, 0.34375], 35: [-1.0, 0.3125, 0.34375], 36: [-1.0, 0.3125, 0.5625], 37: [-1.0, 0.53125, 0.5625], 38: [-1.0, 0.53125, 0.78125], 39: [-1.0, 0.75, 0.78125], 40: [1.0, -0.7999999523162842, -1.0], 41: [1.0, 1.0, 0.7999999523162842], 42: [-1.0, 1.0, 0.7999999523162842], 43: [-1.0, -0.7999999523162842, -1.0], 44: [-1.0, 3.0, 0.7999999523162842], 45: [1.0, 3.0, 0.7999999523162842]}, 'faces': {0: [0.0, 3.0, 0.8999999761581421], 1: [0.0, 0.875, 1.0], 2: [-1.0, -0.04999999701976776, 0.04999999701976776], 3: [0.0, -1.0, -0.875], 4: [1.0, -0.05000000819563866, 0.05000000819563866], 5: [0.0, 0.75, 0.890625], 6: [0.0, 0.640625, 0.78125], 7: [0.0, 0.53125, 0.671875], 8: [0.0, 0.421875, 0.5625], 9: [0.0, 0.3125, 0.453125], 10: [0.0, 0.203125, 0.34375], 11: [0.0, 0.09375, 0.234375], 12: [0.0, -0.015625, 0.125], 13: [0.0, -0.125, 0.015625], 14: [0.0, -0.234375, -0.09375], 15: [0.0, -0.34375, -0.203125], 16: [0.0, -0.453125, -0.3125], 17: [0.0, -0.5625, -0.421875], 18: [0.0, -0.671875, -0.53125], 19: [0.0, -0.78125, -0.640625], 20: [0.0, -0.890625, -0.75], 21: [0.0, -0.8999999761581421, -1.0], 22: [0.0, 0.10000002384185791, -0.10000002384185791], 23: [-1.0, 2.0, 0.8999999761581421], 24: [0.0, 2.0, 1.0], 25: [1.0, 2.0, 0.8999999761581421], 26: [0.0, 2.0, 0.7999999523162842]}, 'editMode': True}, 'Cube', {'tolerance': 10}]
['Add Duplicate', {'mode': 1, 'value': (0, 0, 0), 'orient_axis_ortho': 'X', 'newVertices': [46, 47, 48, 49, 50, 51, 52, 53, 54, 55, 56, 57, 58, 59, 60, 61, 62, 63, 64, 65, 66, 67, 68, 69, 70, 71, 72, 73, 74, 75, 76, 77, 78, 79, 80, 81, 82, 83, 84, 85, 86, 87, 88, 89, 90, 91], 'newFaces': [27, 28, 29, 30, 31, 32, 33, 34, 35, 36, 37, 38, 39, 40, 41, 42, 43, 44, 45, 46, 47, 48, 49, 50, 51, 52, 53], 'vertices': {0: [1.0, 1.0, 1.0], 1: [1.0, 3.0, 1.0], 2: [1.0, -1.0, -1.0], 3: [-1.0, 1.0, 1.0], 4: [-1.0, 3.0, 1.0], 5: [-1.0, -1.0, -1.0], 6: [1.0, 0.75, 1.0], 7: [1.0, -1.0, -0.75], 8: [1.0, 0.75, 0.78125], 9: [1.0, 0.53125, 0.78125], 10: [1.0, 0.53125, 0.5625], 11: [1.0, 0.3125, 0.5625], 12: [1.0, 0.3125, 0.34375], 13: [1.0, 0.09375, 0.34375], 14: [1.0, 0.09375, 0.125], 15: [1.0, -0.125, 0.125], 16: [1.0, -0.125, -0.09375], 17: [1.0, -0.34375, -0.09375], 18: [1.0, -0.34375, -0.3125], 19: [1.0, -0.5625, -0.3125], 20: [1.0, -0.5625, -0.53125], 21: [1.0, -0.78125, -0.53125], 22: [1.0, -0.78125, -0.75], 23: [-1.0, -1.0, -0.75], 24: [-1.0, 0.75, 1.0], 25: [-1.0, -0.78125, -0.75], 26: [-1.0, -0.78125, -0.53125], 27: [-1.0, -0.5625, -0.53125], 28: [-1.0, -0.5625, -0.3125], 29: [-1.0, -0.34375, -0.3125], 30: [-1.0, -0.34375, -0.09375], 31: [-1.0, -0.125, -0.09375], 32: [-1.0, -0.125, 0.125], 33: [-1.0, 0.09375, 0.125], 34: [-1.0, 0.09375, 0.34375], 35: [-1.0, 0.3125, 0.34375], 36: [-1.0, 0.3125, 0.5625], 37: [-1.0, 0.53125, 0.5625], 38: [-1.0, 0.53125, 0.78125], 39: [-1.0, 0.75, 0.78125], 40: [1.0, -0.7999999523162842, -1.0], 41: [1.0, 1.0, 0.7999999523162842], 42: [-1.0, 1.0, 0.7999999523162842], 43: [-1.0, -0.7999999523162842, -1.0], 44: [-1.0, 3.0, 0.7999999523162842], 45: [1.0, 3.0, 0.7999999523162842], 46: [1.0, 1.0, 1.0], 47: [1.0, 3.0, 1.0], 48: [1.0, -1.0, -1.0], 49: [-1.0, 1.0, 1.0], 50: [-1.0, 3.0, 1.0], 51: [-1.0, -1.0, -1.0], 52: [1.0, 0.75, 1.0], 53: [1.0, -1.0, -0.75], 54: [1.0, 0.75, 0.78125], 55: [1.0, 0.53125, 0.78125], 56: [1.0, 0.53125, 0.5625], 57: [1.0, 0.3125, 0.5625], 58: [1.0, 0.3125, 0.34375], 59: [1.0, 0.09375, 0.34375], 60: [1.0, 0.09375, 0.125], 61: [1.0, -0.125, 0.125], 62: [1.0, -0.125, -0.09375], 63: [1.0, -0.34375, -0.09375], 64: [1.0, -0.34375, -0.3125], 65: [1.0, -0.5625, -0.3125], 66: [1.0, -0.5625, -0.53125], 67: [1.0, -0.78125, -0.53125], 68: [1.0, -0.78125, -0.75], 69: [-1.0, -1.0, -0.75], 70: [-1.0, 0.75, 1.0], 71: [-1.0, -0.78125, -0.75], 72: [-1.0, -0.78125, -0.53125], 73: [-1.0, -0.5625, -0.53125], 74: [-1.0, -0.5625, -0.3125], 75: [-1.0, -0.34375, -0.3125], 76: [-1.0, -0.34375, -0.09375], 77: [-1.0, -0.125, -0.09375], 78: [-1.0, -0.125, 0.125], 79: [-1.0, 0.09375, 0.125], 80: [-1.0, 0.09375, 0.34375], 81: [-1.0, 0.3125, 0.34375], 82: [-1.0, 0.3125, 0.5625], 83: [-1.0, 0.53125, 0.5625], 84: [-1.0, 0.53125, 0.78125], 85: [-1.0, 0.75, 0.78125], 86: [1.0, -0.7999999523162842, -1.0], 87: [1.0, 1.0, 0.7999999523162842], 88: [-1.0, 1.0, 0.7999999523162842], 89: [-1.0, -0.7999999523162842, -1.0], 90: [-1.0, 3.0, 0.7999999523162842], 91: [1.0, 3.0, 0.7999999523162842]}, 'faces': {0: [0.0, 3.0, 0.8999999761581421], 1: [0.0, 0.875, 1.0], 2: [-1.0, -0.04999999701976776, 0.04999999701976776], 3: [0.0, -1.0, -0.875], 4: [1.0, -0.05000000819563866, 0.05000000819563866], 5: [0.0, 0.75, 0.890625], 6: [0.0, 0.640625, 0.78125], 7: [0.0, 0.53125, 0.671875], 8: [0.0, 0.421875, 0.5625], 9: [0.0, 0.3125, 0.453125], 10: [0.0, 0.203125, 0.34375], 11: [0.0, 0.09375, 0.234375], 12: [0.0, -0.015625, 0.125], 13: [0.0, -0.125, 0.015625], 14: [0.0, -0.234375, -0.09375], 15: [0.0, -0.34375, -0.203125], 16: [0.0, -0.453125, -0.3125], 17: [0.0, -0.5625, -0.421875], 18: [0.0, -0.671875, -0.53125], 19: [0.0, -0.78125, -0.640625], 20: [0.0, -0.890625, -0.75], 21: [0.0, -0.8999999761581421, -1.0], 22: [0.0, 0.10000002384185791, -0.10000002384185791], 23: [-1.0, 2.0, 0.8999999761581421], 24: [0.0, 2.0, 1.0], 25: [1.0, 2.0, 0.8999999761581421], 26: [0.0, 2.0, 0.7999999523162842], 27: [0.0, 3.0, 0.8999999761581421], 28: [0.0, 0.875, 1.0], 29: [-1.0, -0.04999999701976776, 0.04999999701976776], 30: [0.0, -1.0, -0.875], 31: [1.0, -0.05000000819563866, 0.05000000819563866], 32: [0.0, 0.75, 0.890625], 33: [0.0, 0.640625, 0.78125], 34: [0.0, 0.53125, 0.671875], 35: [0.0, 0.421875, 0.5625], 36: [0.0, 0.3125, 0.453125], 37: [0.0, 0.203125, 0.34375], 38: [0.0, 0.09375, 0.234375], 39: [0.0, -0.015625, 0.125], 40: [0.0, -0.125, 0.015625], 41: [0.0, -0.234375, -0.09375], 42: [0.0, -0.34375, -0.203125], 43: [0.0, -0.453125, -0.3125], 44: [0.0, -0.5625, -0.421875], 45: [0.0, -0.671875, -0.53125], 46: [0.0, -0.78125, -0.640625], 47: [0.0, -0.890625, -0.75], 48: [0.0, -0.8999999761581421, -1.0], 49: [0.0, 0.10000002384185791, -0.10000002384185791], 50: [-1.0, 2.0, 0.8999999761581421], 51: [0.0, 2.0, 1.0], 52: [1.0, 2.0, 0.8999999761581421], 53: [0.0, 2.0, 0.7999999523162842]}, 'editMode': True}, 'Cube', {'tolerance': 10}]
['Move', {'value': (0, 0, 1.75), 'orient_axis_ortho': 'X', 'selectedVertices': [46, 47, 48, 49, 50, 51, 52, 53, 54, 55, 56, 57, 58, 59, 60, 61, 62, 63, 64, 65, 66, 67, 68, 69, 70, 71, 72, 73, 74, 75, 76, 77, 78, 79, 80, 81, 82, 83, 84, 85, 86, 87, 88, 89, 90, 91], 'vertices': {0: [1.0, 1.0, 1.0], 1: [1.0, 3.0, 1.0], 2: [1.0, -1.0, -1.0], 3: [-1.0, 1.0, 1.0], 4: [-1.0, 3.0, 1.0], 5: [-1.0, -1.0, -1.0], 6: [1.0, 0.75, 1.0], 7: [1.0, -1.0, -0.75], 8: [1.0, 0.75, 0.78125], 9: [1.0, 0.53125, 0.78125], 10: [1.0, 0.53125, 0.5625], 11: [1.0, 0.3125, 0.5625], 12: [1.0, 0.3125, 0.34375], 13: [1.0, 0.09375, 0.34375], 14: [1.0, 0.09375, 0.125], 15: [1.0, -0.125, 0.125], 16: [1.0, -0.125, -0.09375], 17: [1.0, -0.34375, -0.09375], 18: [1.0, -0.34375, -0.3125], 19: [1.0, -0.5625, -0.3125], 20: [1.0, -0.5625, -0.53125], 21: [1.0, -0.78125, -0.53125], 22: [1.0, -0.78125, -0.75], 23: [-1.0, -1.0, -0.75], 24: [-1.0, 0.75, 1.0], 25: [-1.0, -0.78125, -0.75], 26: [-1.0, -0.78125, -0.53125], 27: [-1.0, -0.5625, -0.53125], 28: [-1.0, -0.5625, -0.3125], 29: [-1.0, -0.34375, -0.3125], 30: [-1.0, -0.34375, -0.09375], 31: [-1.0, -0.125, -0.09375], 32: [-1.0, -0.125, 0.125], 33: [-1.0, 0.09375, 0.125], 34: [-1.0, 0.09375, 0.34375], 35: [-1.0, 0.3125, 0.34375], 36: [-1.0, 0.3125, 0.5625], 37: [-1.0, 0.53125, 0.5625], 38: [-1.0, 0.53125, 0.78125], 39: [-1.0, 0.75, 0.78125], 40: [1.0, -0.7999999523162842, -1.0], 41: [1.0, 1.0, 0.7999999523162842], 42: [-1.0, 1.0, 0.7999999523162842], 43: [-1.0, -0.7999999523162842, -1.0], 44: [-1.0, 3.0, 0.7999999523162842], 45: [1.0, 3.0, 0.7999999523162842], 46: [1.0, 1.0, 2.75], 47: [1.0, 3.0, 2.75], 48: [1.0, -1.0, 0.75], 49: [-1.0, 1.0, 2.75], 50: [-1.0, 3.0, 2.75], 51: [-1.0, -1.0, 0.75], 52: [1.0, 0.75, 2.75], 53: [1.0, -1.0, 1.0], 54: [1.0, 0.75, 2.53125], 55: [1.0, 0.53125, 2.53125], 56: [1.0, 0.53125, 2.3125], 57: [1.0, 0.3125, 2.3125], 58: [1.0, 0.3125, 2.09375], 59: [1.0, 0.09375, 2.09375], 60: [1.0, 0.09375, 1.875], 61: [1.0, -0.125, 1.875], 62: [1.0, -0.125, 1.65625], 63: [1.0, -0.34375, 1.65625], 64: [1.0, -0.34375, 1.4375], 65: [1.0, -0.5625, 1.4375], 66: [1.0, -0.5625, 1.21875], 67: [1.0, -0.78125, 1.21875], 68: [1.0, -0.78125, 1.0], 69: [-1.0, -1.0, 1.0], 70: [-1.0, 0.75, 2.75], 71: [-1.0, -0.78125, 1.0], 72: [-1.0, -0.78125, 1.21875], 73: [-1.0, -0.5625, 1.21875], 74: [-1.0, -0.5625, 1.4375], 75: [-1.0, -0.34375, 1.4375], 76: [-1.0, -0.34375, 1.65625], 77: [-1.0, -0.125, 1.65625], 78: [-1.0, -0.125, 1.875], 79: [-1.0, 0.09375, 1.875], 80: [-1.0, 0.09375, 2.09375], 81: [-1.0, 0.3125, 2.09375], 82: [-1.0, 0.3125, 2.3125], 83: [-1.0, 0.53125, 2.3125], 84: [-1.0, 0.53125, 2.53125], 85: [-1.0, 0.75, 2.53125], 86: [1.0, -0.7999999523162842, 0.75], 87: [1.0, 1.0, 2.549999952316284], 88: [-1.0, 1.0, 2.549999952316284], 89: [-1.0, -0.7999999523162842, 0.75], 90: [-1.0, 3.0, 2.549999952316284], 91: [1.0, 3.0, 2.549999952316284]}, 'faces': {0: [0.0, 3.0, 0.8999999761581421], 1: [0.0, 0.875, 1.0], 2: [-1.0, -0.04999999701976776, 0.04999999701976776], 3: [0.0, -1.0, -0.875], 4: [1.0, -0.05000000819563866, 0.05000000819563866], 5: [0.0, 0.75, 0.890625], 6: [0.0, 0.640625, 0.78125], 7: [0.0, 0.53125, 0.671875], 8: [0.0, 0.421875, 0.5625], 9: [0.0, 0.3125, 0.453125], 10: [0.0, 0.203125, 0.34375], 11: [0.0, 0.09375, 0.234375], 12: [0.0, -0.015625, 0.125], 13: [0.0, -0.125, 0.015625], 14: [0.0, -0.234375, -0.09375], 15: [0.0, -0.34375, -0.203125], 16: [0.0, -0.453125, -0.3125], 17: [0.0, -0.5625, -0.421875], 18: [0.0, -0.671875, -0.53125], 19: [0.0, -0.78125, -0.640625], 20: [0.0, -0.890625, -0.75], 21: [0.0, -0.8999999761581421, -1.0], 22: [0.0, 0.10000002384185791, -0.10000002384185791], 23: [-1.0, 2.0, 0.8999999761581421], 24: [0.0, 2.0, 1.0], 25: [1.0, 2.0, 0.8999999761581421], 26: [0.0, 2.0, 0.7999999523162842], 27: [0.0, 3.0, 2.6500000953674316], 28: [0.0, 0.875, 2.75], 29: [-1.0, -0.04999999701976776, 1.7999999523162842], 30: [0.0, -1.0, 0.875], 31: [1.0, -0.05000000819563866, 1.7999999523162842], 32: [0.0, 0.75, 2.640625], 33: [0.0, 0.640625, 2.53125], 34: [0.0, 0.53125, 2.421875], 35: [0.0, 0.421875, 2.3125], 36: [0.0, 0.3125, 2.203125], 37: [0.0, 0.203125, 2.09375], 38: [0.0, 0.09375, 1.984375], 39: [0.0, -0.015625, 1.875], 40: [0.0, -0.125, 1.765625], 41: [0.0, -0.234375, 1.65625], 42: [0.0, -0.34375, 1.546875], 43: [0.0, -0.453125, 1.4375], 44: [0.0, -0.5625, 1.328125], 45: [0.0, -0.671875, 1.21875], 46: [0.0, -0.78125, 1.109375], 47: [0.0, -0.890625, 1.0], 48: [0.0, -0.8999999761581421, 0.75], 49: [0.0, 0.10000002384185791, 1.6500000953674316], 50: [-1.0, 2.0, 2.6500000953674316], 51: [0.0, 2.0, 2.75], 52: [1.0, 2.0, 2.6500000953674316], 53: [0.0, 2.0, 2.549999952316284]}, 'editMode': True}, 'Cube', {'tolerance': 10}]
['Rotate', {'value': -1.5708, 'orient_axis': 'Z', 'selectedVertices': [46, 47, 48, 49, 50, 51, 52, 53, 54, 55, 56, 57, 58, 59, 60, 61, 62, 63, 64, 65, 66, 67, 68, 69, 70, 71, 72, 73, 74, 75, 76, 77, 78, 79, 80, 81, 82, 83, 84, 85, 86, 87, 88, 89, 90, 91], 'vertices': {0: [1.0, 1.0, 1.0], 1: [1.0, 3.0, 1.0], 2: [1.0, -1.0, -1.0], 3: [-1.0, 1.0, 1.0], 4: [-1.0, 3.0, 1.0], 5: [-1.0, -1.0, -1.0], 6: [1.0, 0.75, 1.0], 7: [1.0, -1.0, -0.75], 8: [1.0, 0.75, 0.78125], 9: [1.0, 0.53125, 0.78125], 10: [1.0, 0.53125, 0.5625], 11: [1.0, 0.3125, 0.5625], 12: [1.0, 0.3125, 0.34375], 13: [1.0, 0.09375, 0.34375], 14: [1.0, 0.09375, 0.125], 15: [1.0, -0.125, 0.125], 16: [1.0, -0.125, -0.09375], 17: [1.0, -0.34375, -0.09375], 18: [1.0, -0.34375, -0.3125], 19: [1.0, -0.5625, -0.3125], 20: [1.0, -0.5625, -0.53125], 21: [1.0, -0.78125, -0.53125], 22: [1.0, -0.78125, -0.75], 23: [-1.0, -1.0, -0.75], 24: [-1.0, 0.75, 1.0], 25: [-1.0, -0.78125, -0.75], 26: [-1.0, -0.78125, -0.53125], 27: [-1.0, -0.5625, -0.53125], 28: [-1.0, -0.5625, -0.3125], 29: [-1.0, -0.34375, -0.3125], 30: [-1.0, -0.34375, -0.09375], 31: [-1.0, -0.125, -0.09375], 32: [-1.0, -0.125, 0.125], 33: [-1.0, 0.09375, 0.125], 34: [-1.0, 0.09375, 0.34375], 35: [-1.0, 0.3125, 0.34375], 36: [-1.0, 0.3125, 0.5625], 37: [-1.0, 0.53125, 0.5625], 38: [-1.0, 0.53125, 0.78125], 39: [-1.0, 0.75, 0.78125], 40: [1.0, -0.7999999523162842, -1.0], 41: [1.0, 1.0, 0.7999999523162842], 42: [-1.0, 1.0, 0.7999999523162842], 43: [-1.0, -0.7999999523162842, -1.0], 44: [-1.0, 3.0, 0.7999999523162842], 45: [1.0, 3.0, 0.7999999523162842], 46: [0.7847825884819031, -0.7847826480865479, 2.75], 47: [2.784782648086548, -0.784782886505127, 2.75], 48: [-1.2152173519134521, -0.7847825288772583, 0.7500001192092896], 49: [0.7847826480865479, 1.2152173519134521, 2.75], 50: [2.784782648086548, 1.2152172327041626, 2.75], 51: [-1.2152173519134521, 1.2152173519134521, 0.7500001192092896], 52: [0.5347825884819031, -0.7847826480865479, 2.75], 53: [-1.2152173519134521, -0.7847825288772583, 1.0], 54: [0.5347825884819031, -0.7847826480865479, 2.53125], 55: [0.3160325884819031, -0.7847826480865479, 2.53125], 56: [0.3160325884819031, -0.7847826480865479, 2.3125], 57: [0.09728258848190308, -0.7847826480865479, 2.3125], 58: [0.09728258848190308, -0.7847826480865479, 2.09375], 59: [-0.1214674711227417, -0.7847826480865479, 2.09375], 60: [-0.1214674711227417, -0.7847826480865479, 1.875], 61: [-0.34021735191345215, -0.7847826480865479, 1.875], 62: [-0.34021735191345215, -0.7847826480865479, 1.65625], 63: [-0.5589673519134521, -0.7847826480865479, 1.65625], 64: [-0.5589673519134521, -0.7847826480865479, 1.4375], 65: [-0.7777173519134521, -0.7847825288772583, 1.4375], 66: [-0.7777173519134521, -0.7847825288772583, 1.21875], 67: [-0.9964673519134521, -0.7847825288772583, 1.21875], 68: [-0.9964673519134521, -0.7847825288772583, 1.0], 69: [-1.2152173519134521, 1.2152173519134521, 1.0], 70: [0.5347826480865479, 1.2152173519134521, 2.75], 71: [-0.9964672923088074, 1.2152173519134521, 1.0], 72: [-0.9964672923088074, 1.2152173519134521, 1.21875], 73: [-0.7777172923088074, 1.2152173519134521, 1.21875], 74: [-0.7777172923088074, 1.2152173519134521, 1.4375], 75: [-0.5589672923088074, 1.2152173519134521, 1.4375], 76: [-0.5589672923088074, 1.2152173519134521, 1.65625], 77: [-0.34021735191345215, 1.2152173519134521, 1.65625], 78: [-0.34021735191345215, 1.2152173519134521, 1.875], 79: [-0.12146735191345215, 1.2152173519134521, 1.875], 80: [-0.12146735191345215, 1.2152173519134521, 2.09375], 81: [0.09728264808654785, 1.2152173519134521, 2.09375], 82: [0.09728264808654785, 1.2152173519134521, 2.3125], 83: [0.31603264808654785, 1.2152173519134521, 2.3125], 84: [0.31603264808654785, 1.2152173519134521, 2.53125], 85: [0.5347826480865479, 1.2152173519134521, 2.53125], 86: [-1.0152173042297363, -0.7847825288772583, 0.7500001192092896], 87: [0.7847825884819031, -0.7847826480865479, 2.549999952316284], 88: [0.7847826480865479, 1.2152173519134521, 2.549999952316284], 89: [-1.0152173042297363, 1.2152173519134521, 0.7500001192092896], 90: [2.784782648086548, 1.2152172327041626, 2.549999952316284], 91: [2.784782648086548, -0.784782886505127, 2.549999952316284]}, 'faces': {0: [0.0, 3.0, 0.8999999761581421], 1: [0.0, 0.875, 1.0], 2: [-1.0, -0.04999999701976776, 0.04999999701976776], 3: [0.0, -1.0, -0.875], 4: [1.0, -0.05000000819563866, 0.05000000819563866], 5: [0.0, 0.75, 0.890625], 6: [0.0, 0.640625, 0.78125], 7: [0.0, 0.53125, 0.671875], 8: [0.0, 0.421875, 0.5625], 9: [0.0, 0.3125, 0.453125], 10: [0.0, 0.203125, 0.34375], 11: [0.0, 0.09375, 0.234375], 12: [0.0, -0.015625, 0.125], 13: [0.0, -0.125, 0.015625], 14: [0.0, -0.234375, -0.09375], 15: [0.0, -0.34375, -0.203125], 16: [0.0, -0.453125, -0.3125], 17: [0.0, -0.5625, -0.421875], 18: [0.0, -0.671875, -0.53125], 19: [0.0, -0.78125, -0.640625], 20: [0.0, -0.890625, -0.75], 21: [0.0, -0.8999999761581421, -1.0], 22: [0.0, 0.10000002384185791, -0.10000002384185791], 23: [-1.0, 2.0, 0.8999999761581421], 24: [0.0, 2.0, 1.0], 25: [1.0, 2.0, 0.8999999761581421], 26: [0.0, 2.0, 0.7999999523162842], 27: [2.784782648086548, 0.21521717309951782, 2.6500000953674316], 28: [0.6597826480865479, 0.21521735191345215, 2.75], 29: [-0.26521745324134827, 1.2152174711227417, 1.7999999523162842], 30: [-1.2152173519134521, 0.21521741151809692, 0.875], 31: [-0.2652173638343811, -0.7847825288772583, 1.7999999523162842], 32: [0.5347826480865479, 0.21521735191345215, 2.640625], 33: [0.42540764808654785, 0.21521735191345215, 2.53125], 34: [0.31603261828422546, 0.21521735191345215, 2.421875], 35: [0.20665761828422546, 0.21521735191345215, 2.3125], 36: [0.09728261828422546, 0.21521735191345215, 2.203125], 37: [-0.01209239661693573, 0.21521735191345215, 2.09375], 38: [-0.12146741151809692, 0.21521735191345215, 1.984375], 39: [-0.23084238171577454, 0.21521735191345215, 1.875], 40: [-0.34021735191345215, 0.21521735191345215, 1.765625], 41: [-0.44959235191345215, 0.21521735191345215, 1.65625], 42: [-0.5589673519134521, 0.21521735191345215, 1.546875], 43: [-0.6683423519134521, 0.21521738171577454, 1.4375], 44: [-0.7777173519134521, 0.21521741151809692, 1.328125], 45: [-0.8870923519134521, 0.21521741151809692, 1.21875], 46: [-0.9964673519134521, 0.21521741151809692, 1.109375], 47: [-1.1058423519134521, 0.21521741151809692, 1.0], 48: [-1.1152173280715942, 0.21521741151809692, 0.7500001192092896], 49: [-0.11521734297275543, 0.21521738171577454, 1.6500000953674316], 50: [1.7847826480865479, 1.2152172327041626, 2.6500000953674316], 51: [1.7847826480865479, 0.21521726250648499, 2.75], 52: [1.7847826480865479, -0.7847827672958374, 2.6500000953674316], 53: [1.7847826480865479, 0.21521726250648499, 2.549999952316284]}, 'editMode': True}, 'Cube', {'tolerance': 10}]
['Move', {'value': (2.215, 0, 0), 'orient_axis_ortho': 'X', 'selectedVertices': [46, 47, 48, 49, 50, 51, 52, 53, 54, 55, 56, 57, 58, 59, 60, 61, 62, 63, 64, 65, 66, 67, 68, 69, 70, 71, 72, 73, 74, 75, 76, 77, 78, 79, 80, 81, 82, 83, 84, 85, 86, 87, 88, 89, 90, 91], 'vertices': {0: [1.0, 1.0, 1.0], 1: [1.0, 3.0, 1.0], 2: [1.0, -1.0, -1.0], 3: [-1.0, 1.0, 1.0], 4: [-1.0, 3.0, 1.0], 5: [-1.0, -1.0, -1.0], 6: [1.0, 0.75, 1.0], 7: [1.0, -1.0, -0.75], 8: [1.0, 0.75, 0.78125], 9: [1.0, 0.53125, 0.78125], 10: [1.0, 0.53125, 0.5625], 11: [1.0, 0.3125, 0.5625], 12: [1.0, 0.3125, 0.34375], 13: [1.0, 0.09375, 0.34375], 14: [1.0, 0.09375, 0.125], 15: [1.0, -0.125, 0.125], 16: [1.0, -0.125, -0.09375], 17: [1.0, -0.34375, -0.09375], 18: [1.0, -0.34375, -0.3125], 19: [1.0, -0.5625, -0.3125], 20: [1.0, -0.5625, -0.53125], 21: [1.0, -0.78125, -0.53125], 22: [1.0, -0.78125, -0.75], 23: [-1.0, -1.0, -0.75], 24: [-1.0, 0.75, 1.0], 25: [-1.0, -0.78125, -0.75], 26: [-1.0, -0.78125, -0.53125], 27: [-1.0, -0.5625, -0.53125], 28: [-1.0, -0.5625, -0.3125], 29: [-1.0, -0.34375, -0.3125], 30: [-1.0, -0.34375, -0.09375], 31: [-1.0, -0.125, -0.09375], 32: [-1.0, -0.125, 0.125], 33: [-1.0, 0.09375, 0.125], 34: [-1.0, 0.09375, 0.34375], 35: [-1.0, 0.3125, 0.34375], 36: [-1.0, 0.3125, 0.5625], 37: [-1.0, 0.53125, 0.5625], 38: [-1.0, 0.53125, 0.78125], 39: [-1.0, 0.75, 0.78125], 40: [1.0, -0.7999999523162842, -1.0], 41: [1.0, 1.0, 0.7999999523162842], 42: [-1.0, 1.0, 0.7999999523162842], 43: [-1.0, -0.7999999523162842, -1.0], 44: [-1.0, 3.0, 0.7999999523162842], 45: [1.0, 3.0, 0.7999999523162842], 46: [2.9997825622558594, -0.7847826480865479, 2.75], 47: [4.999782562255859, -0.784782886505127, 2.75], 48: [0.9997825622558594, -0.7847825288772583, 0.7500001192092896], 49: [2.9997825622558594, 1.2152173519134521, 2.75], 50: [4.999782562255859, 1.2152172327041626, 2.75], 51: [0.9997825622558594, 1.2152173519134521, 0.7500001192092896], 52: [2.7497825622558594, -0.7847826480865479, 2.75], 53: [0.9997825622558594, -0.7847825288772583, 1.0], 54: [2.7497825622558594, -0.7847826480865479, 2.53125], 55: [2.5310325622558594, -0.7847826480865479, 2.53125], 56: [2.5310325622558594, -0.7847826480865479, 2.3125], 57: [2.3122825622558594, -0.7847826480865479, 2.3125], 58: [2.3122825622558594, -0.7847826480865479, 2.09375], 59: [2.0935325622558594, -0.7847826480865479, 2.09375], 60: [2.0935325622558594, -0.7847826480865479, 1.875], 61: [1.8747825622558594, -0.7847826480865479, 1.875], 62: [1.8747825622558594, -0.7847826480865479, 1.65625], 63: [1.6560325622558594, -0.7847826480865479, 1.65625], 64: [1.6560325622558594, -0.7847826480865479, 1.4375], 65: [1.4372825622558594, -0.7847825288772583, 1.4375], 66: [1.4372825622558594, -0.7847825288772583, 1.21875], 67: [1.2185325622558594, -0.7847825288772583, 1.21875], 68: [1.2185325622558594, -0.7847825288772583, 1.0], 69: [0.9997825622558594, 1.2152173519134521, 1.0], 70: [2.7497825622558594, 1.2152173519134521, 2.75], 71: [1.2185325622558594, 1.2152173519134521, 1.0], 72: [1.2185325622558594, 1.2152173519134521, 1.21875], 73: [1.4372825622558594, 1.2152173519134521, 1.21875], 74: [1.4372825622558594, 1.2152173519134521, 1.4375], 75: [1.6560325622558594, 1.2152173519134521, 1.4375], 76: [1.6560325622558594, 1.2152173519134521, 1.65625], 77: [1.8747825622558594, 1.2152173519134521, 1.65625], 78: [1.8747825622558594, 1.2152173519134521, 1.875], 79: [2.0935325622558594, 1.2152173519134521, 1.875], 80: [2.0935325622558594, 1.2152173519134521, 2.09375], 81: [2.3122825622558594, 1.2152173519134521, 2.09375], 82: [2.3122825622558594, 1.2152173519134521, 2.3125], 83: [2.5310325622558594, 1.2152173519134521, 2.3125], 84: [2.5310325622558594, 1.2152173519134521, 2.53125], 85: [2.7497825622558594, 1.2152173519134521, 2.53125], 86: [1.1997826099395752, -0.7847825288772583, 0.7500001192092896], 87: [2.9997825622558594, -0.7847826480865479, 2.549999952316284], 88: [2.9997825622558594, 1.2152173519134521, 2.549999952316284], 89: [1.1997826099395752, 1.2152173519134521, 0.7500001192092896], 90: [4.999782562255859, 1.2152172327041626, 2.549999952316284], 91: [4.999782562255859, -0.784782886505127, 2.549999952316284]}, 'faces': {0: [0.0, 3.0, 0.8999999761581421], 1: [0.0, 0.875, 1.0], 2: [-1.0, -0.04999999701976776, 0.04999999701976776], 3: [0.0, -1.0, -0.875], 4: [1.0, -0.05000000819563866, 0.05000000819563866], 5: [0.0, 0.75, 0.890625], 6: [0.0, 0.640625, 0.78125], 7: [0.0, 0.53125, 0.671875], 8: [0.0, 0.421875, 0.5625], 9: [0.0, 0.3125, 0.453125], 10: [0.0, 0.203125, 0.34375], 11: [0.0, 0.09375, 0.234375], 12: [0.0, -0.015625, 0.125], 13: [0.0, -0.125, 0.015625], 14: [0.0, -0.234375, -0.09375], 15: [0.0, -0.34375, -0.203125], 16: [0.0, -0.453125, -0.3125], 17: [0.0, -0.5625, -0.421875], 18: [0.0, -0.671875, -0.53125], 19: [0.0, -0.78125, -0.640625], 20: [0.0, -0.890625, -0.75], 21: [0.0, -0.8999999761581421, -1.0], 22: [0.0, 0.10000002384185791, -0.10000002384185791], 23: [-1.0, 2.0, 0.8999999761581421], 24: [0.0, 2.0, 1.0], 25: [1.0, 2.0, 0.8999999761581421], 26: [0.0, 2.0, 0.7999999523162842], 27: [4.999782562255859, 0.21521717309951782, 2.6500000953674316], 28: [2.8747825622558594, 0.21521735191345215, 2.75], 29: [1.9497826099395752, 1.2152174711227417, 1.7999999523162842], 30: [0.9997825622558594, 0.21521741151809692, 0.875], 31: [1.9497826099395752, -0.7847825288772583, 1.7999999523162842], 32: [2.7497825622558594, 0.21521735191345215, 2.640625], 33: [2.6404075622558594, 0.21521735191345215, 2.53125], 34: [2.5310325622558594, 0.21521735191345215, 2.421875], 35: [2.4216575622558594, 0.21521735191345215, 2.3125], 36: [2.3122825622558594, 0.21521735191345215, 2.203125], 37: [2.2029075622558594, 0.21521735191345215, 2.09375], 38: [2.0935325622558594, 0.21521735191345215, 1.984375], 39: [1.9841575622558594, 0.21521735191345215, 1.875], 40: [1.8747825622558594, 0.21521735191345215, 1.765625], 41: [1.7654075622558594, 0.21521735191345215, 1.65625], 42: [1.6560325622558594, 0.21521735191345215, 1.546875], 43: [1.5466575622558594, 0.21521738171577454, 1.4375], 44: [1.4372825622558594, 0.21521741151809692, 1.328125], 45: [1.3279075622558594, 0.21521741151809692, 1.21875], 46: [1.2185325622558594, 0.21521741151809692, 1.109375], 47: [1.1091575622558594, 0.21521741151809692, 1.0], 48: [1.0997825860977173, 0.21521741151809692, 0.7500001192092896], 49: [2.0997824668884277, 0.21521738171577454, 1.6500000953674316], 50: [3.9997825622558594, 1.2152172327041626, 2.6500000953674316], 51: [3.9997825622558594, 0.21521726250648499, 2.75], 52: [3.9997825622558594, -0.7847827672958374, 2.6500000953674316], 53: [3.9997825622558594, 0.21521726250648499, 2.549999952316284]}, 'editMode': True}, 'Cube', {'tolerance': 10}]
['Move', {'value': (0, 1.784, 0), 'orient_axis_ortho': 'X', 'selectedVertices': [46, 47, 48, 49, 50, 51, 52, 53, 54, 55, 56, 57, 58, 59, 60, 61, 62, 63, 64, 65, 66, 67, 68, 69, 70, 71, 72, 73, 74, 75, 76, 77, 78, 79, 80, 81, 82, 83, 84, 85, 86, 87, 88, 89, 90, 91], 'vertices': {0: [1.0, 1.0, 1.0], 1: [1.0, 3.0, 1.0], 2: [1.0, -1.0, -1.0], 3: [-1.0, 1.0, 1.0], 4: [-1.0, 3.0, 1.0], 5: [-1.0, -1.0, -1.0], 6: [1.0, 0.75, 1.0], 7: [1.0, -1.0, -0.75], 8: [1.0, 0.75, 0.78125], 9: [1.0, 0.53125, 0.78125], 10: [1.0, 0.53125, 0.5625], 11: [1.0, 0.3125, 0.5625], 12: [1.0, 0.3125, 0.34375], 13: [1.0, 0.09375, 0.34375], 14: [1.0, 0.09375, 0.125], 15: [1.0, -0.125, 0.125], 16: [1.0, -0.125, -0.09375], 17: [1.0, -0.34375, -0.09375], 18: [1.0, -0.34375, -0.3125], 19: [1.0, -0.5625, -0.3125], 20: [1.0, -0.5625, -0.53125], 21: [1.0, -0.78125, -0.53125], 22: [1.0, -0.78125, -0.75], 23: [-1.0, -1.0, -0.75], 24: [-1.0, 0.75, 1.0], 25: [-1.0, -0.78125, -0.75], 26: [-1.0, -0.78125, -0.53125], 27: [-1.0, -0.5625, -0.53125], 28: [-1.0, -0.5625, -0.3125], 29: [-1.0, -0.34375, -0.3125], 30: [-1.0, -0.34375, -0.09375], 31: [-1.0, -0.125, -0.09375], 32: [-1.0, -0.125, 0.125], 33: [-1.0, 0.09375, 0.125], 34: [-1.0, 0.09375, 0.34375], 35: [-1.0, 0.3125, 0.34375], 36: [-1.0, 0.3125, 0.5625], 37: [-1.0, 0.53125, 0.5625], 38: [-1.0, 0.53125, 0.78125], 39: [-1.0, 0.75, 0.78125], 40: [1.0, -0.7999999523162842, -1.0], 41: [1.0, 1.0, 0.7999999523162842], 42: [-1.0, 1.0, 0.7999999523162842], 43: [-1.0, -0.7999999523162842, -1.0], 44: [-1.0, 3.0, 0.7999999523162842], 45: [1.0, 3.0, 0.7999999523162842], 46: [2.9997825622558594, 0.9992173910140991, 2.75], 47: [4.999782562255859, 0.99921715259552, 2.75], 48: [0.9997825622558594, 0.9992175102233887, 0.7500001192092896], 49: [2.9997825622558594, 2.9992175102233887, 2.75], 50: [4.999782562255859, 2.9992172718048096, 2.75], 51: [0.9997825622558594, 2.9992175102233887, 0.7500001192092896], 52: [2.7497825622558594, 0.9992173910140991, 2.75], 53: [0.9997825622558594, 0.9992175102233887, 1.0], 54: [2.7497825622558594, 0.9992173910140991, 2.53125], 55: [2.5310325622558594, 0.9992173910140991, 2.53125], 56: [2.5310325622558594, 0.9992173910140991, 2.3125], 57: [2.3122825622558594, 0.9992173910140991, 2.3125], 58: [2.3122825622558594, 0.9992173910140991, 2.09375], 59: [2.0935325622558594, 0.9992173910140991, 2.09375], 60: [2.0935325622558594, 0.9992173910140991, 1.875], 61: [1.8747825622558594, 0.9992173910140991, 1.875], 62: [1.8747825622558594, 0.9992173910140991, 1.65625], 63: [1.6560325622558594, 0.9992173910140991, 1.65625], 64: [1.6560325622558594, 0.9992173910140991, 1.4375], 65: [1.4372825622558594, 0.9992175102233887, 1.4375], 66: [1.4372825622558594, 0.9992175102233887, 1.21875], 67: [1.2185325622558594, 0.9992175102233887, 1.21875], 68: [1.2185325622558594, 0.9992175102233887, 1.0], 69: [0.9997825622558594, 2.9992175102233887, 1.0], 70: [2.7497825622558594, 2.9992175102233887, 2.75], 71: [1.2185325622558594, 2.9992175102233887, 1.0], 72: [1.2185325622558594, 2.9992175102233887, 1.21875], 73: [1.4372825622558594, 2.9992175102233887, 1.21875], 74: [1.4372825622558594, 2.9992175102233887, 1.4375], 75: [1.6560325622558594, 2.9992175102233887, 1.4375], 76: [1.6560325622558594, 2.9992175102233887, 1.65625], 77: [1.8747825622558594, 2.9992175102233887, 1.65625], 78: [1.8747825622558594, 2.9992175102233887, 1.875], 79: [2.0935325622558594, 2.9992175102233887, 1.875], 80: [2.0935325622558594, 2.9992175102233887, 2.09375], 81: [2.3122825622558594, 2.9992175102233887, 2.09375], 82: [2.3122825622558594, 2.9992175102233887, 2.3125], 83: [2.5310325622558594, 2.9992175102233887, 2.3125], 84: [2.5310325622558594, 2.9992175102233887, 2.53125], 85: [2.7497825622558594, 2.9992175102233887, 2.53125], 86: [1.1997826099395752, 0.9992175102233887, 0.7500001192092896], 87: [2.9997825622558594, 0.9992173910140991, 2.549999952316284], 88: [2.9997825622558594, 2.9992175102233887, 2.549999952316284], 89: [1.1997826099395752, 2.9992175102233887, 0.7500001192092896], 90: [4.999782562255859, 2.9992172718048096, 2.549999952316284], 91: [4.999782562255859, 0.99921715259552, 2.549999952316284]}, 'faces': {0: [0.0, 3.0, 0.8999999761581421], 1: [0.0, 0.875, 1.0], 2: [-1.0, -0.04999999701976776, 0.04999999701976776], 3: [0.0, -1.0, -0.875], 4: [1.0, -0.05000000819563866, 0.05000000819563866], 5: [0.0, 0.75, 0.890625], 6: [0.0, 0.640625, 0.78125], 7: [0.0, 0.53125, 0.671875], 8: [0.0, 0.421875, 0.5625], 9: [0.0, 0.3125, 0.453125], 10: [0.0, 0.203125, 0.34375], 11: [0.0, 0.09375, 0.234375], 12: [0.0, -0.015625, 0.125], 13: [0.0, -0.125, 0.015625], 14: [0.0, -0.234375, -0.09375], 15: [0.0, -0.34375, -0.203125], 16: [0.0, -0.453125, -0.3125], 17: [0.0, -0.5625, -0.421875], 18: [0.0, -0.671875, -0.53125], 19: [0.0, -0.78125, -0.640625], 20: [0.0, -0.890625, -0.75], 21: [0.0, -0.8999999761581421, -1.0], 22: [0.0, 0.10000002384185791, -0.10000002384185791], 23: [-1.0, 2.0, 0.8999999761581421], 24: [0.0, 2.0, 1.0], 25: [1.0, 2.0, 0.8999999761581421], 26: [0.0, 2.0, 0.7999999523162842], 27: [4.999782562255859, 1.99921715259552, 2.6500000953674316], 28: [2.8747825622558594, 1.9992175102233887, 2.75], 29: [1.9497826099395752, 2.9992177486419678, 1.7999999523162842], 30: [0.9997825622558594, 1.9992175102233887, 0.875], 31: [1.9497826099395752, 0.9992174506187439, 1.7999999523162842], 32: [2.7497825622558594, 1.9992175102233887, 2.640625], 33: [2.6404075622558594, 1.9992175102233887, 2.53125], 34: [2.5310325622558594, 1.9992175102233887, 2.421875], 35: [2.4216575622558594, 1.9992175102233887, 2.3125], 36: [2.3122825622558594, 1.9992175102233887, 2.203125], 37: [2.2029075622558594, 1.9992175102233887, 2.09375], 38: [2.0935325622558594, 1.9992175102233887, 1.984375], 39: [1.9841575622558594, 1.9992175102233887, 1.875], 40: [1.8747825622558594, 1.9992175102233887, 1.765625], 41: [1.7654075622558594, 1.9992175102233887, 1.65625], 42: [1.6560325622558594, 1.9992175102233887, 1.546875], 43: [1.5466575622558594, 1.9992175102233887, 1.4375], 44: [1.4372825622558594, 1.9992175102233887, 1.328125], 45: [1.3279075622558594, 1.9992175102233887, 1.21875], 46: [1.2185325622558594, 1.9992175102233887, 1.109375], 47: [1.1091575622558594, 1.9992175102233887, 1.0], 48: [1.0997825860977173, 1.9992175102233887, 0.7500001192092896], 49: [2.0997824668884277, 1.9992175102233887, 1.6500000953674316], 50: [3.9997825622558594, 2.9992172718048096, 2.6500000953674316], 51: [3.9997825622558594, 1.9992172718048096, 2.75], 52: [3.9997825622558594, 0.9992172718048096, 2.6500000953674316], 53: [3.9997825622558594, 1.9992172718048096, 2.549999952316284]}, 'editMode': True}, 'Cube', {'tolerance': 10}]
['Select Mode', {'use_extend': False, 'use_expand': False, 'vertices': {0: [1.0, 1.0, 1.0], 1: [1.0, 3.0, 1.0], 2: [1.0, -1.0, -1.0], 3: [-1.0, 1.0, 1.0], 4: [-1.0, 3.0, 1.0], 5: [-1.0, -1.0, -1.0], 6: [1.0, 0.75, 1.0], 7: [1.0, -1.0, -0.75], 8: [1.0, 0.75, 0.78125], 9: [1.0, 0.53125, 0.78125], 10: [1.0, 0.53125, 0.5625], 11: [1.0, 0.3125, 0.5625], 12: [1.0, 0.3125, 0.34375], 13: [1.0, 0.09375, 0.34375], 14: [1.0, 0.09375, 0.125], 15: [1.0, -0.125, 0.125], 16: [1.0, -0.125, -0.09375], 17: [1.0, -0.34375, -0.09375], 18: [1.0, -0.34375, -0.3125], 19: [1.0, -0.5625, -0.3125], 20: [1.0, -0.5625, -0.53125], 21: [1.0, -0.78125, -0.53125], 22: [1.0, -0.78125, -0.75], 23: [-1.0, -1.0, -0.75], 24: [-1.0, 0.75, 1.0], 25: [-1.0, -0.78125, -0.75], 26: [-1.0, -0.78125, -0.53125], 27: [-1.0, -0.5625, -0.53125], 28: [-1.0, -0.5625, -0.3125], 29: [-1.0, -0.34375, -0.3125], 30: [-1.0, -0.34375, -0.09375], 31: [-1.0, -0.125, -0.09375], 32: [-1.0, -0.125, 0.125], 33: [-1.0, 0.09375, 0.125], 34: [-1.0, 0.09375, 0.34375], 35: [-1.0, 0.3125, 0.34375], 36: [-1.0, 0.3125, 0.5625], 37: [-1.0, 0.53125, 0.5625], 38: [-1.0, 0.53125, 0.78125], 39: [-1.0, 0.75, 0.78125], 40: [1.0, -0.7999999523162842, -1.0], 41: [1.0, 1.0, 0.7999999523162842], 42: [-1.0, 1.0, 0.7999999523162842], 43: [-1.0, -0.7999999523162842, -1.0], 44: [-1.0, 3.0, 0.7999999523162842], 45: [1.0, 3.0, 0.7999999523162842], 46: [2.9997825622558594, 0.9992173910140991, 2.75], 47: [4.999782562255859, 0.99921715259552, 2.75], 48: [0.9997825622558594, 0.9992175102233887, 0.7500001192092896], 49: [2.9997825622558594, 2.9992175102233887, 2.75], 50: [4.999782562255859, 2.9992172718048096, 2.75], 51: [0.9997825622558594, 2.9992175102233887, 0.7500001192092896], 52: [2.7497825622558594, 0.9992173910140991, 2.75], 53: [0.9997825622558594, 0.9992175102233887, 1.0], 54: [2.7497825622558594, 0.9992173910140991, 2.53125], 55: [2.5310325622558594, 0.9992173910140991, 2.53125], 56: [2.5310325622558594, 0.9992173910140991, 2.3125], 57: [2.3122825622558594, 0.9992173910140991, 2.3125], 58: [2.3122825622558594, 0.9992173910140991, 2.09375], 59: [2.0935325622558594, 0.9992173910140991, 2.09375], 60: [2.0935325622558594, 0.9992173910140991, 1.875], 61: [1.8747825622558594, 0.9992173910140991, 1.875], 62: [1.8747825622558594, 0.9992173910140991, 1.65625], 63: [1.6560325622558594, 0.9992173910140991, 1.65625], 64: [1.6560325622558594, 0.9992173910140991, 1.4375], 65: [1.4372825622558594, 0.9992175102233887, 1.4375], 66: [1.4372825622558594, 0.9992175102233887, 1.21875], 67: [1.2185325622558594, 0.9992175102233887, 1.21875], 68: [1.2185325622558594, 0.9992175102233887, 1.0], 69: [0.9997825622558594, 2.9992175102233887, 1.0], 70: [2.7497825622558594, 2.9992175102233887, 2.75], 71: [1.2185325622558594, 2.9992175102233887, 1.0], 72: [1.2185325622558594, 2.9992175102233887, 1.21875], 73: [1.4372825622558594, 2.9992175102233887, 1.21875], 74: [1.4372825622558594, 2.9992175102233887, 1.4375], 75: [1.6560325622558594, 2.9992175102233887, 1.4375], 76: [1.6560325622558594, 2.9992175102233887, 1.65625], 77: [1.8747825622558594, 2.9992175102233887, 1.65625], 78: [1.8747825622558594, 2.9992175102233887, 1.875], 79: [2.0935325622558594, 2.9992175102233887, 1.875], 80: [2.0935325622558594, 2.9992175102233887, 2.09375], 81: [2.3122825622558594, 2.9992175102233887, 2.09375], 82: [2.3122825622558594, 2.9992175102233887, 2.3125], 83: [2.5310325622558594, 2.9992175102233887, 2.3125], 84: [2.5310325622558594, 2.9992175102233887, 2.53125], 85: [2.7497825622558594, 2.9992175102233887, 2.53125], 86: [1.1997826099395752, 0.9992175102233887, 0.7500001192092896], 87: [2.9997825622558594, 0.9992173910140991, 2.549999952316284], 88: [2.9997825622558594, 2.9992175102233887, 2.549999952316284], 89: [1.1997826099395752, 2.9992175102233887, 0.7500001192092896], 90: [4.999782562255859, 2.9992172718048096, 2.549999952316284], 91: [4.999782562255859, 0.99921715259552, 2.549999952316284]}, 'faces': {0: [0.0, 3.0, 0.8999999761581421], 1: [0.0, 0.875, 1.0], 2: [-1.0, -0.04999999701976776, 0.04999999701976776], 3: [0.0, -1.0, -0.875], 4: [1.0, -0.05000000819563866, 0.05000000819563866], 5: [0.0, 0.75, 0.890625], 6: [0.0, 0.640625, 0.78125], 7: [0.0, 0.53125, 0.671875], 8: [0.0, 0.421875, 0.5625], 9: [0.0, 0.3125, 0.453125], 10: [0.0, 0.203125, 0.34375], 11: [0.0, 0.09375, 0.234375], 12: [0.0, -0.015625, 0.125], 13: [0.0, -0.125, 0.015625], 14: [0.0, -0.234375, -0.09375], 15: [0.0, -0.34375, -0.203125], 16: [0.0, -0.453125, -0.3125], 17: [0.0, -0.5625, -0.421875], 18: [0.0, -0.671875, -0.53125], 19: [0.0, -0.78125, -0.640625], 20: [0.0, -0.890625, -0.75], 21: [0.0, -0.8999999761581421, -1.0], 22: [0.0, 0.10000002384185791, -0.10000002384185791], 23: [-1.0, 2.0, 0.8999999761581421], 24: [0.0, 2.0, 1.0], 25: [1.0, 2.0, 0.8999999761581421], 26: [0.0, 2.0, 0.7999999523162842], 27: [4.999782562255859, 1.99921715259552, 2.6500000953674316], 28: [2.8747825622558594, 1.9992175102233887, 2.75], 29: [1.9497826099395752, 2.9992177486419678, 1.7999999523162842], 30: [0.9997825622558594, 1.9992175102233887, 0.875], 31: [1.9497826099395752, 0.9992174506187439, 1.7999999523162842], 32: [2.7497825622558594, 1.9992175102233887, 2.640625], 33: [2.6404075622558594, 1.9992175102233887, 2.53125], 34: [2.5310325622558594, 1.9992175102233887, 2.421875], 35: [2.4216575622558594, 1.9992175102233887, 2.3125], 36: [2.3122825622558594, 1.9992175102233887, 2.203125], 37: [2.2029075622558594, 1.9992175102233887, 2.09375], 38: [2.0935325622558594, 1.9992175102233887, 1.984375], 39: [1.9841575622558594, 1.9992175102233887, 1.875], 40: [1.8747825622558594, 1.9992175102233887, 1.765625], 41: [1.7654075622558594, 1.9992175102233887, 1.65625], 42: [1.6560325622558594, 1.9992175102233887, 1.546875], 43: [1.5466575622558594, 1.9992175102233887, 1.4375], 44: [1.4372825622558594, 1.9992175102233887, 1.328125], 45: [1.3279075622558594, 1.9992175102233887, 1.21875], 46: [1.2185325622558594, 1.9992175102233887, 1.109375], 47: [1.1091575622558594, 1.9992175102233887, 1.0], 48: [1.0997825860977173, 1.9992175102233887, 0.7500001192092896], 49: [2.0997824668884277, 1.9992175102233887, 1.6500000953674316], 50: [3.9997825622558594, 2.9992172718048096, 2.6500000953674316], 51: [3.9997825622558594, 1.9992172718048096, 2.75], 52: [3.9997825622558594, 0.9992172718048096, 2.6500000953674316], 53: [3.9997825622558594, 1.9992172718048096, 2.549999952316284]}, 'editMode': True}, 'Cube', {'tolerance': 10}]
['Add Duplicate', {'mode': 1, 'value': (0, 0, 0), 'orient_axis_ortho': 'X', 'newVertices': [92, 93], 'newFaces': [], 'vertices': {0: [1.0, 1.0, 1.0], 1: [1.0, 3.0, 1.0], 2: [1.0, -1.0, -1.0], 3: [-1.0, 1.0, 1.0], 4: [-1.0, 3.0, 1.0], 5: [-1.0, -1.0, -1.0], 6: [1.0, 0.75, 1.0], 7: [1.0, -1.0, -0.75], 8: [1.0, 0.75, 0.78125], 9: [1.0, 0.53125, 0.78125], 10: [1.0, 0.53125, 0.5625], 11: [1.0, 0.3125, 0.5625], 12: [1.0, 0.3125, 0.34375], 13: [1.0, 0.09375, 0.34375], 14: [1.0, 0.09375, 0.125], 15: [1.0, -0.125, 0.125], 16: [1.0, -0.125, -0.09375], 17: [1.0, -0.34375, -0.09375], 18: [1.0, -0.34375, -0.3125], 19: [1.0, -0.5625, -0.3125], 20: [1.0, -0.5625, -0.53125], 21: [1.0, -0.78125, -0.53125], 22: [1.0, -0.78125, -0.75], 23: [-1.0, -1.0, -0.75], 24: [-1.0, 0.75, 1.0], 25: [-1.0, -0.78125, -0.75], 26: [-1.0, -0.78125, -0.53125], 27: [-1.0, -0.5625, -0.53125], 28: [-1.0, -0.5625, -0.3125], 29: [-1.0, -0.34375, -0.3125], 30: [-1.0, -0.34375, -0.09375], 31: [-1.0, -0.125, -0.09375], 32: [-1.0, -0.125, 0.125], 33: [-1.0, 0.09375, 0.125], 34: [-1.0, 0.09375, 0.34375], 35: [-1.0, 0.3125, 0.34375], 36: [-1.0, 0.3125, 0.5625], 37: [-1.0, 0.53125, 0.5625], 38: [-1.0, 0.53125, 0.78125], 39: [-1.0, 0.75, 0.78125], 40: [1.0, -0.7999999523162842, -1.0], 41: [1.0, 1.0, 0.7999999523162842], 42: [-1.0, 1.0, 0.7999999523162842], 43: [-1.0, -0.7999999523162842, -1.0], 44: [-1.0, 3.0, 0.7999999523162842], 45: [1.0, 3.0, 0.7999999523162842], 46: [2.9997825622558594, 0.9992173910140991, 2.75], 47: [4.999782562255859, 0.99921715259552, 2.75], 48: [0.9997825622558594, 0.9992175102233887, 0.7500001192092896], 49: [2.9997825622558594, 2.9992175102233887, 2.75], 50: [4.999782562255859, 2.9992172718048096, 2.75], 51: [0.9997825622558594, 2.9992175102233887, 0.7500001192092896], 52: [2.7497825622558594, 0.9992173910140991, 2.75], 53: [0.9997825622558594, 0.9992175102233887, 1.0], 54: [2.7497825622558594, 0.9992173910140991, 2.53125], 55: [2.5310325622558594, 0.9992173910140991, 2.53125], 56: [2.5310325622558594, 0.9992173910140991, 2.3125], 57: [2.3122825622558594, 0.9992173910140991, 2.3125], 58: [2.3122825622558594, 0.9992173910140991, 2.09375], 59: [2.0935325622558594, 0.9992173910140991, 2.09375], 60: [2.0935325622558594, 0.9992173910140991, 1.875], 61: [1.8747825622558594, 0.9992173910140991, 1.875], 62: [1.8747825622558594, 0.9992173910140991, 1.65625], 63: [1.6560325622558594, 0.9992173910140991, 1.65625], 64: [1.6560325622558594, 0.9992173910140991, 1.4375], 65: [1.4372825622558594, 0.9992175102233887, 1.4375], 66: [1.4372825622558594, 0.9992175102233887, 1.21875], 67: [1.2185325622558594, 0.9992175102233887, 1.21875], 68: [1.2185325622558594, 0.9992175102233887, 1.0], 69: [0.9997825622558594, 2.9992175102233887, 1.0], 70: [2.7497825622558594, 2.9992175102233887, 2.75], 71: [1.2185325622558594, 2.9992175102233887, 1.0], 72: [1.2185325622558594, 2.9992175102233887, 1.21875], 73: [1.4372825622558594, 2.9992175102233887, 1.21875], 74: [1.4372825622558594, 2.9992175102233887, 1.4375], 75: [1.6560325622558594, 2.9992175102233887, 1.4375], 76: [1.6560325622558594, 2.9992175102233887, 1.65625], 77: [1.8747825622558594, 2.9992175102233887, 1.65625], 78: [1.8747825622558594, 2.9992175102233887, 1.875], 79: [2.0935325622558594, 2.9992175102233887, 1.875], 80: [2.0935325622558594, 2.9992175102233887, 2.09375], 81: [2.3122825622558594, 2.9992175102233887, 2.09375], 82: [2.3122825622558594, 2.9992175102233887, 2.3125], 83: [2.5310325622558594, 2.9992175102233887, 2.3125], 84: [2.5310325622558594, 2.9992175102233887, 2.53125], 85: [2.7497825622558594, 2.9992175102233887, 2.53125], 86: [1.1997826099395752, 0.9992175102233887, 0.7500001192092896], 87: [2.9997825622558594, 0.9992173910140991, 2.549999952316284], 88: [2.9997825622558594, 2.9992175102233887, 2.549999952316284], 89: [1.1997826099395752, 2.9992175102233887, 0.7500001192092896], 90: [4.999782562255859, 2.9992172718048096, 2.549999952316284], 91: [4.999782562255859, 0.99921715259552, 2.549999952316284], 92: [1.0, -0.7999999523162842, -1.0], 93: [1.0, 1.0, 0.7999999523162842]}, 'faces': {0: [0.0, 3.0, 0.8999999761581421], 1: [0.0, 0.875, 1.0], 2: [-1.0, -0.04999999701976776, 0.04999999701976776], 3: [0.0, -1.0, -0.875], 4: [1.0, -0.05000000819563866, 0.05000000819563866], 5: [0.0, 0.75, 0.890625], 6: [0.0, 0.640625, 0.78125], 7: [0.0, 0.53125, 0.671875], 8: [0.0, 0.421875, 0.5625], 9: [0.0, 0.3125, 0.453125], 10: [0.0, 0.203125, 0.34375], 11: [0.0, 0.09375, 0.234375], 12: [0.0, -0.015625, 0.125], 13: [0.0, -0.125, 0.015625], 14: [0.0, -0.234375, -0.09375], 15: [0.0, -0.34375, -0.203125], 16: [0.0, -0.453125, -0.3125], 17: [0.0, -0.5625, -0.421875], 18: [0.0, -0.671875, -0.53125], 19: [0.0, -0.78125, -0.640625], 20: [0.0, -0.890625, -0.75], 21: [0.0, -0.8999999761581421, -1.0], 22: [0.0, 0.10000002384185791, -0.10000002384185791], 23: [-1.0, 2.0, 0.8999999761581421], 24: [0.0, 2.0, 1.0], 25: [1.0, 2.0, 0.8999999761581421], 26: [0.0, 2.0, 0.7999999523162842], 27: [4.999782562255859, 1.99921715259552, 2.6500000953674316], 28: [2.8747825622558594, 1.9992175102233887, 2.75], 29: [1.9497826099395752, 2.9992177486419678, 1.7999999523162842], 30: [0.9997825622558594, 1.9992175102233887, 0.875], 31: [1.9497826099395752, 0.9992174506187439, 1.7999999523162842], 32: [2.7497825622558594, 1.9992175102233887, 2.640625], 33: [2.6404075622558594, 1.9992175102233887, 2.53125], 34: [2.5310325622558594, 1.9992175102233887, 2.421875], 35: [2.4216575622558594, 1.9992175102233887, 2.3125], 36: [2.3122825622558594, 1.9992175102233887, 2.203125], 37: [2.2029075622558594, 1.9992175102233887, 2.09375], 38: [2.0935325622558594, 1.9992175102233887, 1.984375], 39: [1.9841575622558594, 1.9992175102233887, 1.875], 40: [1.8747825622558594, 1.9992175102233887, 1.765625], 41: [1.7654075622558594, 1.9992175102233887, 1.65625], 42: [1.6560325622558594, 1.9992175102233887, 1.546875], 43: [1.5466575622558594, 1.9992175102233887, 1.4375], 44: [1.4372825622558594, 1.9992175102233887, 1.328125], 45: [1.3279075622558594, 1.9992175102233887, 1.21875], 46: [1.2185325622558594, 1.9992175102233887, 1.109375], 47: [1.1091575622558594, 1.9992175102233887, 1.0], 48: [1.0997825860977173, 1.9992175102233887, 0.7500001192092896], 49: [2.0997824668884277, 1.9992175102233887, 1.6500000953674316], 50: [3.9997825622558594, 2.9992172718048096, 2.6500000953674316], 51: [3.9997825622558594, 1.9992172718048096, 2.75], 52: [3.9997825622558594, 0.9992172718048096, 2.6500000953674316], 53: [3.9997825622558594, 1.9992172718048096, 2.549999952316284]}, 'editMode': True}, 'Cube', {'tolerance': 10}]
['Move', {'value': (0, 0, 1.3), 'orient_axis_ortho': 'X', 'selectedVertices': [92, 93], 'vertices': {0: [1.0, 1.0, 1.0], 1: [1.0, 3.0, 1.0], 2: [1.0, -1.0, -1.0], 3: [-1.0, 1.0, 1.0], 4: [-1.0, 3.0, 1.0], 5: [-1.0, -1.0, -1.0], 6: [1.0, 0.75, 1.0], 7: [1.0, -1.0, -0.75], 8: [1.0, 0.75, 0.78125], 9: [1.0, 0.53125, 0.78125], 10: [1.0, 0.53125, 0.5625], 11: [1.0, 0.3125, 0.5625], 12: [1.0, 0.3125, 0.34375], 13: [1.0, 0.09375, 0.34375], 14: [1.0, 0.09375, 0.125], 15: [1.0, -0.125, 0.125], 16: [1.0, -0.125, -0.09375], 17: [1.0, -0.34375, -0.09375], 18: [1.0, -0.34375, -0.3125], 19: [1.0, -0.5625, -0.3125], 20: [1.0, -0.5625, -0.53125], 21: [1.0, -0.78125, -0.53125], 22: [1.0, -0.78125, -0.75], 23: [-1.0, -1.0, -0.75], 24: [-1.0, 0.75, 1.0], 25: [-1.0, -0.78125, -0.75], 26: [-1.0, -0.78125, -0.53125], 27: [-1.0, -0.5625, -0.53125], 28: [-1.0, -0.5625, -0.3125], 29: [-1.0, -0.34375, -0.3125], 30: [-1.0, -0.34375, -0.09375], 31: [-1.0, -0.125, -0.09375], 32: [-1.0, -0.125, 0.125], 33: [-1.0, 0.09375, 0.125], 34: [-1.0, 0.09375, 0.34375], 35: [-1.0, 0.3125, 0.34375], 36: [-1.0, 0.3125, 0.5625], 37: [-1.0, 0.53125, 0.5625], 38: [-1.0, 0.53125, 0.78125], 39: [-1.0, 0.75, 0.78125], 40: [1.0, -0.7999999523162842, -1.0], 41: [1.0, 1.0, 0.7999999523162842], 42: [-1.0, 1.0, 0.7999999523162842], 43: [-1.0, -0.7999999523162842, -1.0], 44: [-1.0, 3.0, 0.7999999523162842], 45: [1.0, 3.0, 0.7999999523162842], 46: [2.9997825622558594, 0.9992173910140991, 2.75], 47: [4.999782562255859, 0.99921715259552, 2.75], 48: [0.9997825622558594, 0.9992175102233887, 0.7500001192092896], 49: [2.9997825622558594, 2.9992175102233887, 2.75], 50: [4.999782562255859, 2.9992172718048096, 2.75], 51: [0.9997825622558594, 2.9992175102233887, 0.7500001192092896], 52: [2.7497825622558594, 0.9992173910140991, 2.75], 53: [0.9997825622558594, 0.9992175102233887, 1.0], 54: [2.7497825622558594, 0.9992173910140991, 2.53125], 55: [2.5310325622558594, 0.9992173910140991, 2.53125], 56: [2.5310325622558594, 0.9992173910140991, 2.3125], 57: [2.3122825622558594, 0.9992173910140991, 2.3125], 58: [2.3122825622558594, 0.9992173910140991, 2.09375], 59: [2.0935325622558594, 0.9992173910140991, 2.09375], 60: [2.0935325622558594, 0.9992173910140991, 1.875], 61: [1.8747825622558594, 0.9992173910140991, 1.875], 62: [1.8747825622558594, 0.9992173910140991, 1.65625], 63: [1.6560325622558594, 0.9992173910140991, 1.65625], 64: [1.6560325622558594, 0.9992173910140991, 1.4375], 65: [1.4372825622558594, 0.9992175102233887, 1.4375], 66: [1.4372825622558594, 0.9992175102233887, 1.21875], 67: [1.2185325622558594, 0.9992175102233887, 1.21875], 68: [1.2185325622558594, 0.9992175102233887, 1.0], 69: [0.9997825622558594, 2.9992175102233887, 1.0], 70: [2.7497825622558594, 2.9992175102233887, 2.75], 71: [1.2185325622558594, 2.9992175102233887, 1.0], 72: [1.2185325622558594, 2.9992175102233887, 1.21875], 73: [1.4372825622558594, 2.9992175102233887, 1.21875], 74: [1.4372825622558594, 2.9992175102233887, 1.4375], 75: [1.6560325622558594, 2.9992175102233887, 1.4375], 76: [1.6560325622558594, 2.9992175102233887, 1.65625], 77: [1.8747825622558594, 2.9992175102233887, 1.65625], 78: [1.8747825622558594, 2.9992175102233887, 1.875], 79: [2.0935325622558594, 2.9992175102233887, 1.875], 80: [2.0935325622558594, 2.9992175102233887, 2.09375], 81: [2.3122825622558594, 2.9992175102233887, 2.09375], 82: [2.3122825622558594, 2.9992175102233887, 2.3125], 83: [2.5310325622558594, 2.9992175102233887, 2.3125], 84: [2.5310325622558594, 2.9992175102233887, 2.53125], 85: [2.7497825622558594, 2.9992175102233887, 2.53125], 86: [1.1997826099395752, 0.9992175102233887, 0.7500001192092896], 87: [2.9997825622558594, 0.9992173910140991, 2.549999952316284], 88: [2.9997825622558594, 2.9992175102233887, 2.549999952316284], 89: [1.1997826099395752, 2.9992175102233887, 0.7500001192092896], 90: [4.999782562255859, 2.9992172718048096, 2.549999952316284], 91: [4.999782562255859, 0.99921715259552, 2.549999952316284], 92: [1.0, -0.7999999523162842, 0.2999999523162842], 93: [1.0, 1.0, 2.0999999046325684]}, 'faces': {0: [0.0, 3.0, 0.8999999761581421], 1: [0.0, 0.875, 1.0], 2: [-1.0, -0.04999999701976776, 0.04999999701976776], 3: [0.0, -1.0, -0.875], 4: [1.0, -0.05000000819563866, 0.05000000819563866], 5: [0.0, 0.75, 0.890625], 6: [0.0, 0.640625, 0.78125], 7: [0.0, 0.53125, 0.671875], 8: [0.0, 0.421875, 0.5625], 9: [0.0, 0.3125, 0.453125], 10: [0.0, 0.203125, 0.34375], 11: [0.0, 0.09375, 0.234375], 12: [0.0, -0.015625, 0.125], 13: [0.0, -0.125, 0.015625], 14: [0.0, -0.234375, -0.09375], 15: [0.0, -0.34375, -0.203125], 16: [0.0, -0.453125, -0.3125], 17: [0.0, -0.5625, -0.421875], 18: [0.0, -0.671875, -0.53125], 19: [0.0, -0.78125, -0.640625], 20: [0.0, -0.890625, -0.75], 21: [0.0, -0.8999999761581421, -1.0], 22: [0.0, 0.10000002384185791, -0.10000002384185791], 23: [-1.0, 2.0, 0.8999999761581421], 24: [0.0, 2.0, 1.0], 25: [1.0, 2.0, 0.8999999761581421], 26: [0.0, 2.0, 0.7999999523162842], 27: [4.999782562255859, 1.99921715259552, 2.6500000953674316], 28: [2.8747825622558594, 1.9992175102233887, 2.75], 29: [1.9497826099395752, 2.9992177486419678, 1.7999999523162842], 30: [0.9997825622558594, 1.9992175102233887, 0.875], 31: [1.9497826099395752, 0.9992174506187439, 1.7999999523162842], 32: [2.7497825622558594, 1.9992175102233887, 2.640625], 33: [2.6404075622558594, 1.9992175102233887, 2.53125], 34: [2.5310325622558594, 1.9992175102233887, 2.421875], 35: [2.4216575622558594, 1.9992175102233887, 2.3125], 36: [2.3122825622558594, 1.9992175102233887, 2.203125], 37: [2.2029075622558594, 1.9992175102233887, 2.09375], 38: [2.0935325622558594, 1.9992175102233887, 1.984375], 39: [1.9841575622558594, 1.9992175102233887, 1.875], 40: [1.8747825622558594, 1.9992175102233887, 1.765625], 41: [1.7654075622558594, 1.9992175102233887, 1.65625], 42: [1.6560325622558594, 1.9992175102233887, 1.546875], 43: [1.5466575622558594, 1.9992175102233887, 1.4375], 44: [1.4372825622558594, 1.9992175102233887, 1.328125], 45: [1.3279075622558594, 1.9992175102233887, 1.21875], 46: [1.2185325622558594, 1.9992175102233887, 1.109375], 47: [1.1091575622558594, 1.9992175102233887, 1.0], 48: [1.0997825860977173, 1.9992175102233887, 0.7500001192092896], 49: [2.0997824668884277, 1.9992175102233887, 1.6500000953674316], 50: [3.9997825622558594, 2.9992172718048096, 2.6500000953674316], 51: [3.9997825622558594, 1.9992172718048096, 2.75], 52: [3.9997825622558594, 0.9992172718048096, 2.6500000953674316], 53: [3.9997825622558594, 1.9992172718048096, 2.549999952316284]}, 'editMode': True}, 'Cube', {'tolerance': 10}]
['Select Mode', {'use_extend': False, 'use_expand': False, 'vertices': {0: [1.0, 1.0, 1.0], 1: [1.0, 3.0, 1.0], 2: [1.0, -1.0, -1.0], 3: [-1.0, 1.0, 1.0], 4: [-1.0, 3.0, 1.0], 5: [-1.0, -1.0, -1.0], 6: [1.0, 0.75, 1.0], 7: [1.0, -1.0, -0.75], 8: [1.0, 0.75, 0.78125], 9: [1.0, 0.53125, 0.78125], 10: [1.0, 0.53125, 0.5625], 11: [1.0, 0.3125, 0.5625], 12: [1.0, 0.3125, 0.34375], 13: [1.0, 0.09375, 0.34375], 14: [1.0, 0.09375, 0.125], 15: [1.0, -0.125, 0.125], 16: [1.0, -0.125, -0.09375], 17: [1.0, -0.34375, -0.09375], 18: [1.0, -0.34375, -0.3125], 19: [1.0, -0.5625, -0.3125], 20: [1.0, -0.5625, -0.53125], 21: [1.0, -0.78125, -0.53125], 22: [1.0, -0.78125, -0.75], 23: [-1.0, -1.0, -0.75], 24: [-1.0, 0.75, 1.0], 25: [-1.0, -0.78125, -0.75], 26: [-1.0, -0.78125, -0.53125], 27: [-1.0, -0.5625, -0.53125], 28: [-1.0, -0.5625, -0.3125], 29: [-1.0, -0.34375, -0.3125], 30: [-1.0, -0.34375, -0.09375], 31: [-1.0, -0.125, -0.09375], 32: [-1.0, -0.125, 0.125], 33: [-1.0, 0.09375, 0.125], 34: [-1.0, 0.09375, 0.34375], 35: [-1.0, 0.3125, 0.34375], 36: [-1.0, 0.3125, 0.5625], 37: [-1.0, 0.53125, 0.5625], 38: [-1.0, 0.53125, 0.78125], 39: [-1.0, 0.75, 0.78125], 40: [1.0, -0.7999999523162842, -1.0], 41: [1.0, 1.0, 0.7999999523162842], 42: [-1.0, 1.0, 0.7999999523162842], 43: [-1.0, -0.7999999523162842, -1.0], 44: [-1.0, 3.0, 0.7999999523162842], 45: [1.0, 3.0, 0.7999999523162842], 46: [2.9997825622558594, 0.9992173910140991, 2.75], 47: [4.999782562255859, 0.99921715259552, 2.75], 48: [0.9997825622558594, 0.9992175102233887, 0.7500001192092896], 49: [2.9997825622558594, 2.9992175102233887, 2.75], 50: [4.999782562255859, 2.9992172718048096, 2.75], 51: [0.9997825622558594, 2.9992175102233887, 0.7500001192092896], 52: [2.7497825622558594, 0.9992173910140991, 2.75], 53: [0.9997825622558594, 0.9992175102233887, 1.0], 54: [2.7497825622558594, 0.9992173910140991, 2.53125], 55: [2.5310325622558594, 0.9992173910140991, 2.53125], 56: [2.5310325622558594, 0.9992173910140991, 2.3125], 57: [2.3122825622558594, 0.9992173910140991, 2.3125], 58: [2.3122825622558594, 0.9992173910140991, 2.09375], 59: [2.0935325622558594, 0.9992173910140991, 2.09375], 60: [2.0935325622558594, 0.9992173910140991, 1.875], 61: [1.8747825622558594, 0.9992173910140991, 1.875], 62: [1.8747825622558594, 0.9992173910140991, 1.65625], 63: [1.6560325622558594, 0.9992173910140991, 1.65625], 64: [1.6560325622558594, 0.9992173910140991, 1.4375], 65: [1.4372825622558594, 0.9992175102233887, 1.4375], 66: [1.4372825622558594, 0.9992175102233887, 1.21875], 67: [1.2185325622558594, 0.9992175102233887, 1.21875], 68: [1.2185325622558594, 0.9992175102233887, 1.0], 69: [0.9997825622558594, 2.9992175102233887, 1.0], 70: [2.7497825622558594, 2.9992175102233887, 2.75], 71: [1.2185325622558594, 2.9992175102233887, 1.0], 72: [1.2185325622558594, 2.9992175102233887, 1.21875], 73: [1.4372825622558594, 2.9992175102233887, 1.21875], 74: [1.4372825622558594, 2.9992175102233887, 1.4375], 75: [1.6560325622558594, 2.9992175102233887, 1.4375], 76: [1.6560325622558594, 2.9992175102233887, 1.65625], 77: [1.8747825622558594, 2.9992175102233887, 1.65625], 78: [1.8747825622558594, 2.9992175102233887, 1.875], 79: [2.0935325622558594, 2.9992175102233887, 1.875], 80: [2.0935325622558594, 2.9992175102233887, 2.09375], 81: [2.3122825622558594, 2.9992175102233887, 2.09375], 82: [2.3122825622558594, 2.9992175102233887, 2.3125], 83: [2.5310325622558594, 2.9992175102233887, 2.3125], 84: [2.5310325622558594, 2.9992175102233887, 2.53125], 85: [2.7497825622558594, 2.9992175102233887, 2.53125], 86: [1.1997826099395752, 0.9992175102233887, 0.7500001192092896], 87: [2.9997825622558594, 0.9992173910140991, 2.549999952316284], 88: [2.9997825622558594, 2.9992175102233887, 2.549999952316284], 89: [1.1997826099395752, 2.9992175102233887, 0.7500001192092896], 90: [4.999782562255859, 2.9992172718048096, 2.549999952316284], 91: [4.999782562255859, 0.99921715259552, 2.549999952316284], 92: [1.0, -0.7999999523162842, 0.2999999523162842], 93: [1.0, 1.0, 2.0999999046325684]}, 'faces': {0: [0.0, 3.0, 0.8999999761581421], 1: [0.0, 0.875, 1.0], 2: [-1.0, -0.04999999701976776, 0.04999999701976776], 3: [0.0, -1.0, -0.875], 4: [1.0, -0.05000000819563866, 0.05000000819563866], 5: [0.0, 0.75, 0.890625], 6: [0.0, 0.640625, 0.78125], 7: [0.0, 0.53125, 0.671875], 8: [0.0, 0.421875, 0.5625], 9: [0.0, 0.3125, 0.453125], 10: [0.0, 0.203125, 0.34375], 11: [0.0, 0.09375, 0.234375], 12: [0.0, -0.015625, 0.125], 13: [0.0, -0.125, 0.015625], 14: [0.0, -0.234375, -0.09375], 15: [0.0, -0.34375, -0.203125], 16: [0.0, -0.453125, -0.3125], 17: [0.0, -0.5625, -0.421875], 18: [0.0, -0.671875, -0.53125], 19: [0.0, -0.78125, -0.640625], 20: [0.0, -0.890625, -0.75], 21: [0.0, -0.8999999761581421, -1.0], 22: [0.0, 0.10000002384185791, -0.10000002384185791], 23: [-1.0, 2.0, 0.8999999761581421], 24: [0.0, 2.0, 1.0], 25: [1.0, 2.0, 0.8999999761581421], 26: [0.0, 2.0, 0.7999999523162842], 27: [4.999782562255859, 1.99921715259552, 2.6500000953674316], 28: [2.8747825622558594, 1.9992175102233887, 2.75], 29: [1.9497826099395752, 2.9992177486419678, 1.7999999523162842], 30: [0.9997825622558594, 1.9992175102233887, 0.875], 31: [1.9497826099395752, 0.9992174506187439, 1.7999999523162842], 32: [2.7497825622558594, 1.9992175102233887, 2.640625], 33: [2.6404075622558594, 1.9992175102233887, 2.53125], 34: [2.5310325622558594, 1.9992175102233887, 2.421875], 35: [2.4216575622558594, 1.9992175102233887, 2.3125], 36: [2.3122825622558594, 1.9992175102233887, 2.203125], 37: [2.2029075622558594, 1.9992175102233887, 2.09375], 38: [2.0935325622558594, 1.9992175102233887, 1.984375], 39: [1.9841575622558594, 1.9992175102233887, 1.875], 40: [1.8747825622558594, 1.9992175102233887, 1.765625], 41: [1.7654075622558594, 1.9992175102233887, 1.65625], 42: [1.6560325622558594, 1.9992175102233887, 1.546875], 43: [1.5466575622558594, 1.9992175102233887, 1.4375], 44: [1.4372825622558594, 1.9992175102233887, 1.328125], 45: [1.3279075622558594, 1.9992175102233887, 1.21875], 46: [1.2185325622558594, 1.9992175102233887, 1.109375], 47: [1.1091575622558594, 1.9992175102233887, 1.0], 48: [1.0997825860977173, 1.9992175102233887, 0.7500001192092896], 49: [2.0997824668884277, 1.9992175102233887, 1.6500000953674316], 50: [3.9997825622558594, 2.9992172718048096, 2.6500000953674316], 51: [3.9997825622558594, 1.9992172718048096, 2.75], 52: [3.9997825622558594, 0.9992172718048096, 2.6500000953674316], 53: [3.9997825622558594, 1.9992172718048096, 2.549999952316284]}, 'editMode': True}, 'Cube', {'tolerance': 10}]
['Move', {'value': (0, -0.2, 0), 'orient_axis_ortho': 'X', 'selectedVertices': [92], 'vertices': {0: [1.0, 1.0, 1.0], 1: [1.0, 3.0, 1.0], 2: [1.0, -1.0, -1.0], 3: [-1.0, 1.0, 1.0], 4: [-1.0, 3.0, 1.0], 5: [-1.0, -1.0, -1.0], 6: [1.0, 0.75, 1.0], 7: [1.0, -1.0, -0.75], 8: [1.0, 0.75, 0.78125], 9: [1.0, 0.53125, 0.78125], 10: [1.0, 0.53125, 0.5625], 11: [1.0, 0.3125, 0.5625], 12: [1.0, 0.3125, 0.34375], 13: [1.0, 0.09375, 0.34375], 14: [1.0, 0.09375, 0.125], 15: [1.0, -0.125, 0.125], 16: [1.0, -0.125, -0.09375], 17: [1.0, -0.34375, -0.09375], 18: [1.0, -0.34375, -0.3125], 19: [1.0, -0.5625, -0.3125], 20: [1.0, -0.5625, -0.53125], 21: [1.0, -0.78125, -0.53125], 22: [1.0, -0.78125, -0.75], 23: [-1.0, -1.0, -0.75], 24: [-1.0, 0.75, 1.0], 25: [-1.0, -0.78125, -0.75], 26: [-1.0, -0.78125, -0.53125], 27: [-1.0, -0.5625, -0.53125], 28: [-1.0, -0.5625, -0.3125], 29: [-1.0, -0.34375, -0.3125], 30: [-1.0, -0.34375, -0.09375], 31: [-1.0, -0.125, -0.09375], 32: [-1.0, -0.125, 0.125], 33: [-1.0, 0.09375, 0.125], 34: [-1.0, 0.09375, 0.34375], 35: [-1.0, 0.3125, 0.34375], 36: [-1.0, 0.3125, 0.5625], 37: [-1.0, 0.53125, 0.5625], 38: [-1.0, 0.53125, 0.78125], 39: [-1.0, 0.75, 0.78125], 40: [1.0, -0.7999999523162842, -1.0], 41: [1.0, 1.0, 0.7999999523162842], 42: [-1.0, 1.0, 0.7999999523162842], 43: [-1.0, -0.7999999523162842, -1.0], 44: [-1.0, 3.0, 0.7999999523162842], 45: [1.0, 3.0, 0.7999999523162842], 46: [2.9997825622558594, 0.9992173910140991, 2.75], 47: [4.999782562255859, 0.99921715259552, 2.75], 48: [0.9997825622558594, 0.9992175102233887, 0.7500001192092896], 49: [2.9997825622558594, 2.9992175102233887, 2.75], 50: [4.999782562255859, 2.9992172718048096, 2.75], 51: [0.9997825622558594, 2.9992175102233887, 0.7500001192092896], 52: [2.7497825622558594, 0.9992173910140991, 2.75], 53: [0.9997825622558594, 0.9992175102233887, 1.0], 54: [2.7497825622558594, 0.9992173910140991, 2.53125], 55: [2.5310325622558594, 0.9992173910140991, 2.53125], 56: [2.5310325622558594, 0.9992173910140991, 2.3125], 57: [2.3122825622558594, 0.9992173910140991, 2.3125], 58: [2.3122825622558594, 0.9992173910140991, 2.09375], 59: [2.0935325622558594, 0.9992173910140991, 2.09375], 60: [2.0935325622558594, 0.9992173910140991, 1.875], 61: [1.8747825622558594, 0.9992173910140991, 1.875], 62: [1.8747825622558594, 0.9992173910140991, 1.65625], 63: [1.6560325622558594, 0.9992173910140991, 1.65625], 64: [1.6560325622558594, 0.9992173910140991, 1.4375], 65: [1.4372825622558594, 0.9992175102233887, 1.4375], 66: [1.4372825622558594, 0.9992175102233887, 1.21875], 67: [1.2185325622558594, 0.9992175102233887, 1.21875], 68: [1.2185325622558594, 0.9992175102233887, 1.0], 69: [0.9997825622558594, 2.9992175102233887, 1.0], 70: [2.7497825622558594, 2.9992175102233887, 2.75], 71: [1.2185325622558594, 2.9992175102233887, 1.0], 72: [1.2185325622558594, 2.9992175102233887, 1.21875], 73: [1.4372825622558594, 2.9992175102233887, 1.21875], 74: [1.4372825622558594, 2.9992175102233887, 1.4375], 75: [1.6560325622558594, 2.9992175102233887, 1.4375], 76: [1.6560325622558594, 2.9992175102233887, 1.65625], 77: [1.8747825622558594, 2.9992175102233887, 1.65625], 78: [1.8747825622558594, 2.9992175102233887, 1.875], 79: [2.0935325622558594, 2.9992175102233887, 1.875], 80: [2.0935325622558594, 2.9992175102233887, 2.09375], 81: [2.3122825622558594, 2.9992175102233887, 2.09375], 82: [2.3122825622558594, 2.9992175102233887, 2.3125], 83: [2.5310325622558594, 2.9992175102233887, 2.3125], 84: [2.5310325622558594, 2.9992175102233887, 2.53125], 85: [2.7497825622558594, 2.9992175102233887, 2.53125], 86: [1.1997826099395752, 0.9992175102233887, 0.7500001192092896], 87: [2.9997825622558594, 0.9992173910140991, 2.549999952316284], 88: [2.9997825622558594, 2.9992175102233887, 2.549999952316284], 89: [1.1997826099395752, 2.9992175102233887, 0.7500001192092896], 90: [4.999782562255859, 2.9992172718048096, 2.549999952316284], 91: [4.999782562255859, 0.99921715259552, 2.549999952316284], 92: [1.0, -0.9999999403953552, 0.2999999523162842], 93: [1.0, 1.0, 2.0999999046325684]}, 'faces': {0: [0.0, 3.0, 0.8999999761581421], 1: [0.0, 0.875, 1.0], 2: [-1.0, -0.04999999701976776, 0.04999999701976776], 3: [0.0, -1.0, -0.875], 4: [1.0, -0.05000000819563866, 0.05000000819563866], 5: [0.0, 0.75, 0.890625], 6: [0.0, 0.640625, 0.78125], 7: [0.0, 0.53125, 0.671875], 8: [0.0, 0.421875, 0.5625], 9: [0.0, 0.3125, 0.453125], 10: [0.0, 0.203125, 0.34375], 11: [0.0, 0.09375, 0.234375], 12: [0.0, -0.015625, 0.125], 13: [0.0, -0.125, 0.015625], 14: [0.0, -0.234375, -0.09375], 15: [0.0, -0.34375, -0.203125], 16: [0.0, -0.453125, -0.3125], 17: [0.0, -0.5625, -0.421875], 18: [0.0, -0.671875, -0.53125], 19: [0.0, -0.78125, -0.640625], 20: [0.0, -0.890625, -0.75], 21: [0.0, -0.8999999761581421, -1.0], 22: [0.0, 0.10000002384185791, -0.10000002384185791], 23: [-1.0, 2.0, 0.8999999761581421], 24: [0.0, 2.0, 1.0], 25: [1.0, 2.0, 0.8999999761581421], 26: [0.0, 2.0, 0.7999999523162842], 27: [4.999782562255859, 1.99921715259552, 2.6500000953674316], 28: [2.8747825622558594, 1.9992175102233887, 2.75], 29: [1.9497826099395752, 2.9992177486419678, 1.7999999523162842], 30: [0.9997825622558594, 1.9992175102233887, 0.875], 31: [1.9497826099395752, 0.9992174506187439, 1.7999999523162842], 32: [2.7497825622558594, 1.9992175102233887, 2.640625], 33: [2.6404075622558594, 1.9992175102233887, 2.53125], 34: [2.5310325622558594, 1.9992175102233887, 2.421875], 35: [2.4216575622558594, 1.9992175102233887, 2.3125], 36: [2.3122825622558594, 1.9992175102233887, 2.203125], 37: [2.2029075622558594, 1.9992175102233887, 2.09375], 38: [2.0935325622558594, 1.9992175102233887, 1.984375], 39: [1.9841575622558594, 1.9992175102233887, 1.875], 40: [1.8747825622558594, 1.9992175102233887, 1.765625], 41: [1.7654075622558594, 1.9992175102233887, 1.65625], 42: [1.6560325622558594, 1.9992175102233887, 1.546875], 43: [1.5466575622558594, 1.9992175102233887, 1.4375], 44: [1.4372825622558594, 1.9992175102233887, 1.328125], 45: [1.3279075622558594, 1.9992175102233887, 1.21875], 46: [1.2185325622558594, 1.9992175102233887, 1.109375], 47: [1.1091575622558594, 1.9992175102233887, 1.0], 48: [1.0997825860977173, 1.9992175102233887, 0.7500001192092896], 49: [2.0997824668884277, 1.9992175102233887, 1.6500000953674316], 50: [3.9997825622558594, 2.9992172718048096, 2.6500000953674316], 51: [3.9997825622558594, 1.9992172718048096, 2.75], 52: [3.9997825622558594, 0.9992172718048096, 2.6500000953674316], 53: [3.9997825622558594, 1.9992172718048096, 2.549999952316284]}, 'editMode': True}, 'Cube', {'tolerance': 10}]
['Move', {'value': (0, 0, -0.2), 'orient_axis_ortho': 'X', 'selectedVertices': [92], 'vertices': {0: [1.0, 1.0, 1.0], 1: [1.0, 3.0, 1.0], 2: [1.0, -1.0, -1.0], 3: [-1.0, 1.0, 1.0], 4: [-1.0, 3.0, 1.0], 5: [-1.0, -1.0, -1.0], 6: [1.0, 0.75, 1.0], 7: [1.0, -1.0, -0.75], 8: [1.0, 0.75, 0.78125], 9: [1.0, 0.53125, 0.78125], 10: [1.0, 0.53125, 0.5625], 11: [1.0, 0.3125, 0.5625], 12: [1.0, 0.3125, 0.34375], 13: [1.0, 0.09375, 0.34375], 14: [1.0, 0.09375, 0.125], 15: [1.0, -0.125, 0.125], 16: [1.0, -0.125, -0.09375], 17: [1.0, -0.34375, -0.09375], 18: [1.0, -0.34375, -0.3125], 19: [1.0, -0.5625, -0.3125], 20: [1.0, -0.5625, -0.53125], 21: [1.0, -0.78125, -0.53125], 22: [1.0, -0.78125, -0.75], 23: [-1.0, -1.0, -0.75], 24: [-1.0, 0.75, 1.0], 25: [-1.0, -0.78125, -0.75], 26: [-1.0, -0.78125, -0.53125], 27: [-1.0, -0.5625, -0.53125], 28: [-1.0, -0.5625, -0.3125], 29: [-1.0, -0.34375, -0.3125], 30: [-1.0, -0.34375, -0.09375], 31: [-1.0, -0.125, -0.09375], 32: [-1.0, -0.125, 0.125], 33: [-1.0, 0.09375, 0.125], 34: [-1.0, 0.09375, 0.34375], 35: [-1.0, 0.3125, 0.34375], 36: [-1.0, 0.3125, 0.5625], 37: [-1.0, 0.53125, 0.5625], 38: [-1.0, 0.53125, 0.78125], 39: [-1.0, 0.75, 0.78125], 40: [1.0, -0.7999999523162842, -1.0], 41: [1.0, 1.0, 0.7999999523162842], 42: [-1.0, 1.0, 0.7999999523162842], 43: [-1.0, -0.7999999523162842, -1.0], 44: [-1.0, 3.0, 0.7999999523162842], 45: [1.0, 3.0, 0.7999999523162842], 46: [2.9997825622558594, 0.9992173910140991, 2.75], 47: [4.999782562255859, 0.99921715259552, 2.75], 48: [0.9997825622558594, 0.9992175102233887, 0.7500001192092896], 49: [2.9997825622558594, 2.9992175102233887, 2.75], 50: [4.999782562255859, 2.9992172718048096, 2.75], 51: [0.9997825622558594, 2.9992175102233887, 0.7500001192092896], 52: [2.7497825622558594, 0.9992173910140991, 2.75], 53: [0.9997825622558594, 0.9992175102233887, 1.0], 54: [2.7497825622558594, 0.9992173910140991, 2.53125], 55: [2.5310325622558594, 0.9992173910140991, 2.53125], 56: [2.5310325622558594, 0.9992173910140991, 2.3125], 57: [2.3122825622558594, 0.9992173910140991, 2.3125], 58: [2.3122825622558594, 0.9992173910140991, 2.09375], 59: [2.0935325622558594, 0.9992173910140991, 2.09375], 60: [2.0935325622558594, 0.9992173910140991, 1.875], 61: [1.8747825622558594, 0.9992173910140991, 1.875], 62: [1.8747825622558594, 0.9992173910140991, 1.65625], 63: [1.6560325622558594, 0.9992173910140991, 1.65625], 64: [1.6560325622558594, 0.9992173910140991, 1.4375], 65: [1.4372825622558594, 0.9992175102233887, 1.4375], 66: [1.4372825622558594, 0.9992175102233887, 1.21875], 67: [1.2185325622558594, 0.9992175102233887, 1.21875], 68: [1.2185325622558594, 0.9992175102233887, 1.0], 69: [0.9997825622558594, 2.9992175102233887, 1.0], 70: [2.7497825622558594, 2.9992175102233887, 2.75], 71: [1.2185325622558594, 2.9992175102233887, 1.0], 72: [1.2185325622558594, 2.9992175102233887, 1.21875], 73: [1.4372825622558594, 2.9992175102233887, 1.21875], 74: [1.4372825622558594, 2.9992175102233887, 1.4375], 75: [1.6560325622558594, 2.9992175102233887, 1.4375], 76: [1.6560325622558594, 2.9992175102233887, 1.65625], 77: [1.8747825622558594, 2.9992175102233887, 1.65625], 78: [1.8747825622558594, 2.9992175102233887, 1.875], 79: [2.0935325622558594, 2.9992175102233887, 1.875], 80: [2.0935325622558594, 2.9992175102233887, 2.09375], 81: [2.3122825622558594, 2.9992175102233887, 2.09375], 82: [2.3122825622558594, 2.9992175102233887, 2.3125], 83: [2.5310325622558594, 2.9992175102233887, 2.3125], 84: [2.5310325622558594, 2.9992175102233887, 2.53125], 85: [2.7497825622558594, 2.9992175102233887, 2.53125], 86: [1.1997826099395752, 0.9992175102233887, 0.7500001192092896], 87: [2.9997825622558594, 0.9992173910140991, 2.549999952316284], 88: [2.9997825622558594, 2.9992175102233887, 2.549999952316284], 89: [1.1997826099395752, 2.9992175102233887, 0.7500001192092896], 90: [4.999782562255859, 2.9992172718048096, 2.549999952316284], 91: [4.999782562255859, 0.99921715259552, 2.549999952316284], 92: [1.0, -0.9999999403953552, 0.09999994933605194], 93: [1.0, 1.0, 2.0999999046325684]}, 'faces': {0: [0.0, 3.0, 0.8999999761581421], 1: [0.0, 0.875, 1.0], 2: [-1.0, -0.04999999701976776, 0.04999999701976776], 3: [0.0, -1.0, -0.875], 4: [1.0, -0.05000000819563866, 0.05000000819563866], 5: [0.0, 0.75, 0.890625], 6: [0.0, 0.640625, 0.78125], 7: [0.0, 0.53125, 0.671875], 8: [0.0, 0.421875, 0.5625], 9: [0.0, 0.3125, 0.453125], 10: [0.0, 0.203125, 0.34375], 11: [0.0, 0.09375, 0.234375], 12: [0.0, -0.015625, 0.125], 13: [0.0, -0.125, 0.015625], 14: [0.0, -0.234375, -0.09375], 15: [0.0, -0.34375, -0.203125], 16: [0.0, -0.453125, -0.3125], 17: [0.0, -0.5625, -0.421875], 18: [0.0, -0.671875, -0.53125], 19: [0.0, -0.78125, -0.640625], 20: [0.0, -0.890625, -0.75], 21: [0.0, -0.8999999761581421, -1.0], 22: [0.0, 0.10000002384185791, -0.10000002384185791], 23: [-1.0, 2.0, 0.8999999761581421], 24: [0.0, 2.0, 1.0], 25: [1.0, 2.0, 0.8999999761581421], 26: [0.0, 2.0, 0.7999999523162842], 27: [4.999782562255859, 1.99921715259552, 2.6500000953674316], 28: [2.8747825622558594, 1.9992175102233887, 2.75], 29: [1.9497826099395752, 2.9992177486419678, 1.7999999523162842], 30: [0.9997825622558594, 1.9992175102233887, 0.875], 31: [1.9497826099395752, 0.9992174506187439, 1.7999999523162842], 32: [2.7497825622558594, 1.9992175102233887, 2.640625], 33: [2.6404075622558594, 1.9992175102233887, 2.53125], 34: [2.5310325622558594, 1.9992175102233887, 2.421875], 35: [2.4216575622558594, 1.9992175102233887, 2.3125], 36: [2.3122825622558594, 1.9992175102233887, 2.203125], 37: [2.2029075622558594, 1.9992175102233887, 2.09375], 38: [2.0935325622558594, 1.9992175102233887, 1.984375], 39: [1.9841575622558594, 1.9992175102233887, 1.875], 40: [1.8747825622558594, 1.9992175102233887, 1.765625], 41: [1.7654075622558594, 1.9992175102233887, 1.65625], 42: [1.6560325622558594, 1.9992175102233887, 1.546875], 43: [1.5466575622558594, 1.9992175102233887, 1.4375], 44: [1.4372825622558594, 1.9992175102233887, 1.328125], 45: [1.3279075622558594, 1.9992175102233887, 1.21875], 46: [1.2185325622558594, 1.9992175102233887, 1.109375], 47: [1.1091575622558594, 1.9992175102233887, 1.0], 48: [1.0997825860977173, 1.9992175102233887, 0.7500001192092896], 49: [2.0997824668884277, 1.9992175102233887, 1.6500000953674316], 50: [3.9997825622558594, 2.9992172718048096, 2.6500000953674316], 51: [3.9997825622558594, 1.9992172718048096, 2.75], 52: [3.9997825622558594, 0.9992172718048096, 2.6500000953674316], 53: [3.9997825622558594, 1.9992172718048096, 2.549999952316284]}, 'editMode': True}, 'Cube', {'tolerance': 10}]
['Extrude Only Vertices and Move', {'mirror': False, 'value': (0, 0, -1.1), 'orient_axis_ortho': 'X', 'newVertices': [94, 95], 'newFaces': [], 'vertices': {0: [1.0, 1.0, 1.0], 1: [1.0, 3.0, 1.0], 2: [1.0, -1.0, -1.0], 3: [-1.0, 1.0, 1.0], 4: [-1.0, 3.0, 1.0], 5: [-1.0, -1.0, -1.0], 6: [1.0, 0.75, 1.0], 7: [1.0, -1.0, -0.75], 8: [1.0, 0.75, 0.78125], 9: [1.0, 0.53125, 0.78125], 10: [1.0, 0.53125, 0.5625], 11: [1.0, 0.3125, 0.5625], 12: [1.0, 0.3125, 0.34375], 13: [1.0, 0.09375, 0.34375], 14: [1.0, 0.09375, 0.125], 15: [1.0, -0.125, 0.125], 16: [1.0, -0.125, -0.09375], 17: [1.0, -0.34375, -0.09375], 18: [1.0, -0.34375, -0.3125], 19: [1.0, -0.5625, -0.3125], 20: [1.0, -0.5625, -0.53125], 21: [1.0, -0.78125, -0.53125], 22: [1.0, -0.78125, -0.75], 23: [-1.0, -1.0, -0.75], 24: [-1.0, 0.75, 1.0], 25: [-1.0, -0.78125, -0.75], 26: [-1.0, -0.78125, -0.53125], 27: [-1.0, -0.5625, -0.53125], 28: [-1.0, -0.5625, -0.3125], 29: [-1.0, -0.34375, -0.3125], 30: [-1.0, -0.34375, -0.09375], 31: [-1.0, -0.125, -0.09375], 32: [-1.0, -0.125, 0.125], 33: [-1.0, 0.09375, 0.125], 34: [-1.0, 0.09375, 0.34375], 35: [-1.0, 0.3125, 0.34375], 36: [-1.0, 0.3125, 0.5625], 37: [-1.0, 0.53125, 0.5625], 38: [-1.0, 0.53125, 0.78125], 39: [-1.0, 0.75, 0.78125], 40: [1.0, -0.7999999523162842, -1.0], 41: [1.0, 1.0, 0.7999999523162842], 42: [-1.0, 1.0, 0.7999999523162842], 43: [-1.0, -0.7999999523162842, -1.0], 44: [-1.0, 3.0, 0.7999999523162842], 45: [1.0, 3.0, 0.7999999523162842], 46: [2.9997825622558594, 0.9992173910140991, 2.75], 47: [4.999782562255859, 0.99921715259552, 2.75], 48: [0.9997825622558594, 0.9992175102233887, 0.7500001192092896], 49: [2.9997825622558594, 2.9992175102233887, 2.75], 50: [4.999782562255859, 2.9992172718048096, 2.75], 51: [0.9997825622558594, 2.9992175102233887, 0.7500001192092896], 52: [2.7497825622558594, 0.9992173910140991, 2.75], 53: [0.9997825622558594, 0.9992175102233887, 1.0], 54: [2.7497825622558594, 0.9992173910140991, 2.53125], 55: [2.5310325622558594, 0.9992173910140991, 2.53125], 56: [2.5310325622558594, 0.9992173910140991, 2.3125], 57: [2.3122825622558594, 0.9992173910140991, 2.3125], 58: [2.3122825622558594, 0.9992173910140991, 2.09375], 59: [2.0935325622558594, 0.9992173910140991, 2.09375], 60: [2.0935325622558594, 0.9992173910140991, 1.875], 61: [1.8747825622558594, 0.9992173910140991, 1.875], 62: [1.8747825622558594, 0.9992173910140991, 1.65625], 63: [1.6560325622558594, 0.9992173910140991, 1.65625], 64: [1.6560325622558594, 0.9992173910140991, 1.4375], 65: [1.4372825622558594, 0.9992175102233887, 1.4375], 66: [1.4372825622558594, 0.9992175102233887, 1.21875], 67: [1.2185325622558594, 0.9992175102233887, 1.21875], 68: [1.2185325622558594, 0.9992175102233887, 1.0], 69: [0.9997825622558594, 2.9992175102233887, 1.0], 70: [2.7497825622558594, 2.9992175102233887, 2.75], 71: [1.2185325622558594, 2.9992175102233887, 1.0], 72: [1.2185325622558594, 2.9992175102233887, 1.21875], 73: [1.4372825622558594, 2.9992175102233887, 1.21875], 74: [1.4372825622558594, 2.9992175102233887, 1.4375], 75: [1.6560325622558594, 2.9992175102233887, 1.4375], 76: [1.6560325622558594, 2.9992175102233887, 1.65625], 77: [1.8747825622558594, 2.9992175102233887, 1.65625], 78: [1.8747825622558594, 2.9992175102233887, 1.875], 79: [2.0935325622558594, 2.9992175102233887, 1.875], 80: [2.0935325622558594, 2.9992175102233887, 2.09375], 81: [2.3122825622558594, 2.9992175102233887, 2.09375], 82: [2.3122825622558594, 2.9992175102233887, 2.3125], 83: [2.5310325622558594, 2.9992175102233887, 2.3125], 84: [2.5310325622558594, 2.9992175102233887, 2.53125], 85: [2.7497825622558594, 2.9992175102233887, 2.53125], 86: [1.1997826099395752, 0.9992175102233887, 0.7500001192092896], 87: [2.9997825622558594, 0.9992173910140991, 2.549999952316284], 88: [2.9997825622558594, 2.9992175102233887, 2.549999952316284], 89: [1.1997826099395752, 2.9992175102233887, 0.7500001192092896], 90: [4.999782562255859, 2.9992172718048096, 2.549999952316284], 91: [4.999782562255859, 0.99921715259552, 2.549999952316284], 92: [1.0, -0.9999999403953552, 0.09999994933605194], 93: [1.0, 1.0, 2.0999999046325684], 94: [1.0, -0.9999999403953552, -1.0000001192092896], 95: [1.0, 1.0, 0.9999998807907104]}, 'faces': {0: [0.0, 3.0, 0.8999999761581421], 1: [0.0, 0.875, 1.0], 2: [-1.0, -0.04999999701976776, 0.04999999701976776], 3: [0.0, -1.0, -0.875], 4: [1.0, -0.05000000819563866, 0.05000000819563866], 5: [0.0, 0.75, 0.890625], 6: [0.0, 0.640625, 0.78125], 7: [0.0, 0.53125, 0.671875], 8: [0.0, 0.421875, 0.5625], 9: [0.0, 0.3125, 0.453125], 10: [0.0, 0.203125, 0.34375], 11: [0.0, 0.09375, 0.234375], 12: [0.0, -0.015625, 0.125], 13: [0.0, -0.125, 0.015625], 14: [0.0, -0.234375, -0.09375], 15: [0.0, -0.34375, -0.203125], 16: [0.0, -0.453125, -0.3125], 17: [0.0, -0.5625, -0.421875], 18: [0.0, -0.671875, -0.53125], 19: [0.0, -0.78125, -0.640625], 20: [0.0, -0.890625, -0.75], 21: [0.0, -0.8999999761581421, -1.0], 22: [0.0, 0.10000002384185791, -0.10000002384185791], 23: [-1.0, 2.0, 0.8999999761581421], 24: [0.0, 2.0, 1.0], 25: [1.0, 2.0, 0.8999999761581421], 26: [0.0, 2.0, 0.7999999523162842], 27: [4.999782562255859, 1.99921715259552, 2.6500000953674316], 28: [2.8747825622558594, 1.9992175102233887, 2.75], 29: [1.9497826099395752, 2.9992177486419678, 1.7999999523162842], 30: [0.9997825622558594, 1.9992175102233887, 0.875], 31: [1.9497826099395752, 0.9992174506187439, 1.7999999523162842], 32: [2.7497825622558594, 1.9992175102233887, 2.640625], 33: [2.6404075622558594, 1.9992175102233887, 2.53125], 34: [2.5310325622558594, 1.9992175102233887, 2.421875], 35: [2.4216575622558594, 1.9992175102233887, 2.3125], 36: [2.3122825622558594, 1.9992175102233887, 2.203125], 37: [2.2029075622558594, 1.9992175102233887, 2.09375], 38: [2.0935325622558594, 1.9992175102233887, 1.984375], 39: [1.9841575622558594, 1.9992175102233887, 1.875], 40: [1.8747825622558594, 1.9992175102233887, 1.765625], 41: [1.7654075622558594, 1.9992175102233887, 1.65625], 42: [1.6560325622558594, 1.9992175102233887, 1.546875], 43: [1.5466575622558594, 1.9992175102233887, 1.4375], 44: [1.4372825622558594, 1.9992175102233887, 1.328125], 45: [1.3279075622558594, 1.9992175102233887, 1.21875], 46: [1.2185325622558594, 1.9992175102233887, 1.109375], 47: [1.1091575622558594, 1.9992175102233887, 1.0], 48: [1.0997825860977173, 1.9992175102233887, 0.7500001192092896], 49: [2.0997824668884277, 1.9992175102233887, 1.6500000953674316], 50: [3.9997825622558594, 2.9992172718048096, 2.6500000953674316], 51: [3.9997825622558594, 1.9992172718048096, 2.75], 52: [3.9997825622558594, 0.9992172718048096, 2.6500000953674316], 53: [3.9997825622558594, 1.9992172718048096, 2.549999952316284]}, 'editMode': True}, 'Cube', {'tolerance': 10}]
['Select Linked', {'deselect': False, 'delimit': set(), 'vertices': {0: [1.0, 1.0, 1.0], 1: [1.0, 3.0, 1.0], 2: [1.0, -1.0, -1.0], 3: [-1.0, 1.0, 1.0], 4: [-1.0, 3.0, 1.0], 5: [-1.0, -1.0, -1.0], 6: [1.0, 0.75, 1.0], 7: [1.0, -1.0, -0.75], 8: [1.0, 0.75, 0.78125], 9: [1.0, 0.53125, 0.78125], 10: [1.0, 0.53125, 0.5625], 11: [1.0, 0.3125, 0.5625], 12: [1.0, 0.3125, 0.34375], 13: [1.0, 0.09375, 0.34375], 14: [1.0, 0.09375, 0.125], 15: [1.0, -0.125, 0.125], 16: [1.0, -0.125, -0.09375], 17: [1.0, -0.34375, -0.09375], 18: [1.0, -0.34375, -0.3125], 19: [1.0, -0.5625, -0.3125], 20: [1.0, -0.5625, -0.53125], 21: [1.0, -0.78125, -0.53125], 22: [1.0, -0.78125, -0.75], 23: [-1.0, -1.0, -0.75], 24: [-1.0, 0.75, 1.0], 25: [-1.0, -0.78125, -0.75], 26: [-1.0, -0.78125, -0.53125], 27: [-1.0, -0.5625, -0.53125], 28: [-1.0, -0.5625, -0.3125], 29: [-1.0, -0.34375, -0.3125], 30: [-1.0, -0.34375, -0.09375], 31: [-1.0, -0.125, -0.09375], 32: [-1.0, -0.125, 0.125], 33: [-1.0, 0.09375, 0.125], 34: [-1.0, 0.09375, 0.34375], 35: [-1.0, 0.3125, 0.34375], 36: [-1.0, 0.3125, 0.5625], 37: [-1.0, 0.53125, 0.5625], 38: [-1.0, 0.53125, 0.78125], 39: [-1.0, 0.75, 0.78125], 40: [1.0, -0.7999999523162842, -1.0], 41: [1.0, 1.0, 0.7999999523162842], 42: [-1.0, 1.0, 0.7999999523162842], 43: [-1.0, -0.7999999523162842, -1.0], 44: [-1.0, 3.0, 0.7999999523162842], 45: [1.0, 3.0, 0.7999999523162842], 46: [2.9997825622558594, 0.9992173910140991, 2.75], 47: [4.999782562255859, 0.99921715259552, 2.75], 48: [0.9997825622558594, 0.9992175102233887, 0.7500001192092896], 49: [2.9997825622558594, 2.9992175102233887, 2.75], 50: [4.999782562255859, 2.9992172718048096, 2.75], 51: [0.9997825622558594, 2.9992175102233887, 0.7500001192092896], 52: [2.7497825622558594, 0.9992173910140991, 2.75], 53: [0.9997825622558594, 0.9992175102233887, 1.0], 54: [2.7497825622558594, 0.9992173910140991, 2.53125], 55: [2.5310325622558594, 0.9992173910140991, 2.53125], 56: [2.5310325622558594, 0.9992173910140991, 2.3125], 57: [2.3122825622558594, 0.9992173910140991, 2.3125], 58: [2.3122825622558594, 0.9992173910140991, 2.09375], 59: [2.0935325622558594, 0.9992173910140991, 2.09375], 60: [2.0935325622558594, 0.9992173910140991, 1.875], 61: [1.8747825622558594, 0.9992173910140991, 1.875], 62: [1.8747825622558594, 0.9992173910140991, 1.65625], 63: [1.6560325622558594, 0.9992173910140991, 1.65625], 64: [1.6560325622558594, 0.9992173910140991, 1.4375], 65: [1.4372825622558594, 0.9992175102233887, 1.4375], 66: [1.4372825622558594, 0.9992175102233887, 1.21875], 67: [1.2185325622558594, 0.9992175102233887, 1.21875], 68: [1.2185325622558594, 0.9992175102233887, 1.0], 69: [0.9997825622558594, 2.9992175102233887, 1.0], 70: [2.7497825622558594, 2.9992175102233887, 2.75], 71: [1.2185325622558594, 2.9992175102233887, 1.0], 72: [1.2185325622558594, 2.9992175102233887, 1.21875], 73: [1.4372825622558594, 2.9992175102233887, 1.21875], 74: [1.4372825622558594, 2.9992175102233887, 1.4375], 75: [1.6560325622558594, 2.9992175102233887, 1.4375], 76: [1.6560325622558594, 2.9992175102233887, 1.65625], 77: [1.8747825622558594, 2.9992175102233887, 1.65625], 78: [1.8747825622558594, 2.9992175102233887, 1.875], 79: [2.0935325622558594, 2.9992175102233887, 1.875], 80: [2.0935325622558594, 2.9992175102233887, 2.09375], 81: [2.3122825622558594, 2.9992175102233887, 2.09375], 82: [2.3122825622558594, 2.9992175102233887, 2.3125], 83: [2.5310325622558594, 2.9992175102233887, 2.3125], 84: [2.5310325622558594, 2.9992175102233887, 2.53125], 85: [2.7497825622558594, 2.9992175102233887, 2.53125], 86: [1.1997826099395752, 0.9992175102233887, 0.7500001192092896], 87: [2.9997825622558594, 0.9992173910140991, 2.549999952316284], 88: [2.9997825622558594, 2.9992175102233887, 2.549999952316284], 89: [1.1997826099395752, 2.9992175102233887, 0.7500001192092896], 90: [4.999782562255859, 2.9992172718048096, 2.549999952316284], 91: [4.999782562255859, 0.99921715259552, 2.549999952316284], 92: [1.0, -0.9999999403953552, 0.09999994933605194], 93: [1.0, 1.0, 2.0999999046325684], 94: [1.0, -0.9999999403953552, -1.0000001192092896], 95: [1.0, 1.0, 0.9999998807907104]}, 'faces': {0: [0.0, 3.0, 0.8999999761581421], 1: [0.0, 0.875, 1.0], 2: [-1.0, -0.04999999701976776, 0.04999999701976776], 3: [0.0, -1.0, -0.875], 4: [1.0, -0.05000000819563866, 0.05000000819563866], 5: [0.0, 0.75, 0.890625], 6: [0.0, 0.640625, 0.78125], 7: [0.0, 0.53125, 0.671875], 8: [0.0, 0.421875, 0.5625], 9: [0.0, 0.3125, 0.453125], 10: [0.0, 0.203125, 0.34375], 11: [0.0, 0.09375, 0.234375], 12: [0.0, -0.015625, 0.125], 13: [0.0, -0.125, 0.015625], 14: [0.0, -0.234375, -0.09375], 15: [0.0, -0.34375, -0.203125], 16: [0.0, -0.453125, -0.3125], 17: [0.0, -0.5625, -0.421875], 18: [0.0, -0.671875, -0.53125], 19: [0.0, -0.78125, -0.640625], 20: [0.0, -0.890625, -0.75], 21: [0.0, -0.8999999761581421, -1.0], 22: [0.0, 0.10000002384185791, -0.10000002384185791], 23: [-1.0, 2.0, 0.8999999761581421], 24: [0.0, 2.0, 1.0], 25: [1.0, 2.0, 0.8999999761581421], 26: [0.0, 2.0, 0.7999999523162842], 27: [4.999782562255859, 1.99921715259552, 2.6500000953674316], 28: [2.8747825622558594, 1.9992175102233887, 2.75], 29: [1.9497826099395752, 2.9992177486419678, 1.7999999523162842], 30: [0.9997825622558594, 1.9992175102233887, 0.875], 31: [1.9497826099395752, 0.9992174506187439, 1.7999999523162842], 32: [2.7497825622558594, 1.9992175102233887, 2.640625], 33: [2.6404075622558594, 1.9992175102233887, 2.53125], 34: [2.5310325622558594, 1.9992175102233887, 2.421875], 35: [2.4216575622558594, 1.9992175102233887, 2.3125], 36: [2.3122825622558594, 1.9992175102233887, 2.203125], 37: [2.2029075622558594, 1.9992175102233887, 2.09375], 38: [2.0935325622558594, 1.9992175102233887, 1.984375], 39: [1.9841575622558594, 1.9992175102233887, 1.875], 40: [1.8747825622558594, 1.9992175102233887, 1.765625], 41: [1.7654075622558594, 1.9992175102233887, 1.65625], 42: [1.6560325622558594, 1.9992175102233887, 1.546875], 43: [1.5466575622558594, 1.9992175102233887, 1.4375], 44: [1.4372825622558594, 1.9992175102233887, 1.328125], 45: [1.3279075622558594, 1.9992175102233887, 1.21875], 46: [1.2185325622558594, 1.9992175102233887, 1.109375], 47: [1.1091575622558594, 1.9992175102233887, 1.0], 48: [1.0997825860977173, 1.9992175102233887, 0.7500001192092896], 49: [2.0997824668884277, 1.9992175102233887, 1.6500000953674316], 50: [3.9997825622558594, 2.9992172718048096, 2.6500000953674316], 51: [3.9997825622558594, 1.9992172718048096, 2.75], 52: [3.9997825622558594, 0.9992172718048096, 2.6500000953674316], 53: [3.9997825622558594, 1.9992172718048096, 2.549999952316284]}, 'editMode': True}, 'Cube', {'tolerance': 10}]
['Toggle Edit Mode', {'selectedObjs': ['Cube', 'Cube.001'], 'editMode': False}, 'Cube', {'tolerance': 10}]
['Toggle Edit Mode', {'selectedObjs': ['Cube', 'Cube.001'], 'editMode': False}, 'Cube.001', {'tolerance': 10}]
['Toggle Edit Mode', {'vertices': {0: [1.0, -0.9999999403953552, 0.09999994933605194], 1: [1.0, 1.0, 2.0999999046325684], 2: [1.0, -0.9999999403953552, -1.0000001192092896], 3: [1.0, 1.0, 0.9999998807907104]}, 'faces': {}, 'editMode': True}, 'Cube.001', {'tolerance': 10}]
['Bevel', {'offset': 0.2, 'offset_pct': 0, 'newVertices': [4, 5, 6, 7, 8, 9, 10, 11, 12, 13], 'newFaces': [], 'vertices': {0: [1.0, -0.9999999403953552, -1.0000001192092896], 1: [1.0, 1.0, 0.9999998807907104], 2: [1.0, -0.8585785627365112, 0.24142131209373474], 3: [1.0, -0.9999999403953552, -0.1000000536441803], 4: [1.0, -0.8585785031318665, 0.21642130613327026], 5: [1.0, -0.9116114974021912, 0.08838830143213272], 6: [1.0, -0.9292892217636108, 0.07071062922477722], 7: [1.0, -0.9823222160339355, -0.05732238292694092], 8: [1.0, 0.858578622341156, 1.9585785865783691], 9: [1.0, 1.0, 1.8999998569488525], 10: [1.0, 0.8585786819458008, 1.933578610420227], 11: [1.0, 0.9116116762161255, 1.911611557006836], 12: [1.0, 0.9292893409729004, 1.9292892217636108], 13: [1.0, 0.9823223948478699, 1.9073221683502197]}, 'faces': {}, 'editMode': True}, 'Cube.001', {'tolerance': 10}]
['Bevel', {'offset': 0.2, 'profile_type': 'SUPERELLIPSE', 'selectedVertices': [4, 5, 6, 7, 10, 11, 12, 13], 'vertices': {0: [1.0, -0.9999999403953552, -1.0000001192092896], 1: [1.0, 1.0, 0.9999998807907104], 2: [1.0, -0.8585785627365112, 0.24142131209373474], 3: [1.0, -0.9999999403953552, -0.1000000536441803], 4: [1.0, -0.9022800922393799, 0.18793101608753204], 5: [1.0, -0.9417039155960083, 0.12009932845830917], 6: [1.0, -0.9729908108711243, 0.0445660725235939], 7: [1.0, -0.9930782318115234, -0.031275004148483276], 8: [1.0, 0.858578622341156, 1.9585785865783691], 9: [1.0, 1.0, 1.8999998569488525], 10: [1.0, 0.9022802710533142, 1.9924914836883545], 11: [1.0, 0.9417040944099426, 2.003507375717163], 12: [1.0, 0.9729909896850586, 1.9905478954315186], 13: [1.0, 0.9930784106254578, 1.9548816680908203]}, 'faces': {}, 'editMode': True}, 'Cube.001', {'tolerance': 10}]
[' bpy data window_managers', {'group': 'WinMan', '(null)': "'SUPERELLIPSE'", 'editMode': True}, 'Cube.001', {'tolerance': 10}]
['(De)select All', {'action': 'SELECT', 'vertices': {0: [1.0, -0.9999999403953552, -1.0000001192092896], 1: [1.0, 1.0, 0.9999998807907104], 2: [1.0, -0.8585785627365112, 0.24142131209373474], 3: [1.0, -0.9999999403953552, -0.1000000536441803], 4: [1.0, -0.9022800922393799, 0.18793101608753204], 5: [1.0, -0.9417039155960083, 0.12009932845830917], 6: [1.0, -0.9729908108711243, 0.0445660725235939], 7: [1.0, -0.9930782318115234, -0.031275004148483276], 8: [1.0, 0.858578622341156, 1.9585785865783691], 9: [1.0, 1.0, 1.8999998569488525], 10: [1.0, 0.9022802710533142, 1.9924914836883545], 11: [1.0, 0.9417040944099426, 2.003507375717163], 12: [1.0, 0.9729909896850586, 1.9905478954315186], 13: [1.0, 0.9930784106254578, 1.9548816680908203]}, 'faces': {}, 'editMode': True}, 'Cube.001', {'tolerance': 10}]
['Add Duplicate', {'mode': 1, 'value': (0, 0, 0), 'orient_axis_ortho': 'X', 'newVertices': [14, 15, 16, 17, 18, 19, 20, 21, 22, 23, 24, 25, 26, 27], 'newFaces': [], 'vertices': {0: [1.0, 1.0, 0.9999998807907104], 1: [1.0, -0.9999999403953552, -1.0000001192092896], 2: [1.0, -0.9999999403953552, -1.0000001192092896], 3: [1.0, 1.0, 0.9999998807907104], 4: [1.0, -0.8585785627365112, 0.24142131209373474], 5: [1.0, -0.9999999403953552, -0.1000000536441803], 6: [1.0, -0.9022800922393799, 0.18793101608753204], 7: [1.0, -0.9417039155960083, 0.12009932845830917], 8: [1.0, -0.9729908108711243, 0.0445660725235939], 9: [1.0, -0.9930782318115234, -0.031275004148483276], 10: [1.0, 0.858578622341156, 1.9585785865783691], 11: [1.0, 1.0, 1.8999998569488525], 12: [1.0, 0.9022802710533142, 1.9924914836883545], 13: [1.0, 0.9417040944099426, 2.003507375717163], 14: [1.0, 0.9729909896850586, 1.9905478954315186], 15: [1.0, 0.9930784106254578, 1.9548816680908203], 16: [1.0, -0.8585785627365112, 0.24142131209373474], 17: [1.0, -0.9999999403953552, -0.1000000536441803], 18: [1.0, -0.9022800922393799, 0.18793101608753204], 19: [1.0, -0.9417039155960083, 0.12009932845830917], 20: [1.0, -0.9729908108711243, 0.0445660725235939], 21: [1.0, -0.9930782318115234, -0.031275004148483276], 22: [1.0, 0.858578622341156, 1.9585785865783691], 23: [1.0, 1.0, 1.8999998569488525], 24: [1.0, 0.9022802710533142, 1.9924914836883545], 25: [1.0, 0.9417040944099426, 2.003507375717163], 26: [1.0, 0.9729909896850586, 1.9905478954315186], 27: [1.0, 0.9930784106254578, 1.9548816680908203]}, 'faces': {}, 'editMode': True}, 'Cube.001', {'tolerance': 10}]
['Move', {'value': (-2, 0, 0), 'orient_axis_ortho': 'X', 'selectedVertices': [0, 1, 16, 17, 18, 19, 20, 21, 22, 23, 24, 25, 26, 27], 'vertices': {0: [-1.0, 1.0, 0.9999998807907104], 1: [-1.0, -0.9999999403953552, -1.0000001192092896], 2: [1.0, -0.9999999403953552, -1.0000001192092896], 3: [1.0, 1.0, 0.9999998807907104], 4: [1.0, -0.8585785627365112, 0.24142131209373474], 5: [1.0, -0.9999999403953552, -0.1000000536441803], 6: [1.0, -0.9022800922393799, 0.18793101608753204], 7: [1.0, -0.9417039155960083, 0.12009932845830917], 8: [1.0, -0.9729908108711243, 0.0445660725235939], 9: [1.0, -0.9930782318115234, -0.031275004148483276], 10: [1.0, 0.858578622341156, 1.9585785865783691], 11: [1.0, 1.0, 1.8999998569488525], 12: [1.0, 0.9022802710533142, 1.9924914836883545], 13: [1.0, 0.9417040944099426, 2.003507375717163], 14: [1.0, 0.9729909896850586, 1.9905478954315186], 15: [1.0, 0.9930784106254578, 1.9548816680908203], 16: [-1.0, -0.8585785627365112, 0.24142131209373474], 17: [-1.0, -0.9999999403953552, -0.1000000536441803], 18: [-1.0, -0.9022800922393799, 0.18793101608753204], 19: [-1.0, -0.9417039155960083, 0.12009932845830917], 20: [-1.0, -0.9729908108711243, 0.0445660725235939], 21: [-1.0, -0.9930782318115234, -0.031275004148483276], 22: [-1.0, 0.858578622341156, 1.9585785865783691], 23: [-1.0, 1.0, 1.8999998569488525], 24: [-1.0, 0.9022802710533142, 1.9924914836883545], 25: [-1.0, 0.9417040944099426, 2.003507375717163], 26: [-1.0, 0.9729909896850586, 1.9905478954315186], 27: [-1.0, 0.9930784106254578, 1.9548816680908203]}, 'faces': {}, 'editMode': True}, 'Cube.001', {'tolerance': 10}]
['(De)select All', {'action': 'SELECT', 'vertices': {0: [-1.0, 1.0, 0.9999998807907104], 1: [-1.0, -0.9999999403953552, -1.0000001192092896], 2: [1.0, -0.9999999403953552, -1.0000001192092896], 3: [1.0, 1.0, 0.9999998807907104], 4: [1.0, -0.8585785627365112, 0.24142131209373474], 5: [1.0, -0.9999999403953552, -0.1000000536441803], 6: [1.0, -0.9022800922393799, 0.18793101608753204], 7: [1.0, -0.9417039155960083, 0.12009932845830917], 8: [1.0, -0.9729908108711243, 0.0445660725235939], 9: [1.0, -0.9930782318115234, -0.031275004148483276], 10: [1.0, 0.858578622341156, 1.9585785865783691], 11: [1.0, 1.0, 1.8999998569488525], 12: [1.0, 0.9022802710533142, 1.9924914836883545], 13: [1.0, 0.9417040944099426, 2.003507375717163], 14: [1.0, 0.9729909896850586, 1.9905478954315186], 15: [1.0, 0.9930784106254578, 1.9548816680908203], 16: [-1.0, -0.8585785627365112, 0.24142131209373474], 17: [-1.0, -0.9999999403953552, -0.1000000536441803], 18: [-1.0, -0.9022800922393799, 0.18793101608753204], 19: [-1.0, -0.9417039155960083, 0.12009932845830917], 20: [-1.0, -0.9729908108711243, 0.0445660725235939], 21: [-1.0, -0.9930782318115234, -0.031275004148483276], 22: [-1.0, 0.858578622341156, 1.9585785865783691], 23: [-1.0, 1.0, 1.8999998569488525], 24: [-1.0, 0.9022802710533142, 1.9924914836883545], 25: [-1.0, 0.9417040944099426, 2.003507375717163], 26: [-1.0, 0.9729909896850586, 1.9905478954315186], 27: [-1.0, 0.9930784106254578, 1.9548816680908203]}, 'faces': {}, 'editMode': True}, 'Cube.001', {'tolerance': 10}]
['Resize', {'value': (0.9, 1, 1), 'orient_type': 'GLOBAL', 'selectedVertices': [0, 1, 2, 3, 4, 5, 6, 7, 8, 9, 10, 11, 12, 13, 14, 15, 16, 17, 18, 19, 20, 21, 22, 23, 24, 25, 26, 27], 'vertices': {0: [-0.8999999761581421, 1.0, 0.9999998807907104], 1: [-0.8999999761581421, -0.9999999403953552, -1.0000001192092896], 2: [0.8999999761581421, -0.9999999403953552, -1.0000001192092896], 3: [0.8999999761581421, 1.0, 0.9999998807907104], 4: [0.8999999761581421, -0.8585785627365112, 0.24142134189605713], 5: [0.8999999761581421, -0.9999999403953552, -0.10000002384185791], 6: [0.8999999761581421, -0.9022800922393799, 0.18793100118637085], 7: [0.8999999761581421, -0.9417039155960083, 0.12009930610656738], 8: [0.8999999761581421, -0.9729908108711243, 0.04456609487533569], 9: [0.8999999761581421, -0.9930782318115234, -0.031275033950805664], 10: [0.8999999761581421, 0.858578622341156, 1.9585785865783691], 11: [0.8999999761581421, 1.0, 1.8999998569488525], 12: [0.8999999761581421, 0.9022802710533142, 1.9924914836883545], 13: [0.8999999761581421, 0.9417040944099426, 2.003507375717163], 14: [0.8999999761581421, 0.9729909896850586, 1.9905478954315186], 15: [0.8999999761581421, 0.9930784106254578, 1.9548816680908203], 16: [-0.8999999761581421, -0.8585785627365112, 0.24142134189605713], 17: [-0.8999999761581421, -0.9999999403953552, -0.10000002384185791], 18: [-0.8999999761581421, -0.9022800922393799, 0.18793100118637085], 19: [-0.8999999761581421, -0.9417039155960083, 0.12009930610656738], 20: [-0.8999999761581421, -0.9729908108711243, 0.04456609487533569], 21: [-0.8999999761581421, -0.9930782318115234, -0.031275033950805664], 22: [-0.8999999761581421, 0.858578622341156, 1.9585785865783691], 23: [-0.8999999761581421, 1.0, 1.8999998569488525], 24: [-0.8999999761581421, 0.9022802710533142, 1.9924914836883545], 25: [-0.8999999761581421, 0.9417040944099426, 2.003507375717163], 26: [-0.8999999761581421, 0.9729909896850586, 1.9905478954315186], 27: [-0.8999999761581421, 0.9930784106254578, 1.9548816680908203]}, 'faces': {}, 'editMode': True}, 'Cube.001', {'tolerance': 10}]
['Toggle Edit Mode', {'editMode': False}, 'Cube.001', {'tolerance': 10}]
['Convert To', {'target': 'CURVE', 'editMode': False}, 'Cube.001', {'tolerance': 10}]
[' bpy context space_data', {'context': "'DATA'", 'editMode': False}, 'Cube.001', {'tolerance': 10}]
[' bpy context object data', {'bevel_depth': '0.03', 'editMode': False}, 'Cube.001', {'tolerance': 10}]
['Duplicate Objects', {'linked': False, 'mode': 'TRANSLATION', 'value': (0, 0, 0), 'orient_axis_ortho': 'X', 'editMode': False}, 'Cube.002', {'tolerance': 10}]
['Move', {'value': (0, 0, 1.75), 'orient_axis_ortho': 'X', 'newlocation': [0.0, 0.0, 1.75], 'editMode': False}, 'Cube.002', {'tolerance': 10}]
['Move', {'value': (0, 2, 0), 'orient_axis_ortho': 'X', 'newlocation': [0.0, 2.0, 1.75], 'editMode': False}, 'Cube.002', {'tolerance': 10}]
['Move', {'value': (2, 0, 0), 'orient_axis_ortho': 'X', 'newlocation': [2.0, 2.0, 1.75], 'editMode': False}, 'Cube.002', {'tolerance': 10}]
['Rotate', {'value': -1.5708, 'orient_axis': 'Z', 'newrotation': [0.0, -0.0, -1.5707963705062866], 'editMode': False}, 'Cube.002', {'tolerance': 10}]
