['Toggle Edit Mode', {'vertices': {0: [1.0, 1.0, 1.0], 1: [1.0, 1.0, -1.0], 2: [1.0, -1.0, 1.0], 3: [1.0, -1.0, -1.0], 4: [-1.0, 1.0, 1.0], 5: [-1.0, 1.0, -1.0], 6: [-1.0, -1.0, 1.0], 7: [-1.0, -1.0, -1.0]}, 'faces': {0: [0.0, 0.0, 1.0], 1: [0.0, -1.0, 0.0], 2: [-1.0, 0.0, 0.0], 3: [0.0, 0.0, -1.0], 4: [1.0, 0.0, 0.0], 5: [0.0, 1.0, 0.0]}, 'editMode': True}, 'Cube', {'tolerance': 10}]
['Move', {'value': (0, -6, 0), 'orient_axis_ortho': 'X', 'selectedVertices': [0, 1, 2, 3, 4, 5, 6, 7], 'vertices': {0: [1.0, -5.0, 1.0], 1: [1.0, -5.0, -1.0], 2: [1.0, -7.0, 1.0], 3: [1.0, -7.0, -1.0], 4: [-1.0, -5.0, 1.0], 5: [-1.0, -5.0, -1.0], 6: [-1.0, -7.0, 1.0], 7: [-1.0, -7.0, -1.0]}, 'faces': {0: [0.0, -6.0, 1.0], 1: [0.0, -7.0, 0.0], 2: [-1.0, -6.0, 0.0], 3: [0.0, -6.0, -1.0], 4: [1.0, -6.0, 0.0], 5: [0.0, -5.0, 0.0]}, 'editMode': True}, 'Cube', {'tolerance': 10}]
['Move', {'value': (-1, 0, 0), 'orient_axis_ortho': 'X', 'selectedVertices': [0, 1, 2, 3, 4, 5, 6, 7], 'vertices': {0: [0.0, -5.0, 1.0], 1: [0.0, -5.0, -1.0], 2: [0.0, -7.0, 1.0], 3: [0.0, -7.0, -1.0], 4: [-2.0, -5.0, 1.0], 5: [-2.0, -5.0, -1.0], 6: [-2.0, -7.0, 1.0], 7: [-2.0, -7.0, -1.0]}, 'faces': {0: [-1.0, -6.0, 1.0], 1: [-1.0, -7.0, 0.0], 2: [-2.0, -6.0, 0.0], 3: [-1.0, -6.0, -1.0], 4: [0.0, -6.0, 0.0], 5: [-1.0, -5.0, 0.0]}, 'editMode': True}, 'Cube', {'tolerance': 10}]
['Select Mode', {'use_extend': False, 'use_expand': False, 'vertices': {0: [0.0, -5.0, 1.0], 1: [0.0, -5.0, -1.0], 2: [0.0, -7.0, 1.0], 3: [0.0, -7.0, -1.0], 4: [-2.0, -5.0, 1.0], 5: [-2.0, -5.0, -1.0], 6: [-2.0, -7.0, 1.0], 7: [-2.0, -7.0, -1.0]}, 'faces': {0: [-1.0, -6.0, 1.0], 1: [-1.0, -7.0, 0.0], 2: [-2.0, -6.0, 0.0], 3: [-1.0, -6.0, -1.0], 4: [0.0, -6.0, 0.0], 5: [-1.0, -5.0, 0.0]}, 'editMode': True}, 'Cube', {'tolerance': 10}]
['Move', {'value': (1, 0, 0), 'orient_axis_ortho': 'X', 'selectedVertices': [4, 5, 6, 7], 'vertices': {0: [0.0, -5.0, 1.0], 1: [0.0, -5.0, -1.0], 2: [0.0, -7.0, 1.0], 3: [0.0, -7.0, -1.0], 4: [-1.0, -5.0, 1.0], 5: [-1.0, -5.0, -1.0], 6: [-1.0, -7.0, 1.0], 7: [-1.0, -7.0, -1.0]}, 'faces': {0: [-0.5, -6.0, 1.0], 1: [-0.5, -7.0, 0.0], 2: [-1.0, -6.0, 0.0], 3: [-0.5, -6.0, -1.0], 4: [0.0, -6.0, 0.0], 5: [-0.5, -5.0, 0.0]}, 'editMode': True}, 'Cube', {'tolerance': 10}]
['Spin', {'angle': 1.5708, 'center': (0, 0, 0), 'newVertices': [8, 9, 10, 11, 12, 13, 14, 15, 16, 17, 18, 19, 20, 21, 22, 23, 24, 25, 26, 27, 28, 29, 30, 31, 32, 33, 34, 35, 36, 37, 38, 39, 40, 41, 42, 43, 44, 45, 46, 47, 48, 49, 50, 51, 52, 53, 54, 55], 'newFaces': [6, 7, 8, 9, 10, 11, 12, 13, 14, 15, 16, 17, 18, 19, 20, 21, 22, 23, 24, 25, 26, 27, 28, 29, 30, 31, 32, 33, 34, 35, 36, 37, 38, 39, 40, 41, 42, 43, 44, 45, 46, 47, 48, 49, 50, 51, 52, 53], 'vertices': {0: [0.0, -5.0, 1.0], 1: [0.0, -5.0, -1.0], 2: [0.0, -7.0, 1.0], 3: [0.0, -7.0, -1.0], 4: [-1.0, -5.0, 1.0], 5: [-1.0, -5.0, -1.0], 6: [-1.0, -7.0, 1.0], 7: [-1.0, -7.0, -1.0], 8: [0.6526309251785278, -4.957224369049072, 1.0], 9: [0.6526309251785278, -4.957224369049072, -1.0], 10: [0.913683295249939, -6.9401140213012695, 1.0], 11: [0.913683295249939, -6.9401140213012695, -1.0], 12: [1.2940951585769653, -4.829629421234131, 1.0], 13: [1.2940951585769653, -4.829629421234131, -1.0], 14: [1.8117332458496094, -6.761481285095215, 1.0], 15: [1.8117332458496094, -6.761481285095215, -1.0], 16: [1.913417100906372, -4.61939811706543, 1.0], 17: [1.913417100906372, -4.61939811706543, -1.0], 18: [2.678783893585205, -6.467157363891602, 1.0], 19: [2.678783893585205, -6.467157363891602, -1.0], 20: [2.5, -4.330127716064453, 1.0], 21: [2.5, -4.330127716064453, -1.0], 22: [3.5, -6.062178611755371, 1.0], 23: [3.5, -6.062178611755371, -1.0], 24: [3.0438072681427, -3.9667677879333496, 1.0], 25: [3.0438072681427, -3.9667677879333496, -1.0], 26: [4.2613301277160645, -5.553474426269531, 1.0], 27: [4.2613301277160645, -5.553474426269531, -1.0], 28: [3.535534381866455, -3.5355348587036133, 1.0], 29: [3.535534381866455, -3.5355348587036133, -1.0], 30: [4.9497480392456055, -4.949748516082764, 1.0], 31: [4.9497480392456055, -4.949748516082764, -1.0], 32: [3.9667673110961914, -3.0438079833984375, 1.0], 33: [3.9667673110961914, -3.0438079833984375, -1.0], 34: [5.553474426269531, -4.261331081390381, 1.0], 35: [5.553474426269531, -4.261331081390381, -1.0], 36: [4.330127716064453, -2.5000009536743164, 1.0], 37: [4.330127716064453, -2.5000009536743164, -1.0], 38: [6.062179088592529, -3.5000011920928955, 1.0], 39: [6.062179088592529, -3.5000011920928955, -1.0], 40: [4.619398593902588, -1.9134180545806885, 1.0], 41: [4.619398593902588, -1.9134180545806885, -1.0], 42: [6.467158317565918, -2.6787850856781006, 1.0], 43: [6.467158317565918, -2.6787850856781006, -1.0], 44: [4.829630374908447, -1.2940961122512817, 1.0], 45: [4.829630374908447, -1.2940961122512817, -1.0], 46: [6.7614827156066895, -1.8117343187332153, 1.0], 47: [6.7614827156066895, -1.8117343187332153, -1.0], 48: [4.957225799560547, -0.6526318192481995, 1.0], 49: [4.957225799560547, -0.6526318192481995, -1.0], 50: [6.9401164054870605, -0.9136841893196106, 1.0], 51: [6.9401164054870605, -0.9136841893196106, -1.0], 52: [5.000001907348633, -7.152557373046875e-07, 1.0], 53: [5.000001907348633, -7.152557373046875e-07, -1.0], 54: [7.000002861022949, -5.960464477539062e-07, 1.0], 55: [7.000002861022949, -5.960464477539062e-07, -1.0]}, 'faces': {0: [-0.5, -6.0, 1.0], 1: [-0.5, -7.0, 0.0], 2: [-1.0, -6.0, 0.0], 3: [-0.5, -6.0, -1.0], 4: [0.3915785551071167, -5.974334716796875, -1.0], 5: [-0.5, -5.0, 0.0], 6: [1.168035626411438, -5.87211275100708, 1.0], 7: [0.3915785551071167, -5.974334239959717, 1.0], 8: [0.4568416476249695, -6.970056533813477, 0.0], 9: [0.3263154625892639, -4.978611946105957, 0.0], 10: [1.9245073795318604, -5.669416427612305, 1.0], 11: [0.9733630418777466, -4.893426895141602, 0.0], 12: [1.168035626411438, -5.872112274169922, -1.0], 13: [1.362708330154419, -6.850797653198242, 0.0], 14: [2.648050308227539, -5.369715690612793, -1.0], 15: [1.6037561893463135, -4.724514007568359, 0.0], 16: [1.9245072603225708, -5.669416427612305, -1.0], 17: [2.2452585697174072, -6.614319324493408, 0.0], 18: [3.326284170150757, -4.978137016296387, 1.0], 19: [3.0893919467926025, -6.2646684646606445, 0.0], 20: [2.648050308227539, -5.369715690612793, 1.0], 21: [2.2067084312438965, -4.474762916564941, 0.0], 22: [3.289670944213867, -3.7511513233184814, 0.0], 23: [2.7719035148620605, -4.1484479904174805, 0.0], 24: [3.326284408569336, -4.978137016296387, -1.0], 25: [3.880664825439453, -5.807826519012451, 0.0], 26: [4.501380920410156, -3.947605609893799, -1.0], 27: [3.9476048946380615, -4.5013813972473145, -1.0], 28: [4.605539321899414, -5.251611709594727, 0.0], 29: [3.9476051330566406, -4.501381874084473, 1.0], 30: [4.978137016296387, -3.3262853622436523, 1.0], 31: [5.251611232757568, -4.605539798736572, 0.0], 32: [4.501380920410156, -3.947605609893799, 1.0], 33: [3.7511508464813232, -3.2896714210510254, 0.0], 34: [5.369715690612793, -2.6480512619018555, -1.0], 35: [4.148447513580322, -2.771904468536377, 0.0], 36: [4.978137016296387, -3.3262851238250732, -1.0], 37: [5.807826995849609, -3.8806660175323486, 0.0], 38: [6.614320278167725, -2.2452597618103027, 0.0], 39: [6.2646684646606445, -3.089393138885498, 0.0], 40: [5.369716167449951, -2.6480512619018555, 1.0], 41: [4.474762916564941, -2.206709384918213, 0.0], 42: [5.8721137046813965, -1.1680365800857544, 1.0], 43: [5.669417381286621, -1.9245083332061768, 1.0], 44: [4.724514484405518, -1.6037570238113403, 0.0], 45: [5.669417381286621, -1.9245083332061768, -1.0], 46: [5.974336624145508, -0.3915793299674988, -1.0], 47: [4.893427848815918, -0.9733639359474182, 0.0], 48: [5.872114181518555, -1.1680365800857544, -1.0], 49: [6.850799560546875, -1.3627092838287354, 0.0], 50: [6.000002861022949, -6.556510925292969e-07, 0.0], 51: [6.970059394836426, -0.4568423926830292, 0.0], 52: [5.974337100982666, -0.3915793299674988, 1.0], 53: [4.97861385345459, -0.3263162672519684, 0.0]}, 'editMode': True}, 'Cube', {'tolerance': 10}]
['Spin', {'steps': 6, 'angle': 1.5708, 'deletedVertices': [32, 33, 34, 35, 36, 37, 38, 39, 40, 41, 42, 43, 44, 45, 46, 47, 48, 49, 50, 51, 52, 53, 54, 55], 'deletedFaces': [30, 31, 32, 33, 34, 35, 36, 37, 38, 39, 40, 41, 42, 43, 44, 45, 46, 47, 48, 49, 50, 51, 52, 53], 'vertices': {0: [0.0, -5.0, 1.0], 1: [0.0, -5.0, -1.0], 2: [0.0, -7.0, 1.0], 3: [0.0, -7.0, -1.0], 4: [-1.0, -5.0, 1.0], 5: [-1.0, -5.0, -1.0], 6: [-1.0, -7.0, 1.0], 7: [-1.0, -7.0, -1.0], 8: [1.2940950393676758, -4.829628944396973, 1.0], 9: [1.2940950393676758, -4.829628944396973, -1.0], 10: [1.8117331266403198, -6.761480808258057, 1.0], 11: [1.8117331266403198, -6.761480808258057, -1.0], 12: [2.499999523162842, -4.330126762390137, 1.0], 13: [2.499999523162842, -4.330126762390137, -1.0], 14: [3.499999523162842, -6.062177658081055, 1.0], 15: [3.499999523162842, -6.062177658081055, -1.0], 16: [3.5355331897735596, -3.535533905029297, 1.0], 17: [3.5355331897735596, -3.535533905029297, -1.0], 18: [4.949746608734131, -4.949747085571289, 1.0], 19: [4.949746608734131, -4.949747085571289, -1.0], 20: [4.33012580871582, -2.500000238418579, 1.0], 21: [4.33012580871582, -2.500000238418579, -1.0], 22: [6.062176704406738, -3.499999761581421, 1.0], 23: [6.062176704406738, -3.499999761581421, -1.0], 24: [4.829627990722656, -1.2940958738327026, 1.0], 25: [4.829627990722656, -1.2940958738327026, -1.0], 26: [6.761479377746582, -1.811733603477478, 1.0], 27: [6.761479377746582, -1.811733603477478, -1.0], 28: [4.999999046325684, -1.0728836059570312e-06, 1.0], 29: [4.999999046325684, -1.0728836059570312e-06, -1.0], 30: [6.999998569488525, -8.344650268554688e-07, 1.0], 31: [6.999998569488525, -8.344650268554688e-07, -1.0]}, 'faces': {0: [-0.5, -6.0, 1.0], 1: [-0.5, -7.0, 0.0], 2: [-1.0, -6.0, 0.0], 3: [-0.5, -6.0, -1.0], 4: [0.6470475196838379, -4.914814472198486, 0.0], 5: [-0.5, -5.0, 0.0], 6: [2.6558661460876465, -6.411829471588135, 0.0], 7: [0.7764570713043213, -5.897777080535889, -1.0], 8: [0.7764570713043213, -5.897777557373047, 1.0], 9: [0.9058665633201599, -6.880740165710449, 0.0], 10: [3.621319532394409, -4.719396591186523, 1.0], 11: [2.276456832885742, -5.495853424072266, 1.0], 12: [1.8970472812652588, -4.579877853393555, 0.0], 13: [2.276456832885742, -5.495853424072266, -1.0], 14: [4.719395637512207, -3.6213202476501465, -1.0], 15: [3.017766237258911, -3.932830333709717, 0.0], 16: [3.6213197708129883, -4.719396591186523, -1.0], 17: [4.224873065948486, -5.505962371826172, 0.0], 18: [5.495852470397949, -2.2764573097229004, 1.0], 19: [5.5059614181518555, -4.2248735427856445, 0.0], 20: [4.719395637512207, -3.6213202476501465, 1.0], 21: [3.9328293800354004, -3.0177669525146484, 0.0], 22: [5.8977766036987305, -0.7764577865600586, 1.0], 23: [4.579876899719238, -1.8970481157302856, 0.0], 24: [5.495852470397949, -2.2764573097229004, -1.0], 25: [6.41182804107666, -2.6558666229248047, 0.0], 26: [5.999998569488525, -9.5367431640625e-07, 0.0], 27: [4.91481351852417, -0.6470484733581543, 0.0], 28: [5.897776126861572, -0.7764579057693481, -1.0], 29: [6.880738735198975, -0.9058672189712524, 0.0]}, 'editMode': True}, 'Cube', {'tolerance': 10}]
['Extrude Region and Move', {'use_normal_flip': False, 'use_dissolve_ortho_edges': False, 'value': (0, 0, 0), 'orient_axis_ortho': 'X', 'newVertices': [32, 33, 34, 35], 'newFaces': [30, 31, 32, 33], 'vertices': {0: [0.0, -5.0, 1.0], 1: [0.0, -5.0, -1.0], 2: [0.0, -7.0, 1.0], 3: [0.0, -7.0, -1.0], 4: [-1.0, -5.0, 1.0], 5: [-1.0, -5.0, -1.0], 6: [-1.0, -7.0, 1.0], 7: [-1.0, -7.0, -1.0], 8: [1.2940950393676758, -4.829628944396973, 1.0], 9: [1.2940950393676758, -4.829628944396973, -1.0], 10: [1.8117331266403198, -6.761480808258057, 1.0], 11: [1.8117331266403198, -6.761480808258057, -1.0], 12: [2.499999523162842, -4.330126762390137, 1.0], 13: [2.499999523162842, -4.330126762390137, -1.0], 14: [3.499999523162842, -6.062177658081055, 1.0], 15: [3.499999523162842, -6.062177658081055, -1.0], 16: [3.5355331897735596, -3.535533905029297, 1.0], 17: [3.5355331897735596, -3.535533905029297, -1.0], 18: [4.949746608734131, -4.949747085571289, 1.0], 19: [4.949746608734131, -4.949747085571289, -1.0], 20: [4.33012580871582, -2.500000238418579, 1.0], 21: [4.33012580871582, -2.500000238418579, -1.0], 22: [6.062176704406738, -3.499999761581421, 1.0], 23: [6.062176704406738, -3.499999761581421, -1.0], 24: [4.829627990722656, -1.2940958738327026, 1.0], 25: [4.829627990722656, -1.2940958738327026, -1.0], 26: [6.761479377746582, -1.811733603477478, 1.0], 27: [6.761479377746582, -1.811733603477478, -1.0], 28: [4.999999046325684, -1.0728836059570312e-06, 1.0], 29: [4.999999046325684, -1.0728836059570312e-06, -1.0], 30: [6.999998569488525, -8.344650268554688e-07, 1.0], 31: [6.999998569488525, -8.344650268554688e-07, -1.0], 32: [4.999999046325684, -1.0728836059570312e-06, 1.0], 33: [4.999999046325684, -1.0728836059570312e-06, -1.0], 34: [6.999998569488525, -8.344650268554688e-07, 1.0], 35: [6.999998569488525, -8.344650268554688e-07, -1.0]}, 'faces': {0: [-0.5, -6.0, 1.0], 1: [-0.5, -7.0, 0.0], 2: [-1.0, -6.0, 0.0], 3: [-0.5, -6.0, -1.0], 4: [0.6470475196838379, -4.914814472198486, 0.0], 5: [-0.5, -5.0, 0.0], 6: [2.6558661460876465, -6.411829471588135, 0.0], 7: [0.7764570713043213, -5.897777080535889, -1.0], 8: [0.7764570713043213, -5.897777557373047, 1.0], 9: [0.9058665633201599, -6.880740165710449, 0.0], 10: [3.621319532394409, -4.719396591186523, 1.0], 11: [2.276456832885742, -5.495853424072266, 1.0], 12: [1.8970472812652588, -4.579877853393555, 0.0], 13: [2.276456832885742, -5.495853424072266, -1.0], 14: [4.719395637512207, -3.6213202476501465, -1.0], 15: [3.017766237258911, -3.932830333709717, 0.0], 16: [3.6213197708129883, -4.719396591186523, -1.0], 17: [4.224873065948486, -5.505962371826172, 0.0], 18: [5.495852470397949, -2.2764573097229004, 1.0], 19: [5.5059614181518555, -4.2248735427856445, 0.0], 20: [4.719395637512207, -3.6213202476501465, 1.0], 21: [3.9328293800354004, -3.0177669525146484, 0.0], 22: [5.8977766036987305, -0.7764577865600586, 1.0], 23: [4.579876899719238, -1.8970481157302856, 0.0], 24: [5.495852470397949, -2.2764573097229004, -1.0], 25: [6.41182804107666, -2.6558666229248047, 0.0], 26: [5.999998569488525, -9.5367431640625e-07, -1.0], 27: [4.91481351852417, -0.6470484733581543, 0.0], 28: [5.897776126861572, -0.7764579057693481, -1.0], 29: [6.880738735198975, -0.9058672189712524, 0.0], 30: [5.999998569488525, -9.5367431640625e-07, 0.0], 31: [6.999998569488525, -8.344650268554688e-07, 0.0], 32: [5.999999046325684, -9.5367431640625e-07, 1.0], 33: [4.999999046325684, -1.0728836059570312e-06, 0.0]}, 'editMode': True}, 'Cube', {'tolerance': 10}]
['Resize', {'value': (0.3, 0.3, 0.3), 'orient_type': 'GLOBAL', 'selectedVertices': [32, 33, 34, 35], 'vertices': {0: [0.0, -5.0, 1.0], 1: [0.0, -5.0, -1.0], 2: [0.0, -7.0, 1.0], 3: [0.0, -7.0, -1.0], 4: [-1.0, -5.0, 1.0], 5: [-1.0, -5.0, -1.0], 6: [-1.0, -7.0, 1.0], 7: [-1.0, -7.0, -1.0], 8: [1.2940950393676758, -4.829628944396973, 1.0], 9: [1.2940950393676758, -4.829628944396973, -1.0], 10: [1.8117331266403198, -6.761480808258057, 1.0], 11: [1.8117331266403198, -6.761480808258057, -1.0], 12: [2.499999523162842, -4.330126762390137, 1.0], 13: [2.499999523162842, -4.330126762390137, -1.0], 14: [3.499999523162842, -6.062177658081055, 1.0], 15: [3.499999523162842, -6.062177658081055, -1.0], 16: [3.5355331897735596, -3.535533905029297, 1.0], 17: [3.5355331897735596, -3.535533905029297, -1.0], 18: [4.949746608734131, -4.949747085571289, 1.0], 19: [4.949746608734131, -4.949747085571289, -1.0], 20: [4.33012580871582, -2.500000238418579, 1.0], 21: [4.33012580871582, -2.500000238418579, -1.0], 22: [6.062176704406738, -3.499999761581421, 1.0], 23: [6.062176704406738, -3.499999761581421, -1.0], 24: [4.829627990722656, -1.2940958738327026, 1.0], 25: [4.829627990722656, -1.2940958738327026, -1.0], 26: [6.761479377746582, -1.811733603477478, 1.0], 27: [6.761479377746582, -1.811733603477478, -1.0], 28: [4.999999046325684, -1.0728836059570312e-06, 1.0], 29: [4.999999046325684, -1.0728836059570312e-06, -1.0], 30: [6.999998569488525, -8.344650268554688e-07, 1.0], 31: [6.999998569488525, -8.344650268554688e-07, -1.0], 32: [5.69999885559082, -9.89437126008852e-07, 0.30000001192092896], 33: [5.69999885559082, -9.89437126008852e-07, -0.30000001192092896], 34: [6.299998760223389, -9.179115068036481e-07, 0.30000001192092896], 35: [6.299998760223389, -9.179115068036481e-07, -0.30000001192092896]}, 'faces': {0: [-0.5, -6.0, 1.0], 1: [-0.5, -7.0, 0.0], 2: [-1.0, -6.0, 0.0], 3: [-0.5, -6.0, -1.0], 4: [0.6470475196838379, -4.914814472198486, 0.0], 5: [-0.5, -5.0, 0.0], 6: [2.6558661460876465, -6.411829471588135, 0.0], 7: [0.7764570713043213, -5.897777080535889, -1.0], 8: [0.7764570713043213, -5.897777557373047, 1.0], 9: [0.9058665633201599, -6.880740165710449, 0.0], 10: [3.621319532394409, -4.719396591186523, 1.0], 11: [2.276456832885742, -5.495853424072266, 1.0], 12: [1.8970472812652588, -4.579877853393555, 0.0], 13: [2.276456832885742, -5.495853424072266, -1.0], 14: [4.719395637512207, -3.6213202476501465, -1.0], 15: [3.017766237258911, -3.932830333709717, 0.0], 16: [3.6213197708129883, -4.719396591186523, -1.0], 17: [4.224873065948486, -5.505962371826172, 0.0], 18: [5.495852470397949, -2.2764573097229004, 1.0], 19: [5.5059614181518555, -4.2248735427856445, 0.0], 20: [4.719395637512207, -3.6213202476501465, 1.0], 21: [3.9328293800354004, -3.0177669525146484, 0.0], 22: [5.8977766036987305, -0.7764577865600586, 1.0], 23: [4.579876899719238, -1.8970481157302856, 0.0], 24: [5.495852470397949, -2.2764573097229004, -1.0], 25: [6.41182804107666, -2.6558666229248047, 0.0], 26: [5.999999046325684, -9.5367431640625e-07, -0.6499999761581421], 27: [4.91481351852417, -0.6470484733581543, 0.0], 28: [5.897776126861572, -0.7764579057693481, -1.0], 29: [6.880738735198975, -0.9058672189712524, 0.0], 30: [5.999999046325684, -9.5367431640625e-07, 0.0], 31: [6.649998664855957, -8.761883236729773e-07, 0.0], 32: [5.999999046325684, -9.5367431640625e-07, 0.6499999761581421], 33: [5.349998950958252, -1.0311603091395227e-06, 0.0]}, 'editMode': True}, 'Cube', {'tolerance': 10}]

['Move', {'value': (-0.3, 0.4, 0), 'orient_axis_ortho': 'X', 'selectedVertices': [32, 33, 34, 35], 'vertices': {0: [0.0, -5.0, 1.0], 1: [0.0, -5.0, -1.0], 2: [0.0, -7.0, 1.0], 3: [0.0, -7.0, -1.0], 4: [-1.0, -5.0, 1.0], 5: [-1.0, -5.0, -1.0], 6: [-1.0, -7.0, 1.0], 7: [-1.0, -7.0, -1.0], 8: [1.2940950393676758, -4.829628944396973, 1.0], 9: [1.2940950393676758, -4.829628944396973, -1.0], 10: [1.8117331266403198, -6.761480808258057, 1.0], 11: [1.8117331266403198, -6.761480808258057, -1.0], 12: [2.499999523162842, -4.330126762390137, 1.0], 13: [2.499999523162842, -4.330126762390137, -1.0], 14: [3.499999523162842, -6.062177658081055, 1.0], 15: [3.499999523162842, -6.062177658081055, -1.0], 16: [3.5355331897735596, -3.535533905029297, 1.0], 17: [3.5355331897735596, -3.535533905029297, -1.0], 18: [4.949746608734131, -4.949747085571289, 1.0], 19: [4.949746608734131, -4.949747085571289, -1.0], 20: [4.33012580871582, -2.500000238418579, 1.0], 21: [4.33012580871582, -2.500000238418579, -1.0], 22: [6.062176704406738, -3.499999761581421, 1.0], 23: [6.062176704406738, -3.499999761581421, -1.0], 24: [4.829627990722656, -1.2940958738327026, 1.0], 25: [4.829627990722656, -1.2940958738327026, -1.0], 26: [6.761479377746582, -1.811733603477478, 1.0], 27: [6.761479377746582, -1.811733603477478, -1.0], 28: [4.999999046325684, -1.0728836059570312e-06, 1.0], 29: [4.999999046325684, -1.0728836059570312e-06, -1.0], 30: [6.999998569488525, -8.344650268554688e-07, 1.0], 31: [6.999998569488525, -8.344650268554688e-07, -1.0], 32: [5.399998664855957, 0.3999990224838257, 0.30000001192092896], 33: [5.399998664855957, 0.3999990224838257, -0.30000001192092896], 34: [5.999998569488525, 0.39999908208847046, 0.30000001192092896], 35: [5.999998569488525, 0.39999908208847046, -0.30000001192092896]}, 'faces': {0: [-0.5, -6.0, 1.0], 1: [-0.5, -7.0, 0.0], 2: [-1.0, -6.0, 0.0], 3: [-0.5, -6.0, -1.0], 4: [0.6470475196838379, -4.914814472198486, 0.0], 5: [-0.5, -5.0, 0.0], 6: [2.6558661460876465, -6.411829471588135, 0.0], 7: [0.7764570713043213, -5.897777080535889, -1.0], 8: [0.7764570713043213, -5.897777557373047, 1.0], 9: [0.9058665633201599, -6.880740165710449, 0.0], 10: [3.621319532394409, -4.719396591186523, 1.0], 11: [2.276456832885742, -5.495853424072266, 1.0], 12: [1.8970472812652588, -4.579877853393555, 0.0], 13: [2.276456832885742, -5.495853424072266, -1.0], 14: [4.719395637512207, -3.6213202476501465, -1.0], 15: [3.017766237258911, -3.932830333709717, 0.0], 16: [3.6213197708129883, -4.719396591186523, -1.0], 17: [4.224873065948486, -5.505962371826172, 0.0], 18: [5.495852470397949, -2.2764573097229004, 1.0], 19: [5.5059614181518555, -4.2248735427856445, 0.0], 20: [4.719395637512207, -3.6213202476501465, 1.0], 21: [3.9328293800354004, -3.0177669525146484, 0.0], 22: [5.8977766036987305, -0.7764577865600586, 1.0], 23: [4.579876899719238, -1.8970481157302856, 0.0], 24: [5.495852470397949, -2.2764573097229004, -1.0], 25: [6.41182804107666, -2.6558666229248047, 0.0], 26: [5.849998950958252, 0.19999904930591583, -0.6499999761581421], 27: [4.91481351852417, -0.6470484733581543, 0.0], 28: [5.897776126861572, -0.7764579057693481, -1.0], 29: [6.880738735198975, -0.9058672189712524, 0.0], 30: [5.699998378753662, 0.39999908208847046, 0.0], 31: [6.499998569488525, 0.1999991238117218, 0.0], 32: [5.849998474121094, 0.19999904930591583, 0.6499999761581421], 33: [5.19999885559082, 0.19999897480010986, 0.0]}, 'editMode': True}, 'Cube', {'tolerance': 10}]

['Extrude Region and Move', {'use_normal_flip': False, 'use_dissolve_ortho_edges': False, 'value': (0, 0, 1.5), 'orient_axis_ortho': 'X', 'newVertices': [36, 37, 38, 39], 'newFaces': [34, 35, 36, 37], 'vertices': {0: [0.0, -5.0, 1.0], 1: [0.0, -5.0, -1.0], 2: [0.0, -7.0, 1.0], 3: [0.0, -7.0, -1.0], 4: [-1.0, -5.0, 1.0], 5: [-1.0, -5.0, -1.0], 6: [-1.0, -7.0, 1.0], 7: [-1.0, -7.0, -1.0], 8: [1.2940950393676758, -4.829628944396973, 1.0], 9: [1.2940950393676758, -4.829628944396973, -1.0], 10: [1.8117331266403198, -6.761480808258057, 1.0], 11: [1.8117331266403198, -6.761480808258057, -1.0], 12: [2.499999523162842, -4.330126762390137, 1.0], 13: [2.499999523162842, -4.330126762390137, -1.0], 14: [3.499999523162842, -6.062177658081055, 1.0], 15: [3.499999523162842, -6.062177658081055, -1.0], 16: [3.5355331897735596, -3.535533905029297, 1.0], 17: [3.5355331897735596, -3.535533905029297, -1.0], 18: [4.949746608734131, -4.949747085571289, 1.0], 19: [4.949746608734131, -4.949747085571289, -1.0], 20: [4.33012580871582, -2.500000238418579, 1.0], 21: [4.33012580871582, -2.500000238418579, -1.0], 22: [6.062176704406738, -3.499999761581421, 1.0], 23: [6.062176704406738, -3.499999761581421, -1.0], 24: [4.829627990722656, -1.2940958738327026, 1.0], 25: [4.829627990722656, -1.2940958738327026, -1.0], 26: [6.761479377746582, -1.811733603477478, 1.0], 27: [6.761479377746582, -1.811733603477478, -1.0], 28: [4.999999046325684, -1.0728836059570312e-06, 1.0], 29: [4.999999046325684, -1.0728836059570312e-06, -1.0], 30: [6.999998569488525, -8.344650268554688e-07, 1.0], 31: [6.999998569488525, -8.344650268554688e-07, -1.0], 32: [5.399998664855957, 0.3999990224838257, 0.30000001192092896], 33: [5.399998664855957, 0.3999990224838257, -0.30000001192092896], 34: [5.999998569488525, 0.39999908208847046, 0.30000001192092896], 35: [5.999998569488525, 0.39999908208847046, -0.30000001192092896], 36: [5.399998664855957, 1.8999990224838257, 0.30000001192092896], 37: [5.399998664855957, 1.8999990224838257, -0.30000001192092896], 38: [5.999998569488525, 1.8999991416931152, 0.30000001192092896], 39: [5.999998569488525, 1.8999991416931152, -0.30000001192092896]}, 'faces': {0: [-0.5, -6.0, 1.0], 1: [-0.5, -7.0, 0.0], 2: [-1.0, -6.0, 0.0], 3: [-0.5, -6.0, -1.0], 4: [0.6470475196838379, -4.914814472198486, 0.0], 5: [-0.5, -5.0, 0.0], 6: [2.6558661460876465, -6.411829471588135, 0.0], 7: [0.7764570713043213, -5.897777080535889, -1.0], 8: [0.7764570713043213, -5.897777557373047, 1.0], 9: [0.9058665633201599, -6.880740165710449, 0.0], 10: [3.621319532394409, -4.719396591186523, 1.0], 11: [2.276456832885742, -5.495853424072266, 1.0], 12: [1.8970472812652588, -4.579877853393555, 0.0], 13: [2.276456832885742, -5.495853424072266, -1.0], 14: [4.719395637512207, -3.6213202476501465, -1.0], 15: [3.017766237258911, -3.932830333709717, 0.0], 16: [3.6213197708129883, -4.719396591186523, -1.0], 17: [4.224873065948486, -5.505962371826172, 0.0], 18: [5.495852470397949, -2.2764573097229004, 1.0], 19: [5.5059614181518555, -4.2248735427856445, 0.0], 20: [4.719395637512207, -3.6213202476501465, 1.0], 21: [3.9328293800354004, -3.0177669525146484, 0.0], 22: [5.8977766036987305, -0.7764577865600586, 1.0], 23: [4.579876899719238, -1.8970481157302856, 0.0], 24: [5.495852470397949, -2.2764573097229004, -1.0], 25: [6.41182804107666, -2.6558666229248047, 0.0], 26: [5.849998950958252, 0.19999904930591583, -0.6499999761581421], 27: [4.91481351852417, -0.6470484733581543, 0.0], 28: [5.897776126861572, -0.7764579057693481, -1.0], 29: [6.880738735198975, -0.9058672189712524, 0.0], 30: [5.69999885559082, 1.1499990224838257, 0.30000001192092896], 31: [6.499998569488525, 0.1999991238117218, 0.0], 32: [5.849998474121094, 0.19999904930591583, 0.6499999761581421], 33: [5.19999885559082, 0.19999897480010986, 0.0], 34: [5.699998378753662, 1.8999990224838257, 0.0], 35: [5.399998664855957, 1.1499990224838257, 0.0], 36: [5.699998378753662, 1.1499991416931152, -0.30000001192092896], 37: [5.999998569488525, 1.1499991416931152, 0.0]}, 'editMode': True}, 'Cube', {'tolerance': 10}]
['Extrude Region and Move', {'use_normal_flip': False, 'use_dissolve_ortho_edges': False, 'value': (0, 0, 0.2), 'orient_axis_ortho': 'X', 'newVertices': [40, 41, 42, 43], 'newFaces': [38, 39, 40, 41], 'vertices': {0: [0.0, -5.0, 1.0], 1: [0.0, -5.0, -1.0], 2: [0.0, -7.0, 1.0], 3: [0.0, -7.0, -1.0], 4: [-1.0, -5.0, 1.0], 5: [-1.0, -5.0, -1.0], 6: [-1.0, -7.0, 1.0], 7: [-1.0, -7.0, -1.0], 8: [1.2940950393676758, -4.829628944396973, 1.0], 9: [1.2940950393676758, -4.829628944396973, -1.0], 10: [1.8117331266403198, -6.761480808258057, 1.0], 11: [1.8117331266403198, -6.761480808258057, -1.0], 12: [2.499999523162842, -4.330126762390137, 1.0], 13: [2.499999523162842, -4.330126762390137, -1.0], 14: [3.499999523162842, -6.062177658081055, 1.0], 15: [3.499999523162842, -6.062177658081055, -1.0], 16: [3.5355331897735596, -3.535533905029297, 1.0], 17: [3.5355331897735596, -3.535533905029297, -1.0], 18: [4.949746608734131, -4.949747085571289, 1.0], 19: [4.949746608734131, -4.949747085571289, -1.0], 20: [4.33012580871582, -2.500000238418579, 1.0], 21: [4.33012580871582, -2.500000238418579, -1.0], 22: [6.062176704406738, -3.499999761581421, 1.0], 23: [6.062176704406738, -3.499999761581421, -1.0], 24: [4.829627990722656, -1.2940958738327026, 1.0], 25: [4.829627990722656, -1.2940958738327026, -1.0], 26: [6.761479377746582, -1.811733603477478, 1.0], 27: [6.761479377746582, -1.811733603477478, -1.0], 28: [4.999999046325684, -1.0728836059570312e-06, 1.0], 29: [4.999999046325684, -1.0728836059570312e-06, -1.0], 30: [6.999998569488525, -8.344650268554688e-07, 1.0], 31: [6.999998569488525, -8.344650268554688e-07, -1.0], 32: [5.399998664855957, 0.3999990224838257, 0.30000001192092896], 33: [5.399998664855957, 0.3999990224838257, -0.30000001192092896], 34: [5.999998569488525, 0.39999908208847046, 0.30000001192092896], 35: [5.999998569488525, 0.39999908208847046, -0.30000001192092896], 36: [5.399998664855957, 1.8999990224838257, 0.30000001192092896], 37: [5.399998664855957, 1.8999990224838257, -0.30000001192092896], 38: [5.999998569488525, 1.8999991416931152, 0.30000001192092896], 39: [5.999998569488525, 1.8999991416931152, -0.30000001192092896], 40: [5.399998664855957, 2.099998950958252, 0.30000001192092896], 41: [5.399998664855957, 2.099998950958252, -0.30000001192092896], 42: [5.999998569488525, 2.099999189376831, 0.30000001192092896], 43: [5.999998569488525, 2.099999189376831, -0.30000001192092896]}, 'faces': {0: [-0.5, -6.0, 1.0], 1: [-0.5, -7.0, 0.0], 2: [-1.0, -6.0, 0.0], 3: [-0.5, -6.0, -1.0], 4: [0.6470475196838379, -4.914814472198486, 0.0], 5: [-0.5, -5.0, 0.0], 6: [2.6558661460876465, -6.411829471588135, 0.0], 7: [0.7764570713043213, -5.897777080535889, -1.0], 8: [0.7764570713043213, -5.897777557373047, 1.0], 9: [0.9058665633201599, -6.880740165710449, 0.0], 10: [3.621319532394409, -4.719396591186523, 1.0], 11: [2.276456832885742, -5.495853424072266, 1.0], 12: [1.8970472812652588, -4.579877853393555, 0.0], 13: [2.276456832885742, -5.495853424072266, -1.0], 14: [4.719395637512207, -3.6213202476501465, -1.0], 15: [3.017766237258911, -3.932830333709717, 0.0], 16: [3.6213197708129883, -4.719396591186523, -1.0], 17: [4.224873065948486, -5.505962371826172, 0.0], 18: [5.495852470397949, -2.2764573097229004, 1.0], 19: [5.5059614181518555, -4.2248735427856445, 0.0], 20: [4.719395637512207, -3.6213202476501465, 1.0], 21: [3.9328293800354004, -3.0177669525146484, 0.0], 22: [5.8977766036987305, -0.7764577865600586, 1.0], 23: [4.579876899719238, -1.8970481157302856, 0.0], 24: [5.495852470397949, -2.2764573097229004, -1.0], 25: [6.41182804107666, -2.6558666229248047, 0.0], 26: [5.849998950958252, 0.19999904930591583, -0.6499999761581421], 27: [4.91481351852417, -0.6470484733581543, 0.0], 28: [5.897776126861572, -0.7764579057693481, -1.0], 29: [6.880738735198975, -0.9058672189712524, 0.0], 30: [5.69999885559082, 1.1499990224838257, 0.30000001192092896], 31: [6.499998569488525, 0.1999991238117218, 0.0], 32: [5.849998474121094, 0.19999904930591583, 0.6499999761581421], 33: [5.19999885559082, 0.19999897480010986, 0.0], 34: [5.399998664855957, 1.999998927116394, 0.0], 35: [5.399998664855957, 1.1499990224838257, 0.0], 36: [5.699998378753662, 1.1499991416931152, -0.30000001192092896], 37: [5.999998569488525, 1.1499991416931152, 0.0], 38: [5.699998378753662, 2.099999189376831, 0.0], 39: [5.699998378753662, 1.9999990463256836, -0.30000001192092896], 40: [5.999998569488525, 1.9999992847442627, 0.0], 41: [5.69999885559082, 1.9999991655349731, 0.30000001192092896]}, 'editMode': True}, 'Cube', {'tolerance': 10}]
['Select Mode', {'use_extend': False, 'use_expand': False, 'vertices': {0: [0.0, -5.0, 1.0], 1: [0.0, -5.0, -1.0], 2: [0.0, -7.0, 1.0], 3: [0.0, -7.0, -1.0], 4: [-1.0, -5.0, 1.0], 5: [-1.0, -5.0, -1.0], 6: [-1.0, -7.0, 1.0], 7: [-1.0, -7.0, -1.0], 8: [1.2940950393676758, -4.829628944396973, 1.0], 9: [1.2940950393676758, -4.829628944396973, -1.0], 10: [1.8117331266403198, -6.761480808258057, 1.0], 11: [1.8117331266403198, -6.761480808258057, -1.0], 12: [2.499999523162842, -4.330126762390137, 1.0], 13: [2.499999523162842, -4.330126762390137, -1.0], 14: [3.499999523162842, -6.062177658081055, 1.0], 15: [3.499999523162842, -6.062177658081055, -1.0], 16: [3.5355331897735596, -3.535533905029297, 1.0], 17: [3.5355331897735596, -3.535533905029297, -1.0], 18: [4.949746608734131, -4.949747085571289, 1.0], 19: [4.949746608734131, -4.949747085571289, -1.0], 20: [4.33012580871582, -2.500000238418579, 1.0], 21: [4.33012580871582, -2.500000238418579, -1.0], 22: [6.062176704406738, -3.499999761581421, 1.0], 23: [6.062176704406738, -3.499999761581421, -1.0], 24: [4.829627990722656, -1.2940958738327026, 1.0], 25: [4.829627990722656, -1.2940958738327026, -1.0], 26: [6.761479377746582, -1.811733603477478, 1.0], 27: [6.761479377746582, -1.811733603477478, -1.0], 28: [4.999999046325684, -1.0728836059570312e-06, 1.0], 29: [4.999999046325684, -1.0728836059570312e-06, -1.0], 30: [6.999998569488525, -8.344650268554688e-07, 1.0], 31: [6.999998569488525, -8.344650268554688e-07, -1.0], 32: [5.399998664855957, 0.3999990224838257, 0.30000001192092896], 33: [5.399998664855957, 0.3999990224838257, -0.30000001192092896], 34: [5.999998569488525, 0.39999908208847046, 0.30000001192092896], 35: [5.999998569488525, 0.39999908208847046, -0.30000001192092896], 36: [5.399998664855957, 1.8999990224838257, 0.30000001192092896], 37: [5.399998664855957, 1.8999990224838257, -0.30000001192092896], 38: [5.999998569488525, 1.8999991416931152, 0.30000001192092896], 39: [5.999998569488525, 1.8999991416931152, -0.30000001192092896], 40: [5.399998664855957, 2.099998950958252, 0.30000001192092896], 41: [5.399998664855957, 2.099998950958252, -0.30000001192092896], 42: [5.999998569488525, 2.099999189376831, 0.30000001192092896], 43: [5.999998569488525, 2.099999189376831, -0.30000001192092896]}, 'faces': {0: [-0.5, -6.0, 1.0], 1: [-0.5, -7.0, 0.0], 2: [-1.0, -6.0, 0.0], 3: [-0.5, -6.0, -1.0], 4: [0.6470475196838379, -4.914814472198486, 0.0], 5: [-0.5, -5.0, 0.0], 6: [2.6558661460876465, -6.411829471588135, 0.0], 7: [0.7764570713043213, -5.897777080535889, -1.0], 8: [0.7764570713043213, -5.897777557373047, 1.0], 9: [0.9058665633201599, -6.880740165710449, 0.0], 10: [3.621319532394409, -4.719396591186523, 1.0], 11: [2.276456832885742, -5.495853424072266, 1.0], 12: [1.8970472812652588, -4.579877853393555, 0.0], 13: [2.276456832885742, -5.495853424072266, -1.0], 14: [4.719395637512207, -3.6213202476501465, -1.0], 15: [3.017766237258911, -3.932830333709717, 0.0], 16: [3.6213197708129883, -4.719396591186523, -1.0], 17: [4.224873065948486, -5.505962371826172, 0.0], 18: [5.495852470397949, -2.2764573097229004, 1.0], 19: [5.5059614181518555, -4.2248735427856445, 0.0], 20: [4.719395637512207, -3.6213202476501465, 1.0], 21: [3.9328293800354004, -3.0177669525146484, 0.0], 22: [5.8977766036987305, -0.7764577865600586, 1.0], 23: [4.579876899719238, -1.8970481157302856, 0.0], 24: [5.495852470397949, -2.2764573097229004, -1.0], 25: [6.41182804107666, -2.6558666229248047, 0.0], 26: [5.849998950958252, 0.19999904930591583, -0.6499999761581421], 27: [4.91481351852417, -0.6470484733581543, 0.0], 28: [5.897776126861572, -0.7764579057693481, -1.0], 29: [6.880738735198975, -0.9058672189712524, 0.0], 30: [5.69999885559082, 1.1499990224838257, 0.30000001192092896], 31: [6.499998569488525, 0.1999991238117218, 0.0], 32: [5.849998474121094, 0.19999904930591583, 0.6499999761581421], 33: [5.19999885559082, 0.19999897480010986, 0.0], 34: [5.399998664855957, 1.999998927116394, 0.0], 35: [5.399998664855957, 1.1499990224838257, 0.0], 36: [5.699998378753662, 1.1499991416931152, -0.30000001192092896], 37: [5.999998569488525, 1.1499991416931152, 0.0], 38: [5.699998378753662, 2.099999189376831, 0.0], 39: [5.699998378753662, 1.9999990463256836, -0.30000001192092896], 40: [5.999998569488525, 1.9999992847442627, 0.0], 41: [5.69999885559082, 1.9999991655349731, 0.30000001192092896]}, 'editMode': True}, 'Cube', {'tolerance': 10}]
['Move', {'value': (0.5, 0, 0), 'orient_axis_ortho': 'X', 'selectedVertices': [42, 43], 'vertices': {0: [0.0, -5.0, 1.0], 1: [0.0, -5.0, -1.0], 2: [0.0, -7.0, 1.0], 3: [0.0, -7.0, -1.0], 4: [-1.0, -5.0, 1.0], 5: [-1.0, -5.0, -1.0], 6: [-1.0, -7.0, 1.0], 7: [-1.0, -7.0, -1.0], 8: [1.2940950393676758, -4.829628944396973, 1.0], 9: [1.2940950393676758, -4.829628944396973, -1.0], 10: [1.8117331266403198, -6.761480808258057, 1.0], 11: [1.8117331266403198, -6.761480808258057, -1.0], 12: [2.499999523162842, -4.330126762390137, 1.0], 13: [2.499999523162842, -4.330126762390137, -1.0], 14: [3.499999523162842, -6.062177658081055, 1.0], 15: [3.499999523162842, -6.062177658081055, -1.0], 16: [3.5355331897735596, -3.535533905029297, 1.0], 17: [3.5355331897735596, -3.535533905029297, -1.0], 18: [4.949746608734131, -4.949747085571289, 1.0], 19: [4.949746608734131, -4.949747085571289, -1.0], 20: [4.33012580871582, -2.500000238418579, 1.0], 21: [4.33012580871582, -2.500000238418579, -1.0], 22: [6.062176704406738, -3.499999761581421, 1.0], 23: [6.062176704406738, -3.499999761581421, -1.0], 24: [4.829627990722656, -1.2940958738327026, 1.0], 25: [4.829627990722656, -1.2940958738327026, -1.0], 26: [6.761479377746582, -1.811733603477478, 1.0], 27: [6.761479377746582, -1.811733603477478, -1.0], 28: [4.999999046325684, -1.0728836059570312e-06, 1.0], 29: [4.999999046325684, -1.0728836059570312e-06, -1.0], 30: [6.999998569488525, -8.344650268554688e-07, 1.0], 31: [6.999998569488525, -8.344650268554688e-07, -1.0], 32: [5.399998664855957, 0.3999990224838257, 0.30000001192092896], 33: [5.399998664855957, 0.3999990224838257, -0.30000001192092896], 34: [5.999998569488525, 0.39999908208847046, 0.30000001192092896], 35: [5.999998569488525, 0.39999908208847046, -0.30000001192092896], 36: [5.399998664855957, 1.8999990224838257, 0.30000001192092896], 37: [5.399998664855957, 1.8999990224838257, -0.30000001192092896], 38: [5.999998569488525, 1.8999991416931152, 0.30000001192092896], 39: [5.999998569488525, 1.8999991416931152, -0.30000001192092896], 40: [5.399998664855957, 2.099998950958252, 0.30000001192092896], 41: [5.399998664855957, 2.099998950958252, -0.30000001192092896], 42: [6.499998569488525, 2.099999189376831, 0.30000001192092896], 43: [6.499998569488525, 2.099999189376831, -0.30000001192092896]}, 'faces': {0: [-0.5, -6.0, 1.0], 1: [-0.5, -7.0, 0.0], 2: [-1.0, -6.0, 0.0], 3: [-0.5, -6.0, -1.0], 4: [0.6470475196838379, -4.914814472198486, 0.0], 5: [-0.5, -5.0, 0.0], 6: [2.6558661460876465, -6.411829471588135, 0.0], 7: [0.7764570713043213, -5.897777080535889, -1.0], 8: [0.7764570713043213, -5.897777557373047, 1.0], 9: [0.9058665633201599, -6.880740165710449, 0.0], 10: [3.621319532394409, -4.719396591186523, 1.0], 11: [2.276456832885742, -5.495853424072266, 1.0], 12: [1.8970472812652588, -4.579877853393555, 0.0], 13: [2.276456832885742, -5.495853424072266, -1.0], 14: [4.719395637512207, -3.6213202476501465, -1.0], 15: [3.017766237258911, -3.932830333709717, 0.0], 16: [3.6213197708129883, -4.719396591186523, -1.0], 17: [4.224873065948486, -5.505962371826172, 0.0], 18: [5.495852470397949, -2.2764573097229004, 1.0], 19: [5.5059614181518555, -4.2248735427856445, 0.0], 20: [4.719395637512207, -3.6213202476501465, 1.0], 21: [3.9328293800354004, -3.0177669525146484, 0.0], 22: [5.8977766036987305, -0.7764577865600586, 1.0], 23: [4.579876899719238, -1.8970481157302856, 0.0], 24: [5.495852470397949, -2.2764573097229004, -1.0], 25: [6.41182804107666, -2.6558666229248047, 0.0], 26: [5.849998950958252, 0.19999904930591583, -0.6499999761581421], 27: [4.91481351852417, -0.6470484733581543, 0.0], 28: [5.897776126861572, -0.7764579057693481, -1.0], 29: [6.880738735198975, -0.9058672189712524, 0.0], 30: [5.69999885559082, 1.1499990224838257, 0.30000001192092896], 31: [6.499998569488525, 0.1999991238117218, 0.0], 32: [5.849998474121094, 0.19999904930591583, 0.6499999761581421], 33: [5.19999885559082, 0.19999897480010986, 0.0], 34: [5.399998664855957, 1.999998927116394, 0.0], 35: [5.399998664855957, 1.1499990224838257, 0.0], 36: [5.699998378753662, 1.1499991416931152, -0.30000001192092896], 37: [5.999998569488525, 1.1499991416931152, 0.0], 38: [5.949998378753662, 2.099999189376831, 0.0], 39: [5.824998378753662, 1.9999990463256836, -0.30000001192092896], 40: [6.249998569488525, 1.9999992847442627, 0.0], 41: [5.82499885559082, 1.9999991655349731, 0.30000001192092896]}, 'editMode': True}, 'Cube', {'tolerance': 10}]
['Move', {'value': (0, 0.5, 0), 'orient_axis_ortho': 'X', 'selectedVertices': [42, 43], 'vertices': {0: [0.0, -5.0, 1.0], 1: [0.0, -5.0, -1.0], 2: [0.0, -7.0, 1.0], 3: [0.0, -7.0, -1.0], 4: [-1.0, -5.0, 1.0], 5: [-1.0, -5.0, -1.0], 6: [-1.0, -7.0, 1.0], 7: [-1.0, -7.0, -1.0], 8: [1.2940950393676758, -4.829628944396973, 1.0], 9: [1.2940950393676758, -4.829628944396973, -1.0], 10: [1.8117331266403198, -6.761480808258057, 1.0], 11: [1.8117331266403198, -6.761480808258057, -1.0], 12: [2.499999523162842, -4.330126762390137, 1.0], 13: [2.499999523162842, -4.330126762390137, -1.0], 14: [3.499999523162842, -6.062177658081055, 1.0], 15: [3.499999523162842, -6.062177658081055, -1.0], 16: [3.5355331897735596, -3.535533905029297, 1.0], 17: [3.5355331897735596, -3.535533905029297, -1.0], 18: [4.949746608734131, -4.949747085571289, 1.0], 19: [4.949746608734131, -4.949747085571289, -1.0], 20: [4.33012580871582, -2.500000238418579, 1.0], 21: [4.33012580871582, -2.500000238418579, -1.0], 22: [6.062176704406738, -3.499999761581421, 1.0], 23: [6.062176704406738, -3.499999761581421, -1.0], 24: [4.829627990722656, -1.2940958738327026, 1.0], 25: [4.829627990722656, -1.2940958738327026, -1.0], 26: [6.761479377746582, -1.811733603477478, 1.0], 27: [6.761479377746582, -1.811733603477478, -1.0], 28: [4.999999046325684, -1.0728836059570312e-06, 1.0], 29: [4.999999046325684, -1.0728836059570312e-06, -1.0], 30: [6.999998569488525, -8.344650268554688e-07, 1.0], 31: [6.999998569488525, -8.344650268554688e-07, -1.0], 32: [5.399998664855957, 0.3999990224838257, 0.30000001192092896], 33: [5.399998664855957, 0.3999990224838257, -0.30000001192092896], 34: [5.999998569488525, 0.39999908208847046, 0.30000001192092896], 35: [5.999998569488525, 0.39999908208847046, -0.30000001192092896], 36: [5.399998664855957, 1.8999990224838257, 0.30000001192092896], 37: [5.399998664855957, 1.8999990224838257, -0.30000001192092896], 38: [5.999998569488525, 1.8999991416931152, 0.30000001192092896], 39: [5.999998569488525, 1.8999991416931152, -0.30000001192092896], 40: [5.399998664855957, 2.099998950958252, 0.30000001192092896], 41: [5.399998664855957, 2.099998950958252, -0.30000001192092896], 42: [6.499998569488525, 2.599999189376831, 0.30000001192092896], 43: [6.499998569488525, 2.599999189376831, -0.30000001192092896]}, 'faces': {0: [-0.5, -6.0, 1.0], 1: [-0.5, -7.0, 0.0], 2: [-1.0, -6.0, 0.0], 3: [-0.5, -6.0, -1.0], 4: [0.6470475196838379, -4.914814472198486, 0.0], 5: [-0.5, -5.0, 0.0], 6: [2.6558661460876465, -6.411829471588135, 0.0], 7: [0.7764570713043213, -5.897777080535889, -1.0], 8: [0.7764570713043213, -5.897777557373047, 1.0], 9: [0.9058665633201599, -6.880740165710449, 0.0], 10: [3.621319532394409, -4.719396591186523, 1.0], 11: [2.276456832885742, -5.495853424072266, 1.0], 12: [1.8970472812652588, -4.579877853393555, 0.0], 13: [2.276456832885742, -5.495853424072266, -1.0], 14: [4.719395637512207, -3.6213202476501465, -1.0], 15: [3.017766237258911, -3.932830333709717, 0.0], 16: [3.6213197708129883, -4.719396591186523, -1.0], 17: [4.224873065948486, -5.505962371826172, 0.0], 18: [5.495852470397949, -2.2764573097229004, 1.0], 19: [5.5059614181518555, -4.2248735427856445, 0.0], 20: [4.719395637512207, -3.6213202476501465, 1.0], 21: [3.9328293800354004, -3.0177669525146484, 0.0], 22: [5.8977766036987305, -0.7764577865600586, 1.0], 23: [4.579876899719238, -1.8970481157302856, 0.0], 24: [5.495852470397949, -2.2764573097229004, -1.0], 25: [6.41182804107666, -2.6558666229248047, 0.0], 26: [5.849998950958252, 0.19999904930591583, -0.6499999761581421], 27: [4.91481351852417, -0.6470484733581543, 0.0], 28: [5.897776126861572, -0.7764579057693481, -1.0], 29: [6.880738735198975, -0.9058672189712524, 0.0], 30: [5.69999885559082, 1.1499990224838257, 0.30000001192092896], 31: [6.499998569488525, 0.1999991238117218, 0.0], 32: [5.849998474121094, 0.19999904930591583, 0.6499999761581421], 33: [5.19999885559082, 0.19999897480010986, 0.0], 34: [5.399998664855957, 1.999998927116394, 0.0], 35: [5.399998664855957, 1.1499990224838257, 0.0], 36: [5.699998378753662, 1.1499991416931152, -0.30000001192092896], 37: [5.999998569488525, 1.1499991416931152, 0.0], 38: [5.949998378753662, 2.349999189376831, 0.0], 39: [5.824998378753662, 2.1249990463256836, -0.30000001192092896], 40: [6.249998569488525, 2.2499992847442627, 0.0], 41: [5.82499885559082, 2.1249990463256836, 0.30000001192092896]}, 'editMode': True}, 'Cube', {'tolerance': 10}]
['Select Mode', {'use_extend': False, 'use_expand': False, 'vertices': {0: [0.0, -5.0, 1.0], 1: [0.0, -5.0, -1.0], 2: [0.0, -7.0, 1.0], 3: [0.0, -7.0, -1.0], 4: [-1.0, -5.0, 1.0], 5: [-1.0, -5.0, -1.0], 6: [-1.0, -7.0, 1.0], 7: [-1.0, -7.0, -1.0], 8: [1.2940950393676758, -4.829628944396973, 1.0], 9: [1.2940950393676758, -4.829628944396973, -1.0], 10: [1.8117331266403198, -6.761480808258057, 1.0], 11: [1.8117331266403198, -6.761480808258057, -1.0], 12: [2.499999523162842, -4.330126762390137, 1.0], 13: [2.499999523162842, -4.330126762390137, -1.0], 14: [3.499999523162842, -6.062177658081055, 1.0], 15: [3.499999523162842, -6.062177658081055, -1.0], 16: [3.5355331897735596, -3.535533905029297, 1.0], 17: [3.5355331897735596, -3.535533905029297, -1.0], 18: [4.949746608734131, -4.949747085571289, 1.0], 19: [4.949746608734131, -4.949747085571289, -1.0], 20: [4.33012580871582, -2.500000238418579, 1.0], 21: [4.33012580871582, -2.500000238418579, -1.0], 22: [6.062176704406738, -3.499999761581421, 1.0], 23: [6.062176704406738, -3.499999761581421, -1.0], 24: [4.829627990722656, -1.2940958738327026, 1.0], 25: [4.829627990722656, -1.2940958738327026, -1.0], 26: [6.761479377746582, -1.811733603477478, 1.0], 27: [6.761479377746582, -1.811733603477478, -1.0], 28: [4.999999046325684, -1.0728836059570312e-06, 1.0], 29: [4.999999046325684, -1.0728836059570312e-06, -1.0], 30: [6.999998569488525, -8.344650268554688e-07, 1.0], 31: [6.999998569488525, -8.344650268554688e-07, -1.0], 32: [5.399998664855957, 0.3999990224838257, 0.30000001192092896], 33: [5.399998664855957, 0.3999990224838257, -0.30000001192092896], 34: [5.999998569488525, 0.39999908208847046, 0.30000001192092896], 35: [5.999998569488525, 0.39999908208847046, -0.30000001192092896], 36: [5.399998664855957, 1.8999990224838257, 0.30000001192092896], 37: [5.399998664855957, 1.8999990224838257, -0.30000001192092896], 38: [5.999998569488525, 1.8999991416931152, 0.30000001192092896], 39: [5.999998569488525, 1.8999991416931152, -0.30000001192092896], 40: [5.399998664855957, 2.099998950958252, 0.30000001192092896], 41: [5.399998664855957, 2.099998950958252, -0.30000001192092896], 42: [6.499998569488525, 2.599999189376831, 0.30000001192092896], 43: [6.499998569488525, 2.599999189376831, -0.30000001192092896]}, 'faces': {0: [-0.5, -6.0, 1.0], 1: [-0.5, -7.0, 0.0], 2: [-1.0, -6.0, 0.0], 3: [-0.5, -6.0, -1.0], 4: [0.6470475196838379, -4.914814472198486, 0.0], 5: [-0.5, -5.0, 0.0], 6: [2.6558661460876465, -6.411829471588135, 0.0], 7: [0.7764570713043213, -5.897777080535889, -1.0], 8: [0.7764570713043213, -5.897777557373047, 1.0], 9: [0.9058665633201599, -6.880740165710449, 0.0], 10: [3.621319532394409, -4.719396591186523, 1.0], 11: [2.276456832885742, -5.495853424072266, 1.0], 12: [1.8970472812652588, -4.579877853393555, 0.0], 13: [2.276456832885742, -5.495853424072266, -1.0], 14: [4.719395637512207, -3.6213202476501465, -1.0], 15: [3.017766237258911, -3.932830333709717, 0.0], 16: [3.6213197708129883, -4.719396591186523, -1.0], 17: [4.224873065948486, -5.505962371826172, 0.0], 18: [5.495852470397949, -2.2764573097229004, 1.0], 19: [5.5059614181518555, -4.2248735427856445, 0.0], 20: [4.719395637512207, -3.6213202476501465, 1.0], 21: [3.9328293800354004, -3.0177669525146484, 0.0], 22: [5.8977766036987305, -0.7764577865600586, 1.0], 23: [4.579876899719238, -1.8970481157302856, 0.0], 24: [5.495852470397949, -2.2764573097229004, -1.0], 25: [6.41182804107666, -2.6558666229248047, 0.0], 26: [5.849998950958252, 0.19999904930591583, -0.6499999761581421], 27: [4.91481351852417, -0.6470484733581543, 0.0], 28: [5.897776126861572, -0.7764579057693481, -1.0], 29: [6.880738735198975, -0.9058672189712524, 0.0], 30: [5.69999885559082, 1.1499990224838257, 0.30000001192092896], 31: [6.499998569488525, 0.1999991238117218, 0.0], 32: [5.849998474121094, 0.19999904930591583, 0.6499999761581421], 33: [5.19999885559082, 0.19999897480010986, 0.0], 34: [5.399998664855957, 1.999998927116394, 0.0], 35: [5.399998664855957, 1.1499990224838257, 0.0], 36: [5.699998378753662, 1.1499991416931152, -0.30000001192092896], 37: [5.999998569488525, 1.1499991416931152, 0.0], 38: [5.949998378753662, 2.349999189376831, 0.0], 39: [5.824998378753662, 2.1249990463256836, -0.30000001192092896], 40: [6.249998569488525, 2.2499992847442627, 0.0], 41: [5.82499885559082, 2.1249990463256836, 0.30000001192092896]}, 'editMode': True}, 'Cube', {'tolerance': 10}]
['Resize', {'value': (0.8, 0.8, 0.8), 'orient_type': 'GLOBAL', 'selectedVertices': [4, 5, 6, 7], 'vertices': {0: [0.0, -5.0, 1.0], 1: [0.0, -5.0, -1.0], 2: [0.0, -7.0, 1.0], 3: [0.0, -7.0, -1.0], 4: [-1.0, -5.199999809265137, 0.800000011920929], 5: [-1.0, -5.199999809265137, -0.800000011920929], 6: [-1.0, -6.800000190734863, 0.800000011920929], 7: [-1.0, -6.800000190734863, -0.800000011920929], 8: [1.2940950393676758, -4.829628944396973, 1.0], 9: [1.2940950393676758, -4.829628944396973, -1.0], 10: [1.8117331266403198, -6.761480808258057, 1.0], 11: [1.8117331266403198, -6.761480808258057, -1.0], 12: [2.499999523162842, -4.330126762390137, 1.0], 13: [2.499999523162842, -4.330126762390137, -1.0], 14: [3.499999523162842, -6.062177658081055, 1.0], 15: [3.499999523162842, -6.062177658081055, -1.0], 16: [3.5355331897735596, -3.535533905029297, 1.0], 17: [3.5355331897735596, -3.535533905029297, -1.0], 18: [4.949746608734131, -4.949747085571289, 1.0], 19: [4.949746608734131, -4.949747085571289, -1.0], 20: [4.33012580871582, -2.500000238418579, 1.0], 21: [4.33012580871582, -2.500000238418579, -1.0], 22: [6.062176704406738, -3.499999761581421, 1.0], 23: [6.062176704406738, -3.499999761581421, -1.0], 24: [4.829627990722656, -1.2940958738327026, 1.0], 25: [4.829627990722656, -1.2940958738327026, -1.0], 26: [6.761479377746582, -1.811733603477478, 1.0], 27: [6.761479377746582, -1.811733603477478, -1.0], 28: [4.999999046325684, -1.0728836059570312e-06, 1.0], 29: [4.999999046325684, -1.0728836059570312e-06, -1.0], 30: [6.999998569488525, -8.344650268554688e-07, 1.0], 31: [6.999998569488525, -8.344650268554688e-07, -1.0], 32: [5.399998664855957, 0.3999990224838257, 0.30000001192092896], 33: [5.399998664855957, 0.3999990224838257, -0.30000001192092896], 34: [5.999998569488525, 0.39999908208847046, 0.30000001192092896], 35: [5.999998569488525, 0.39999908208847046, -0.30000001192092896], 36: [5.399998664855957, 1.8999990224838257, 0.30000001192092896], 37: [5.399998664855957, 1.8999990224838257, -0.30000001192092896], 38: [5.999998569488525, 1.8999991416931152, 0.30000001192092896], 39: [5.999998569488525, 1.8999991416931152, -0.30000001192092896], 40: [5.399998664855957, 2.099998950958252, 0.30000001192092896], 41: [5.399998664855957, 2.099998950958252, -0.30000001192092896], 42: [6.499998569488525, 2.599999189376831, 0.30000001192092896], 43: [6.499998569488525, 2.599999189376831, -0.30000001192092896]}, 'faces': {0: [-0.5, -6.0, 0.8999999761581421], 1: [-0.5, -6.899999618530273, 0.0], 2: [-1.0, -6.0, 0.0], 3: [-0.5, -6.0, -0.8999999761581421], 4: [0.6470475196838379, -4.914814472198486, 0.0], 5: [-0.5, -5.099999904632568, 0.0], 6: [2.6558661460876465, -6.411829471588135, 0.0], 7: [0.7764570713043213, -5.897777080535889, -1.0], 8: [0.7764570713043213, -5.897777557373047, 1.0], 9: [0.9058665633201599, -6.880740165710449, 0.0], 10: [3.621319532394409, -4.719396591186523, 1.0], 11: [2.276456832885742, -5.495853424072266, 1.0], 12: [1.8970472812652588, -4.579877853393555, 0.0], 13: [2.276456832885742, -5.495853424072266, -1.0], 14: [4.719395637512207, -3.6213202476501465, -1.0], 15: [3.017766237258911, -3.932830333709717, 0.0], 16: [3.6213197708129883, -4.719396591186523, -1.0], 17: [4.224873065948486, -5.505962371826172, 0.0], 18: [5.495852470397949, -2.2764573097229004, 1.0], 19: [5.5059614181518555, -4.2248735427856445, 0.0], 20: [4.719395637512207, -3.6213202476501465, 1.0], 21: [3.9328293800354004, -3.0177669525146484, 0.0], 22: [5.8977766036987305, -0.7764577865600586, 1.0], 23: [4.579876899719238, -1.8970481157302856, 0.0], 24: [5.495852470397949, -2.2764573097229004, -1.0], 25: [6.41182804107666, -2.6558666229248047, 0.0], 26: [5.849998950958252, 0.19999904930591583, -0.6499999761581421], 27: [4.91481351852417, -0.6470484733581543, 0.0], 28: [5.897776126861572, -0.7764579057693481, -1.0], 29: [6.880738735198975, -0.9058672189712524, 0.0], 30: [5.69999885559082, 1.1499990224838257, 0.30000001192092896], 31: [6.499998569488525, 0.1999991238117218, 0.0], 32: [5.849998474121094, 0.19999904930591583, 0.6499999761581421], 33: [5.19999885559082, 0.19999897480010986, 0.0], 34: [5.399998664855957, 1.999998927116394, 0.0], 35: [5.399998664855957, 1.1499990224838257, 0.0], 36: [5.699998378753662, 1.1499991416931152, -0.30000001192092896], 37: [5.999998569488525, 1.1499991416931152, 0.0], 38: [5.949998378753662, 2.349999189376831, 0.0], 39: [5.824998378753662, 2.1249990463256836, -0.30000001192092896], 40: [6.249998569488525, 2.2499992847442627, 0.0], 41: [5.82499885559082, 2.1249990463256836, 0.30000001192092896]}, 'editMode': True}, 'Cube', {'tolerance': 10}]
['Extrude Region and Move', {'use_normal_flip': False, 'use_dissolve_ortho_edges': False, 'value': (-0.4, 0, 0), 'orient_axis_ortho': 'X', 'newVertices': [44, 45, 46, 47], 'newFaces': [42, 43, 44, 45], 'vertices': {0: [0.0, -5.0, 1.0], 1: [0.0, -5.0, -1.0], 2: [0.0, -7.0, 1.0], 3: [0.0, -7.0, -1.0], 4: [-1.0, -5.199999809265137, 0.800000011920929], 5: [-1.0, -5.199999809265137, -0.800000011920929], 6: [-1.0, -6.800000190734863, 0.800000011920929], 7: [-1.0, -6.800000190734863, -0.800000011920929], 8: [1.2940950393676758, -4.829628944396973, 1.0], 9: [1.2940950393676758, -4.829628944396973, -1.0], 10: [1.8117331266403198, -6.761480808258057, 1.0], 11: [1.8117331266403198, -6.761480808258057, -1.0], 12: [2.499999523162842, -4.330126762390137, 1.0], 13: [2.499999523162842, -4.330126762390137, -1.0], 14: [3.499999523162842, -6.062177658081055, 1.0], 15: [3.499999523162842, -6.062177658081055, -1.0], 16: [3.5355331897735596, -3.535533905029297, 1.0], 17: [3.5355331897735596, -3.535533905029297, -1.0], 18: [4.949746608734131, -4.949747085571289, 1.0], 19: [4.949746608734131, -4.949747085571289, -1.0], 20: [4.33012580871582, -2.500000238418579, 1.0], 21: [4.33012580871582, -2.500000238418579, -1.0], 22: [6.062176704406738, -3.499999761581421, 1.0], 23: [6.062176704406738, -3.499999761581421, -1.0], 24: [4.829627990722656, -1.2940958738327026, 1.0], 25: [4.829627990722656, -1.2940958738327026, -1.0], 26: [6.761479377746582, -1.811733603477478, 1.0], 27: [6.761479377746582, -1.811733603477478, -1.0], 28: [4.999999046325684, -1.0728836059570312e-06, 1.0], 29: [4.999999046325684, -1.0728836059570312e-06, -1.0], 30: [6.999998569488525, -8.344650268554688e-07, 1.0], 31: [6.999998569488525, -8.344650268554688e-07, -1.0], 32: [5.399998664855957, 0.3999990224838257, 0.30000001192092896], 33: [5.399998664855957, 0.3999990224838257, -0.30000001192092896], 34: [5.999998569488525, 0.39999908208847046, 0.30000001192092896], 35: [5.999998569488525, 0.39999908208847046, -0.30000001192092896], 36: [5.399998664855957, 1.8999990224838257, 0.30000001192092896], 37: [5.399998664855957, 1.8999990224838257, -0.30000001192092896], 38: [5.999998569488525, 1.8999991416931152, 0.30000001192092896], 39: [5.999998569488525, 1.8999991416931152, -0.30000001192092896], 40: [5.399998664855957, 2.099998950958252, 0.30000001192092896], 41: [5.399998664855957, 2.099998950958252, -0.30000001192092896], 42: [6.499998569488525, 2.599999189376831, 0.30000001192092896], 43: [6.499998569488525, 2.599999189376831, -0.30000001192092896], 44: [-1.399999976158142, -5.199999809265137, -0.800000011920929], 45: [-1.399999976158142, -6.800000190734863, -0.800000011920929], 46: [-1.399999976158142, -6.800000190734863, 0.800000011920929], 47: [-1.399999976158142, -5.199999809265137, 0.800000011920929]}, 'faces': {0: [-0.5, -6.0, 0.8999999761581421], 1: [-0.5, -6.899999618530273, 0.0], 2: [-1.2000000476837158, -6.0, -0.800000011920929], 3: [-0.5, -6.0, -0.8999999761581421], 4: [0.6470475196838379, -4.914814472198486, 0.0], 5: [-0.5, -5.099999904632568, 0.0], 6: [2.6558661460876465, -6.411829471588135, 0.0], 7: [0.7764570713043213, -5.897777080535889, -1.0], 8: [0.7764570713043213, -5.897777557373047, 1.0], 9: [0.9058665633201599, -6.880740165710449, 0.0], 10: [3.621319532394409, -4.719396591186523, 1.0], 11: [2.276456832885742, -5.495853424072266, 1.0], 12: [1.8970472812652588, -4.579877853393555, 0.0], 13: [2.276456832885742, -5.495853424072266, -1.0], 14: [4.719395637512207, -3.6213202476501465, -1.0], 15: [3.017766237258911, -3.932830333709717, 0.0], 16: [3.6213197708129883, -4.719396591186523, -1.0], 17: [4.224873065948486, -5.505962371826172, 0.0], 18: [5.495852470397949, -2.2764573097229004, 1.0], 19: [5.5059614181518555, -4.2248735427856445, 0.0], 20: [4.719395637512207, -3.6213202476501465, 1.0], 21: [3.9328293800354004, -3.0177669525146484, 0.0], 22: [5.8977766036987305, -0.7764577865600586, 1.0], 23: [4.579876899719238, -1.8970481157302856, 0.0], 24: [5.495852470397949, -2.2764573097229004, -1.0], 25: [6.41182804107666, -2.6558666229248047, 0.0], 26: [5.849998950958252, 0.19999904930591583, -0.6499999761581421], 27: [4.91481351852417, -0.6470484733581543, 0.0], 28: [5.897776126861572, -0.7764579057693481, -1.0], 29: [6.880738735198975, -0.9058672189712524, 0.0], 30: [5.69999885559082, 1.1499990224838257, 0.30000001192092896], 31: [6.499998569488525, 0.1999991238117218, 0.0], 32: [5.849998474121094, 0.19999904930591583, 0.6499999761581421], 33: [5.19999885559082, 0.19999897480010986, 0.0], 34: [5.399998664855957, 1.999998927116394, 0.0], 35: [5.399998664855957, 1.1499990224838257, 0.0], 36: [5.699998378753662, 1.1499991416931152, -0.30000001192092896], 37: [5.999998569488525, 1.1499991416931152, 0.0], 38: [5.949998378753662, 2.349999189376831, 0.0], 39: [5.824998378753662, 2.1249990463256836, -0.30000001192092896], 40: [6.249998569488525, 2.2499992847442627, 0.0], 41: [5.82499885559082, 2.1249990463256836, 0.30000001192092896], 42: [-1.399999976158142, -6.0, 0.0], 43: [-1.2000000476837158, -6.0, 0.800000011920929], 44: [-1.2000000476837158, -5.199999809265137, 0.0], 45: [-1.2000000476837158, -6.800000190734863, 0.0]}, 'editMode': True}, 'Cube', {'tolerance': 10}]
['Resize', {'value': (0.4, 0.4, 0.4), 'orient_type': 'GLOBAL', 'selectedVertices': [44, 45, 46, 47], 'vertices': {0: [0.0, -5.0, 1.0], 1: [0.0, -5.0, -1.0], 2: [0.0, -7.0, 1.0], 3: [0.0, -7.0, -1.0], 4: [-1.0, -5.199999809265137, 0.800000011920929], 5: [-1.0, -5.199999809265137, -0.800000011920929], 6: [-1.0, -6.800000190734863, 0.800000011920929], 7: [-1.0, -6.800000190734863, -0.800000011920929], 8: [1.2940950393676758, -4.829628944396973, 1.0], 9: [1.2940950393676758, -4.829628944396973, -1.0], 10: [1.8117331266403198, -6.761480808258057, 1.0], 11: [1.8117331266403198, -6.761480808258057, -1.0], 12: [2.499999523162842, -4.330126762390137, 1.0], 13: [2.499999523162842, -4.330126762390137, -1.0], 14: [3.499999523162842, -6.062177658081055, 1.0], 15: [3.499999523162842, -6.062177658081055, -1.0], 16: [3.5355331897735596, -3.535533905029297, 1.0], 17: [3.5355331897735596, -3.535533905029297, -1.0], 18: [4.949746608734131, -4.949747085571289, 1.0], 19: [4.949746608734131, -4.949747085571289, -1.0], 20: [4.33012580871582, -2.500000238418579, 1.0], 21: [4.33012580871582, -2.500000238418579, -1.0], 22: [6.062176704406738, -3.499999761581421, 1.0], 23: [6.062176704406738, -3.499999761581421, -1.0], 24: [4.829627990722656, -1.2940958738327026, 1.0], 25: [4.829627990722656, -1.2940958738327026, -1.0], 26: [6.761479377746582, -1.811733603477478, 1.0], 27: [6.761479377746582, -1.811733603477478, -1.0], 28: [4.999999046325684, -1.0728836059570312e-06, 1.0], 29: [4.999999046325684, -1.0728836059570312e-06, -1.0], 30: [6.999998569488525, -8.344650268554688e-07, 1.0], 31: [6.999998569488525, -8.344650268554688e-07, -1.0], 32: [5.399998664855957, 0.3999990224838257, 0.30000001192092896], 33: [5.399998664855957, 0.3999990224838257, -0.30000001192092896], 34: [5.999998569488525, 0.39999908208847046, 0.30000001192092896], 35: [5.999998569488525, 0.39999908208847046, -0.30000001192092896], 36: [5.399998664855957, 1.8999990224838257, 0.30000001192092896], 37: [5.399998664855957, 1.8999990224838257, -0.30000001192092896], 38: [5.999998569488525, 1.8999991416931152, 0.30000001192092896], 39: [5.999998569488525, 1.8999991416931152, -0.30000001192092896], 40: [5.399998664855957, 2.099998950958252, 0.30000001192092896], 41: [5.399998664855957, 2.099998950958252, -0.30000001192092896], 42: [6.499998569488525, 2.599999189376831, 0.30000001192092896], 43: [6.499998569488525, 2.599999189376831, -0.30000001192092896], 44: [-1.399999976158142, -5.679999828338623, -0.320000022649765], 45: [-1.399999976158142, -6.320000171661377, -0.320000022649765], 46: [-1.399999976158142, -6.320000171661377, 0.320000022649765], 47: [-1.399999976158142, -5.679999828338623, 0.320000022649765]}, 'faces': {0: [-0.5, -6.0, 0.8999999761581421], 1: [-0.5, -6.899999618530273, 0.0], 2: [-1.2000000476837158, -6.0, -0.5600000023841858], 3: [-0.5, -6.0, -0.8999999761581421], 4: [0.6470475196838379, -4.914814472198486, 0.0], 5: [-0.5, -5.099999904632568, 0.0], 6: [2.6558661460876465, -6.411829471588135, 0.0], 7: [0.7764570713043213, -5.897777080535889, -1.0], 8: [0.7764570713043213, -5.897777557373047, 1.0], 9: [0.9058665633201599, -6.880740165710449, 0.0], 10: [3.621319532394409, -4.719396591186523, 1.0], 11: [2.276456832885742, -5.495853424072266, 1.0], 12: [1.8970472812652588, -4.579877853393555, 0.0], 13: [2.276456832885742, -5.495853424072266, -1.0], 14: [4.719395637512207, -3.6213202476501465, -1.0], 15: [3.017766237258911, -3.932830333709717, 0.0], 16: [3.6213197708129883, -4.719396591186523, -1.0], 17: [4.224873065948486, -5.505962371826172, 0.0], 18: [5.495852470397949, -2.2764573097229004, 1.0], 19: [5.5059614181518555, -4.2248735427856445, 0.0], 20: [4.719395637512207, -3.6213202476501465, 1.0], 21: [3.9328293800354004, -3.0177669525146484, 0.0], 22: [5.8977766036987305, -0.7764577865600586, 1.0], 23: [4.579876899719238, -1.8970481157302856, 0.0], 24: [5.495852470397949, -2.2764573097229004, -1.0], 25: [6.41182804107666, -2.6558666229248047, 0.0], 26: [5.849998950958252, 0.19999904930591583, -0.6499999761581421], 27: [4.91481351852417, -0.6470484733581543, 0.0], 28: [5.897776126861572, -0.7764579057693481, -1.0], 29: [6.880738735198975, -0.9058672189712524, 0.0], 30: [5.69999885559082, 1.1499990224838257, 0.30000001192092896], 31: [6.499998569488525, 0.1999991238117218, 0.0], 32: [5.849998474121094, 0.19999904930591583, 0.6499999761581421], 33: [5.19999885559082, 0.19999897480010986, 0.0], 34: [5.399998664855957, 1.999998927116394, 0.0], 35: [5.399998664855957, 1.1499990224838257, 0.0], 36: [5.699998378753662, 1.1499991416931152, -0.30000001192092896], 37: [5.999998569488525, 1.1499991416931152, 0.0], 38: [5.949998378753662, 2.349999189376831, 0.0], 39: [5.824998378753662, 2.1249990463256836, -0.30000001192092896], 40: [6.249998569488525, 2.2499992847442627, 0.0], 41: [5.82499885559082, 2.1249990463256836, 0.30000001192092896], 42: [-1.399999976158142, -6.0, 0.0], 43: [-1.2000000476837158, -6.0, 0.5600000023841858], 44: [-1.2000000476837158, -5.440000057220459, 0.0], 45: [-1.2000000476837158, -6.559999942779541, 0.0]}, 'editMode': True}, 'Cube', {'tolerance': 10}]
[' bpy context space_data', {'context': "'MODIFIER'", 'editMode': True}, 'Cube', {'tolerance': 10}]
['Add Modifier', {'type': 'SUBSURF', 'vertices': {0: [0.0, -5.0, 1.0], 1: [0.0, -5.0, -1.0], 2: [0.0, -7.0, 1.0], 3: [0.0, -7.0, -1.0], 4: [-1.0, -5.199999809265137, 0.800000011920929], 5: [-1.0, -5.199999809265137, -0.800000011920929], 6: [-1.0, -6.800000190734863, 0.800000011920929], 7: [-1.0, -6.800000190734863, -0.800000011920929], 8: [1.2940950393676758, -4.829628944396973, 1.0], 9: [1.2940950393676758, -4.829628944396973, -1.0], 10: [1.8117331266403198, -6.761480808258057, 1.0], 11: [1.8117331266403198, -6.761480808258057, -1.0], 12: [2.499999523162842, -4.330126762390137, 1.0], 13: [2.499999523162842, -4.330126762390137, -1.0], 14: [3.499999523162842, -6.062177658081055, 1.0], 15: [3.499999523162842, -6.062177658081055, -1.0], 16: [3.5355331897735596, -3.535533905029297, 1.0], 17: [3.5355331897735596, -3.535533905029297, -1.0], 18: [4.949746608734131, -4.949747085571289, 1.0], 19: [4.949746608734131, -4.949747085571289, -1.0], 20: [4.33012580871582, -2.500000238418579, 1.0], 21: [4.33012580871582, -2.500000238418579, -1.0], 22: [6.062176704406738, -3.499999761581421, 1.0], 23: [6.062176704406738, -3.499999761581421, -1.0], 24: [4.829627990722656, -1.2940958738327026, 1.0], 25: [4.829627990722656, -1.2940958738327026, -1.0], 26: [6.761479377746582, -1.811733603477478, 1.0], 27: [6.761479377746582, -1.811733603477478, -1.0], 28: [4.999999046325684, -1.0728836059570312e-06, 1.0], 29: [4.999999046325684, -1.0728836059570312e-06, -1.0], 30: [6.999998569488525, -8.344650268554688e-07, 1.0], 31: [6.999998569488525, -8.344650268554688e-07, -1.0], 32: [5.399998664855957, 0.3999990224838257, 0.30000001192092896], 33: [5.399998664855957, 0.3999990224838257, -0.30000001192092896], 34: [5.999998569488525, 0.39999908208847046, 0.30000001192092896], 35: [5.999998569488525, 0.39999908208847046, -0.30000001192092896], 36: [5.399998664855957, 1.8999990224838257, 0.30000001192092896], 37: [5.399998664855957, 1.8999990224838257, -0.30000001192092896], 38: [5.999998569488525, 1.8999991416931152, 0.30000001192092896], 39: [5.999998569488525, 1.8999991416931152, -0.30000001192092896], 40: [5.399998664855957, 2.099998950958252, 0.30000001192092896], 41: [5.399998664855957, 2.099998950958252, -0.30000001192092896], 42: [6.499998569488525, 2.599999189376831, 0.30000001192092896], 43: [6.499998569488525, 2.599999189376831, -0.30000001192092896], 44: [-1.399999976158142, -5.679999828338623, -0.320000022649765], 45: [-1.399999976158142, -6.320000171661377, -0.320000022649765], 46: [-1.399999976158142, -6.320000171661377, 0.320000022649765], 47: [-1.399999976158142, -5.679999828338623, 0.320000022649765]}, 'faces': {0: [-0.5, -6.0, 0.8999999761581421], 1: [-0.5, -6.899999618530273, 0.0], 2: [-1.2000000476837158, -6.0, -0.5600000023841858], 3: [-0.5, -6.0, -0.8999999761581421], 4: [0.6470475196838379, -4.914814472198486, 0.0], 5: [-0.5, -5.099999904632568, 0.0], 6: [2.6558661460876465, -6.411829471588135, 0.0], 7: [0.7764570713043213, -5.897777080535889, -1.0], 8: [0.7764570713043213, -5.897777557373047, 1.0], 9: [0.9058665633201599, -6.880740165710449, 0.0], 10: [3.621319532394409, -4.719396591186523, 1.0], 11: [2.276456832885742, -5.495853424072266, 1.0], 12: [1.8970472812652588, -4.579877853393555, 0.0], 13: [2.276456832885742, -5.495853424072266, -1.0], 14: [4.719395637512207, -3.6213202476501465, -1.0], 15: [3.017766237258911, -3.932830333709717, 0.0], 16: [3.6213197708129883, -4.719396591186523, -1.0], 17: [4.224873065948486, -5.505962371826172, 0.0], 18: [5.495852470397949, -2.2764573097229004, 1.0], 19: [5.5059614181518555, -4.2248735427856445, 0.0], 20: [4.719395637512207, -3.6213202476501465, 1.0], 21: [3.9328293800354004, -3.0177669525146484, 0.0], 22: [5.8977766036987305, -0.7764577865600586, 1.0], 23: [4.579876899719238, -1.8970481157302856, 0.0], 24: [5.495852470397949, -2.2764573097229004, -1.0], 25: [6.41182804107666, -2.6558666229248047, 0.0], 26: [5.849998950958252, 0.19999904930591583, -0.6499999761581421], 27: [4.91481351852417, -0.6470484733581543, 0.0], 28: [5.897776126861572, -0.7764579057693481, -1.0], 29: [6.880738735198975, -0.9058672189712524, 0.0], 30: [5.69999885559082, 1.1499990224838257, 0.30000001192092896], 31: [6.499998569488525, 0.1999991238117218, 0.0], 32: [5.849998474121094, 0.19999904930591583, 0.6499999761581421], 33: [5.19999885559082, 0.19999897480010986, 0.0], 34: [5.399998664855957, 1.999998927116394, 0.0], 35: [5.399998664855957, 1.1499990224838257, 0.0], 36: [5.699998378753662, 1.1499991416931152, -0.30000001192092896], 37: [5.999998569488525, 1.1499991416931152, 0.0], 38: [5.949998378753662, 2.349999189376831, 0.0], 39: [5.824998378753662, 2.1249990463256836, -0.30000001192092896], 40: [6.249998569488525, 2.2499992847442627, 0.0], 41: [5.82499885559082, 2.1249990463256836, 0.30000001192092896], 42: [-1.399999976158142, -6.0, 0.0], 43: [-1.2000000476837158, -6.0, 0.5600000023841858], 44: [-1.2000000476837158, -5.440000057220459, 0.0], 45: [-1.2000000476837158, -6.559999942779541, 0.0]}, 'editMode': True}, 'Cube', {'tolerance': 10}]
[' bpy context object modifiers', {'group': 'Subdivision', 'levels': '2', 'editMode': True}, 'Cube', {'tolerance': 10}]
['Resize', {'value': (1.1, 1.1, 1.1), 'orient_type': 'GLOBAL', 'selectedVertices': [8, 9, 10, 11, 12, 13, 14, 15, 16, 17, 18, 19, 20, 21, 22, 23, 24, 25, 26, 27], 'vertices': {0: [0.0, -5.0, 1.0], 1: [0.0, -5.0, -1.0], 2: [0.0, -7.0, 1.0], 3: [0.0, -7.0, -1.0], 4: [-1.0, -5.199999809265137, 0.800000011920929], 5: [-1.0, -5.199999809265137, -0.800000011920929], 6: [-1.0, -6.800000190734863, 0.800000011920929], 7: [-1.0, -6.800000190734863, -0.800000011920929], 8: [1.027759313583374, -4.916846752166748, 1.100000023841858], 9: [1.027759313583374, -4.916846752166748, -1.100000023841858], 10: [1.597161054611206, -7.04188346862793, 1.100000023841858], 11: [1.597161054611206, -7.04188346862793, -1.100000023841858], 12: [2.3542542457580566, -4.367393970489502, 1.100000023841858], 13: [2.3542542457580566, -4.367393970489502, -1.100000023841858], 14: [3.454254150390625, -6.272650241851807, 1.100000023841858], 15: [3.454254150390625, -6.272650241851807, -1.100000023841858], 16: [3.4933412075042725, -3.4933419227600098, 1.100000023841858], 17: [3.4933412075042725, -3.4933419227600098, -1.100000023841858], 18: [5.048975944519043, -5.048976421356201, 1.100000023841858], 19: [5.048975944519043, -5.048976421356201, -1.100000023841858], 20: [4.3673930168151855, -2.354254961013794, 1.100000023841858], 21: [4.3673930168151855, -2.354254961013794, -1.100000023841858], 22: [6.27264928817749, -3.454254388809204, 1.100000023841858], 23: [6.27264928817749, -3.454254388809204, -1.100000023841858], 24: [4.916845798492432, -1.0277602672576904, 1.100000023841858], 25: [4.916845798492432, -1.0277602672576904, -1.100000023841858], 26: [7.041882514953613, -1.5971617698669434, 1.100000023841858], 27: [7.041882514953613, -1.5971617698669434, -1.100000023841858], 28: [4.999999046325684, -1.0728836059570312e-06, 1.0], 29: [4.999999046325684, -1.0728836059570312e-06, -1.0], 30: [6.999998569488525, -8.344650268554688e-07, 1.0], 31: [6.999998569488525, -8.344650268554688e-07, -1.0], 32: [5.399998664855957, 0.3999990224838257, 0.30000001192092896], 33: [5.399998664855957, 0.3999990224838257, -0.30000001192092896], 34: [5.999998569488525, 0.39999908208847046, 0.30000001192092896], 35: [5.999998569488525, 0.39999908208847046, -0.30000001192092896], 36: [5.399998664855957, 1.8999990224838257, 0.30000001192092896], 37: [5.399998664855957, 1.8999990224838257, -0.30000001192092896], 38: [5.999998569488525, 1.8999991416931152, 0.30000001192092896], 39: [5.999998569488525, 1.8999991416931152, -0.30000001192092896], 40: [5.399998664855957, 2.099998950958252, 0.30000001192092896], 41: [5.399998664855957, 2.099998950958252, -0.30000001192092896], 42: [6.499998569488525, 2.599999189376831, 0.30000001192092896], 43: [6.499998569488525, 2.599999189376831, -0.30000001192092896], 44: [-1.399999976158142, -5.679999828338623, -0.320000022649765], 45: [-1.399999976158142, -6.320000171661377, -0.320000022649765], 46: [-1.399999976158142, -6.320000171661377, 0.320000022649765], 47: [-1.399999976158142, -5.679999828338623, 0.320000022649765]}, 'faces': {0: [-0.5, -6.0, 0.8999999761581421], 1: [-0.5, -6.899999618530273, 0.0], 2: [-1.2000000476837158, -6.0, -0.5600000023841858], 3: [-0.5, -6.0, -0.8999999761581421], 4: [0.513879656791687, -4.958423614501953, 0.0], 5: [-0.5, -5.099999904632568, 0.0], 6: [2.525707721710205, -6.657266616821289, 0.0], 7: [0.656230092048645, -5.989682674407959, -1.0499999523162842], 8: [0.656230092048645, -5.989682674407959, 1.0499999523162842], 9: [0.798580527305603, -7.020941734313965, 0.0], 10: [3.5877065658569336, -4.795590400695801, 1.100000023841858], 11: [2.1083571910858154, -5.649693489074707, 1.100000023841858], 12: [1.6910067796707153, -4.642120361328125, 0.0], 13: [2.1083571910858154, -5.649693489074707, -1.100000023841858], 14: [4.795589923858643, -3.5877068042755127, -1.100000023841858], 15: [2.923797845840454, -3.930367946624756, 0.0], 16: [3.5877063274383545, -4.795590877532959, -1.100000023841858], 17: [4.251615047454834, -5.660813331604004, 0.0], 18: [5.649692535400391, -2.1083579063415527, 1.100000023841858], 19: [5.660812854766846, -4.251615524291992, 0.0], 20: [4.795589923858643, -3.5877068042755127, 1.100000023841858], 21: [3.9303669929504395, -2.9237983226776123, 0.0], 22: [5.989681243896484, -0.6562309265136719, 1.0499999523162842], 23: [4.642119407653809, -1.6910076141357422, 0.0], 24: [5.649692535400391, -2.1083579063415527, -1.100000023841858], 25: [6.657265663146973, -2.5257081985473633, 0.0], 26: [5.849998950958252, 0.19999904930591583, -0.6499999761581421], 27: [4.958422660827637, -0.5138806104660034, 0.0], 28: [5.989681720733643, -0.6562310457229614, -1.0499999523162842], 29: [7.02094030380249, -0.7985813617706299, 0.0], 30: [5.69999885559082, 1.1499990224838257, 0.30000001192092896], 31: [6.499998569488525, 0.1999991238117218, 0.0], 32: [5.849998474121094, 0.19999904930591583, 0.6499999761581421], 33: [5.19999885559082, 0.19999897480010986, 0.0], 34: [5.399998664855957, 1.999998927116394, 0.0], 35: [5.399998664855957, 1.1499990224838257, 0.0], 36: [5.699998378753662, 1.1499991416931152, -0.30000001192092896], 37: [5.999998569488525, 1.1499991416931152, 0.0], 38: [5.949998378753662, 2.349999189376831, 0.0], 39: [5.824998378753662, 2.1249990463256836, -0.30000001192092896], 40: [6.249998569488525, 2.2499992847442627, 0.0], 41: [5.82499885559082, 2.1249990463256836, 0.30000001192092896], 42: [-1.399999976158142, -6.0, 0.0], 43: [-1.2000000476837158, -6.0, 0.5600000023841858], 44: [-1.2000000476837158, -5.440000057220459, 0.0], 45: [-1.2000000476837158, -6.559999942779541, 0.0]}, 'editMode': True}, 'Cube', {'tolerance': 10}]
['Resize', {'value': (1.15, 1.15, 1.15), 'orient_type': 'GLOBAL', 'selectedVertices': [12, 13, 14, 15, 16, 17, 18, 19, 20, 21, 22, 23], 'vertices': {0: [0.0, -5.0, 1.0], 1: [0.0, -5.0, -1.0], 2: [0.0, -7.0, 1.0], 3: [0.0, -7.0, -1.0], 4: [-1.0, -5.199999809265137, 0.800000011920929], 5: [-1.0, -5.199999809265137, -0.800000011920929], 6: [-1.0, -6.800000190734863, 0.800000011920929], 7: [-1.0, -6.800000190734863, -0.800000011920929], 8: [1.027759313583374, -4.916846752166748, 1.100000023841858], 9: [1.027759313583374, -4.916846752166748, -1.100000023841858], 10: [1.597161054611206, -7.04188346862793, 1.100000023841858], 11: [1.597161054611206, -7.04188346862793, -1.100000023841858], 12: [2.082620620727539, -4.397731304168701, 1.2649999856948853], 13: [2.082620620727539, -4.397731304168701, -1.2649999856948853], 14: [3.3476204872131348, -6.588775634765625, 1.2649999856948853], 15: [3.3476204872131348, -6.588775634765625, -1.2649999856948853], 16: [3.392570734024048, -3.392571449279785, 1.2649999856948853], 17: [3.392570734024048, -3.392571449279785, -1.2649999856948853], 18: [5.1815505027771, -5.181550979614258, 1.2649999856948853], 19: [5.1815505027771, -5.181550979614258, -1.2649999856948853], 20: [4.397730350494385, -2.0826213359832764, 1.2649999856948853], 21: [4.397730350494385, -2.0826213359832764, -1.2649999856948853], 22: [6.588774681091309, -3.347620725631714, 1.2649999856948853], 23: [6.588774681091309, -3.347620725631714, -1.2649999856948853], 24: [4.916845798492432, -1.0277602672576904, 1.100000023841858], 25: [4.916845798492432, -1.0277602672576904, -1.100000023841858], 26: [7.041882514953613, -1.5971617698669434, 1.100000023841858], 27: [7.041882514953613, -1.5971617698669434, -1.100000023841858], 28: [4.999999046325684, -1.0728836059570312e-06, 1.0], 29: [4.999999046325684, -1.0728836059570312e-06, -1.0], 30: [6.999998569488525, -8.344650268554688e-07, 1.0], 31: [6.999998569488525, -8.344650268554688e-07, -1.0], 32: [5.399998664855957, 0.3999990224838257, 0.30000001192092896], 33: [5.399998664855957, 0.3999990224838257, -0.30000001192092896], 34: [5.999998569488525, 0.39999908208847046, 0.30000001192092896], 35: [5.999998569488525, 0.39999908208847046, -0.30000001192092896], 36: [5.399998664855957, 1.8999990224838257, 0.30000001192092896], 37: [5.399998664855957, 1.8999990224838257, -0.30000001192092896], 38: [5.999998569488525, 1.8999991416931152, 0.30000001192092896], 39: [5.999998569488525, 1.8999991416931152, -0.30000001192092896], 40: [5.399998664855957, 2.099998950958252, 0.30000001192092896], 41: [5.399998664855957, 2.099998950958252, -0.30000001192092896], 42: [6.499998569488525, 2.599999189376831, 0.30000001192092896], 43: [6.499998569488525, 2.599999189376831, -0.30000001192092896], 44: [-1.399999976158142, -5.679999828338623, -0.320000022649765], 45: [-1.399999976158142, -6.320000171661377, -0.320000022649765], 46: [-1.399999976158142, -6.320000171661377, 0.320000022649765], 47: [-1.399999976158142, -5.679999828338623, 0.320000022649765]}, 'faces': {0: [-0.5, -6.0, 0.8999999761581421], 1: [-0.5, -6.899999618530273, 0.0], 2: [-1.2000000476837158, -6.0, -0.5600000023841858], 3: [-0.5, -6.0, -0.8999999761581421], 4: [0.513879656791687, -4.958423614501953, 0.0], 5: [-0.5, -5.099999904632568, 0.0], 6: [2.472390651702881, -6.815329551696777, 0.0], 7: [0.656230092048645, -5.989682674407959, -1.0499999523162842], 8: [0.656230092048645, -5.989682674407959, 1.0499999523162842], 9: [0.798580527305603, -7.020941734313965, 0.0], 10: [3.5010905265808105, -4.890157699584961, 1.2649999856948853], 11: [2.0137903690338135, -5.73630952835083, 1.1825000047683716], 12: [1.5551899671554565, -4.657289028167725, 0.0], 13: [2.0137903690338135, -5.73630952835083, -1.1825000047683716], 14: [4.8901567459106445, -3.501091241836548, -1.2649999856948853], 15: [2.737595558166504, -3.895151376724243, 0.0], 16: [3.5010905265808105, -4.890157699584961, -1.2649999856948853], 17: [4.264585494995117, -5.885163307189941, 0.0], 18: [5.736308574676514, -2.013791084289551, 1.1825000047683716], 19: [5.885162353515625, -4.264585971832275, 0.0], 20: [4.8901567459106445, -3.501091241836548, 1.2649999856948853], 21: [3.895150661468506, -2.7375965118408203, 0.0], 22: [5.989681243896484, -0.6562309265136719, 1.0499999523162842], 23: [4.657288074493408, -1.5551908016204834, 0.0], 24: [5.7363080978393555, -2.013791084289551, -1.1825000047683716], 25: [6.815328598022461, -2.472391128540039, 0.0], 26: [5.849998950958252, 0.19999904930591583, -0.6499999761581421], 27: [4.958422660827637, -0.5138806104660034, 0.0], 28: [5.989681720733643, -0.6562310457229614, -1.0499999523162842], 29: [7.02094030380249, -0.7985813617706299, 0.0], 30: [5.69999885559082, 1.1499990224838257, 0.30000001192092896], 31: [6.499998569488525, 0.1999991238117218, 0.0], 32: [5.849998474121094, 0.19999904930591583, 0.6499999761581421], 33: [5.19999885559082, 0.19999897480010986, 0.0], 34: [5.399998664855957, 1.999998927116394, 0.0], 35: [5.399998664855957, 1.1499990224838257, 0.0], 36: [5.699998378753662, 1.1499991416931152, -0.30000001192092896], 37: [5.999998569488525, 1.1499991416931152, 0.0], 38: [5.949998378753662, 2.349999189376831, 0.0], 39: [5.824998378753662, 2.1249990463256836, -0.30000001192092896], 40: [6.249998569488525, 2.2499992847442627, 0.0], 41: [5.82499885559082, 2.1249990463256836, 0.30000001192092896], 42: [-1.399999976158142, -6.0, 0.0], 43: [-1.2000000476837158, -6.0, 0.5600000023841858], 44: [-1.2000000476837158, -5.440000057220459, 0.0], 45: [-1.2000000476837158, -6.559999942779541, 0.0]}, 'editMode': True}, 'Cube', {'tolerance': 10}]
['Loop Cut and Slide', {'number_cuts': 1, 'smoothness': 0, 'value': 0, 'single_side': False, 'newVertices': [48, 49, 50, 51, 52, 53, 54, 55, 56, 57, 58, 59, 60, 61, 62, 63, 64, 65, 66, 67, 68, 69, 70, 71], 'newFaces': [46, 47, 48, 49, 50, 51, 52, 53, 54, 55, 56, 57, 58, 59, 60, 61, 62, 63, 64, 65, 66, 67, 68, 69], 'vertices': {0: [0.0, -5.0, 1.0], 1: [0.0, -5.0, -1.0], 2: [0.0, -7.0, 1.0], 3: [0.0, -7.0, -1.0], 4: [-1.0, -5.199999809265137, 0.800000011920929], 5: [-1.0, -5.199999809265137, -0.800000011920929], 6: [-1.0, -6.800000190734863, 0.800000011920929], 7: [-1.0, -6.800000190734863, -0.800000011920929], 8: [1.027759313583374, -4.916846752166748, 1.100000023841858], 9: [1.027759313583374, -4.916846752166748, -1.100000023841858], 10: [1.597161054611206, -7.04188346862793, 1.100000023841858], 11: [1.597161054611206, -7.04188346862793, -1.100000023841858], 12: [2.082620620727539, -4.397731304168701, 1.2649999856948853], 13: [2.082620620727539, -4.397731304168701, -1.2649999856948853], 14: [3.3476204872131348, -6.588775634765625, 1.2649999856948853], 15: [3.3476204872131348, -6.588775634765625, -1.2649999856948853], 16: [3.392570734024048, -3.392571449279785, 1.2649999856948853], 17: [3.392570734024048, -3.392571449279785, -1.2649999856948853], 18: [5.1815505027771, -5.181550979614258, 1.2649999856948853], 19: [5.1815505027771, -5.181550979614258, -1.2649999856948853], 20: [4.397730350494385, -2.0826213359832764, 1.2649999856948853], 21: [4.397730350494385, -2.0826213359832764, -1.2649999856948853], 22: [6.588774681091309, -3.347620725631714, 1.2649999856948853], 23: [6.588774681091309, -3.347620725631714, -1.2649999856948853], 24: [4.916845798492432, -1.0277602672576904, 1.100000023841858], 25: [4.916845798492432, -1.0277602672576904, -1.100000023841858], 26: [7.041882514953613, -1.5971617698669434, 1.100000023841858], 27: [7.041882514953613, -1.5971617698669434, -1.100000023841858], 28: [4.999999046325684, -1.0728836059570312e-06, 1.0], 29: [4.999999046325684, -1.0728836059570312e-06, -1.0], 30: [6.999998569488525, -8.344650268554688e-07, 1.0], 31: [6.999998569488525, -8.344650268554688e-07, -1.0], 32: [5.399998664855957, 0.3999990224838257, 0.30000001192092896], 33: [5.399998664855957, 0.3999990224838257, -0.30000001192092896], 34: [5.999998569488525, 0.39999908208847046, 0.30000001192092896], 35: [5.999998569488525, 0.39999908208847046, -0.30000001192092896], 36: [5.399998664855957, 1.8999990224838257, 0.30000001192092896], 37: [5.399998664855957, 1.8999990224838257, -0.30000001192092896], 38: [5.999998569488525, 1.8999991416931152, 0.30000001192092896], 39: [5.999998569488525, 1.8999991416931152, -0.30000001192092896], 40: [5.399998664855957, 2.099998950958252, 0.30000001192092896], 41: [5.399998664855957, 2.099998950958252, -0.30000001192092896], 42: [6.499998569488525, 2.599999189376831, 0.30000001192092896], 43: [6.499998569488525, 2.599999189376831, -0.30000001192092896], 44: [-1.399999976158142, -5.679999828338623, -0.320000022649765], 45: [-1.399999976158142, -6.320000171661377, -0.320000022649765], 46: [-1.399999976158142, -6.320000171661377, 0.320000022649765], 47: [-1.399999976158142, -5.679999828338623, 0.320000022649765], 48: [-1.0, -6.0, -0.800000011920929], 49: [0.0, -6.0, 1.0], 50: [-1.0, -6.0, 0.800000011920929], 51: [0.0, -6.0, -1.0], 52: [1.31246018409729, -5.979365348815918, 1.100000023841858], 53: [1.31246018409729, -5.979365348815918, -1.100000023841858], 54: [2.715120553970337, -5.493253707885742, 1.2649999856948853], 55: [2.715120553970337, -5.493253707885742, -1.2649999856948853], 56: [4.287060737609863, -4.2870612144470215, 1.2649999856948853], 57: [4.287060737609863, -4.2870612144470215, -1.2649999856948853], 58: [5.493252754211426, -2.715121030807495, 1.2649999856948853], 59: [5.493252754211426, -2.715121030807495, -1.2649999856948853], 60: [5.979364395141602, -1.312461018562317, 1.100000023841858], 61: [5.979364395141602, -1.312461018562317, -1.100000023841858], 62: [5.999999046325684, -9.5367431640625e-07, 1.0], 63: [5.999999046325684, -9.5367431640625e-07, -1.0], 64: [5.69999885559082, 0.39999905228614807, 0.30000001192092896], 65: [5.69999885559082, 0.39999905228614807, -0.30000001192092896], 66: [5.69999885559082, 1.8999991416931152, 0.30000001192092896], 67: [5.69999885559082, 1.8999991416931152, -0.30000001192092896], 68: [5.94999885559082, 2.349998950958252, 0.30000001192092896], 69: [5.94999885559082, 2.349998950958252, -0.30000001192092896], 70: [-1.399999976158142, -6.0, -0.320000022649765], 71: [-1.399999976158142, -6.0, 0.320000022649765]}, 'faces': {0: [-0.5, -6.449999809265137, 0.8999999761581421], 1: [-0.5, -6.899999618530273, 0.0], 2: [-1.2000000476837158, -6.28000020980835, -0.5600000023841858], 3: [-0.5, -6.449999809265137, -0.8999999761581421], 4: [0.513879656791687, -4.958423614501953, 0.0], 5: [-0.5, -5.099999904632568, 0.0], 6: [2.472390651702881, -6.815329551696777, 0.0], 7: [0.585054874420166, -5.474053382873535, -1.0499999523162842], 8: [0.727405309677124, -6.505311965942383, 1.0499999523162842], 9: [0.798580527305603, -7.020941734313965, 0.0], 10: [3.882838010787964, -5.387660503387451, 1.2649999856948853], 11: [2.2430906295776367, -6.275819301605225, 1.1825000047683716], 12: [1.5551899671554565, -4.657289028167725, 0.0], 13: [1.7844901084899902, -5.196799278259277, -1.1825000047683716], 14: [4.392653465270996, -3.1193437576293945, -1.2649999856948853], 15: [2.737595558166504, -3.895151376724243, 0.0], 16: [3.1193430423736572, -4.3926544189453125, -1.2649999856948853], 17: [4.264585494995117, -5.885163307189941, 0.0], 18: [6.275818347930908, -2.243091106414795, 1.1825000047683716], 19: [5.885162353515625, -4.264585971832275, 0.0], 20: [5.387659072875977, -3.882838726043701, 1.2649999856948853], 21: [3.895150661468506, -2.7375965118408203, 0.0], 22: [6.505311012268066, -0.7274061441421509, 1.0499999523162842], 23: [4.657288074493408, -1.5551908016204834, 0.0], 24: [5.196798324584961, -1.7844908237457275, -1.1825000047683716], 25: [6.815328598022461, -2.472391128540039, 0.0], 26: [5.524999141693115, 0.19999900460243225, -0.6499999761581421], 27: [4.958422660827637, -0.5138806104660034, 0.0], 28: [5.4740519523620605, -0.5850558280944824, -1.0499999523162842], 29: [7.02094030380249, -0.7985813617706299, 0.0], 30: [5.849998474121094, 1.1499991416931152, 0.30000001192092896], 31: [6.499998569488525, 0.1999991238117218, 0.0], 32: [6.174998760223389, 0.19999909400939941, 0.6499999761581421], 33: [5.19999885559082, 0.19999897480010986, 0.0], 34: [5.399998664855957, 1.999998927116394, 0.0], 35: [5.399998664855957, 1.1499990224838257, 0.0], 36: [5.549998760223389, 1.1499990224838257, -0.30000001192092896], 37: [5.999998569488525, 1.1499991416931152, 0.0], 38: [6.224998474121094, 2.474999189376831, 0.0], 39: [5.612498760223389, 2.0624990463256836, -0.30000001192092896], 40: [6.249998569488525, 2.2499992847442627, 0.0], 41: [6.037498474121094, 2.1874990463256836, 0.30000001192092896], 42: [-1.399999976158142, -5.840000152587891, 0.0], 43: [-1.2000000476837158, -5.71999979019165, 0.5600000023841858], 44: [-1.2000000476837158, -5.440000057220459, 0.0], 45: [-1.2000000476837158, -6.559999942779541, 0.0], 46: [-1.2000000476837158, -6.279999732971191, 0.5600000023841858], 47: [-1.399999976158142, -6.159999847412109, 0.0], 48: [5.6124982833862305, 2.0624990463256836, 0.30000001192092896], 49: [6.037498474121094, 2.1874990463256836, -0.30000001192092896], 50: [5.674998760223389, 2.224998950958252, 0.0], 51: [5.849998474121094, 1.1499991416931152, -0.30000001192092896], 52: [5.524998664855957, 0.19999900460243225, 0.6499999761581421], 53: [5.5499982833862305, 1.1499990224838257, 0.30000001192092896], 54: [6.505311012268066, -0.7274061441421509, -1.0499999523162842], 55: [6.174998760223389, 0.19999909400939941, -0.6499999761581421], 56: [6.275818824768066, -2.243091106414795, -1.1825000047683716], 57: [5.474052429199219, -0.5850558280944824, 1.0499999523162842], 58: [4.392653465270996, -3.1193437576293945, 1.2649999856948853], 59: [5.196798324584961, -1.7844908237457275, 1.1825000047683716], 60: [3.882838249206543, -5.387660503387451, -1.2649999856948853], 61: [5.387659549713135, -3.882838726043701, -1.2649999856948853], 62: [2.2430906295776367, -6.275819778442383, -1.1825000047683716], 63: [1.7844901084899902, -5.196799278259277, 1.1825000047683716], 64: [3.1193430423736572, -4.3926544189453125, 1.2649999856948853], 65: [0.585054874420166, -5.474053382873535, 1.0499999523162842], 66: [0.727405309677124, -6.505312442779541, -1.0499999523162842], 67: [-0.5, -5.550000190734863, -0.8999999761581421], 68: [-1.2000000476837158, -5.720000267028809, -0.5600000023841858], 69: [-0.5, -5.550000190734863, 0.8999999761581421]}, 'editMode': True}, 'Cube', {'tolerance': 10}]
['Select Mode', {'use_extend': False, 'use_expand': False, 'vertices': {0: [0.0, -5.0, 1.0], 1: [0.0, -5.0, -1.0], 2: [0.0, -7.0, 1.0], 3: [0.0, -7.0, -1.0], 4: [-1.0, -5.199999809265137, 0.800000011920929], 5: [-1.0, -5.199999809265137, -0.800000011920929], 6: [-1.0, -6.800000190734863, 0.800000011920929], 7: [-1.0, -6.800000190734863, -0.800000011920929], 8: [1.027759313583374, -4.916846752166748, 1.100000023841858], 9: [1.027759313583374, -4.916846752166748, -1.100000023841858], 10: [1.597161054611206, -7.04188346862793, 1.100000023841858], 11: [1.597161054611206, -7.04188346862793, -1.100000023841858], 12: [2.082620620727539, -4.397731304168701, 1.2649999856948853], 13: [2.082620620727539, -4.397731304168701, -1.2649999856948853], 14: [3.3476204872131348, -6.588775634765625, 1.2649999856948853], 15: [3.3476204872131348, -6.588775634765625, -1.2649999856948853], 16: [3.392570734024048, -3.392571449279785, 1.2649999856948853], 17: [3.392570734024048, -3.392571449279785, -1.2649999856948853], 18: [5.1815505027771, -5.181550979614258, 1.2649999856948853], 19: [5.1815505027771, -5.181550979614258, -1.2649999856948853], 20: [4.397730350494385, -2.0826213359832764, 1.2649999856948853], 21: [4.397730350494385, -2.0826213359832764, -1.2649999856948853], 22: [6.588774681091309, -3.347620725631714, 1.2649999856948853], 23: [6.588774681091309, -3.347620725631714, -1.2649999856948853], 24: [4.916845798492432, -1.0277602672576904, 1.100000023841858], 25: [4.916845798492432, -1.0277602672576904, -1.100000023841858], 26: [7.041882514953613, -1.5971617698669434, 1.100000023841858], 27: [7.041882514953613, -1.5971617698669434, -1.100000023841858], 28: [4.999999046325684, -1.0728836059570312e-06, 1.0], 29: [4.999999046325684, -1.0728836059570312e-06, -1.0], 30: [6.999998569488525, -8.344650268554688e-07, 1.0], 31: [6.999998569488525, -8.344650268554688e-07, -1.0], 32: [5.399998664855957, 0.3999990224838257, 0.30000001192092896], 33: [5.399998664855957, 0.3999990224838257, -0.30000001192092896], 34: [5.999998569488525, 0.39999908208847046, 0.30000001192092896], 35: [5.999998569488525, 0.39999908208847046, -0.30000001192092896], 36: [5.399998664855957, 1.8999990224838257, 0.30000001192092896], 37: [5.399998664855957, 1.8999990224838257, -0.30000001192092896], 38: [5.999998569488525, 1.8999991416931152, 0.30000001192092896], 39: [5.999998569488525, 1.8999991416931152, -0.30000001192092896], 40: [5.399998664855957, 2.099998950958252, 0.30000001192092896], 41: [5.399998664855957, 2.099998950958252, -0.30000001192092896], 42: [6.499998569488525, 2.599999189376831, 0.30000001192092896], 43: [6.499998569488525, 2.599999189376831, -0.30000001192092896], 44: [-1.399999976158142, -5.679999828338623, -0.320000022649765], 45: [-1.399999976158142, -6.320000171661377, -0.320000022649765], 46: [-1.399999976158142, -6.320000171661377, 0.320000022649765], 47: [-1.399999976158142, -5.679999828338623, 0.320000022649765], 48: [-1.0, -6.0, -0.800000011920929], 49: [0.0, -6.0, 1.0], 50: [-1.0, -6.0, 0.800000011920929], 51: [0.0, -6.0, -1.0], 52: [1.31246018409729, -5.979365348815918, 1.100000023841858], 53: [1.31246018409729, -5.979365348815918, -1.100000023841858], 54: [2.715120553970337, -5.493253707885742, 1.2649999856948853], 55: [2.715120553970337, -5.493253707885742, -1.2649999856948853], 56: [4.287060737609863, -4.2870612144470215, 1.2649999856948853], 57: [4.287060737609863, -4.2870612144470215, -1.2649999856948853], 58: [5.493252754211426, -2.715121030807495, 1.2649999856948853], 59: [5.493252754211426, -2.715121030807495, -1.2649999856948853], 60: [5.979364395141602, -1.312461018562317, 1.100000023841858], 61: [5.979364395141602, -1.312461018562317, -1.100000023841858], 62: [5.999999046325684, -9.5367431640625e-07, 1.0], 63: [5.999999046325684, -9.5367431640625e-07, -1.0], 64: [5.69999885559082, 0.39999905228614807, 0.30000001192092896], 65: [5.69999885559082, 0.39999905228614807, -0.30000001192092896], 66: [5.69999885559082, 1.8999991416931152, 0.30000001192092896], 67: [5.69999885559082, 1.8999991416931152, -0.30000001192092896], 68: [5.94999885559082, 2.349998950958252, 0.30000001192092896], 69: [5.94999885559082, 2.349998950958252, -0.30000001192092896], 70: [-1.399999976158142, -6.0, -0.320000022649765], 71: [-1.399999976158142, -6.0, 0.320000022649765]}, 'faces': {0: [-0.5, -6.449999809265137, 0.8999999761581421], 1: [-0.5, -6.899999618530273, 0.0], 2: [-1.2000000476837158, -6.28000020980835, -0.5600000023841858], 3: [-0.5, -6.449999809265137, -0.8999999761581421], 4: [0.513879656791687, -4.958423614501953, 0.0], 5: [-0.5, -5.099999904632568, 0.0], 6: [2.472390651702881, -6.815329551696777, 0.0], 7: [0.585054874420166, -5.474053382873535, -1.0499999523162842], 8: [0.727405309677124, -6.505311965942383, 1.0499999523162842], 9: [0.798580527305603, -7.020941734313965, 0.0], 10: [3.882838010787964, -5.387660503387451, 1.2649999856948853], 11: [2.2430906295776367, -6.275819301605225, 1.1825000047683716], 12: [1.5551899671554565, -4.657289028167725, 0.0], 13: [1.7844901084899902, -5.196799278259277, -1.1825000047683716], 14: [4.392653465270996, -3.1193437576293945, -1.2649999856948853], 15: [2.737595558166504, -3.895151376724243, 0.0], 16: [3.1193430423736572, -4.3926544189453125, -1.2649999856948853], 17: [4.264585494995117, -5.885163307189941, 0.0], 18: [6.275818347930908, -2.243091106414795, 1.1825000047683716], 19: [5.885162353515625, -4.264585971832275, 0.0], 20: [5.387659072875977, -3.882838726043701, 1.2649999856948853], 21: [3.895150661468506, -2.7375965118408203, 0.0], 22: [6.505311012268066, -0.7274061441421509, 1.0499999523162842], 23: [4.657288074493408, -1.5551908016204834, 0.0], 24: [5.196798324584961, -1.7844908237457275, -1.1825000047683716], 25: [6.815328598022461, -2.472391128540039, 0.0], 26: [5.524999141693115, 0.19999900460243225, -0.6499999761581421], 27: [4.958422660827637, -0.5138806104660034, 0.0], 28: [5.4740519523620605, -0.5850558280944824, -1.0499999523162842], 29: [7.02094030380249, -0.7985813617706299, 0.0], 30: [5.849998474121094, 1.1499991416931152, 0.30000001192092896], 31: [6.499998569488525, 0.1999991238117218, 0.0], 32: [6.174998760223389, 0.19999909400939941, 0.6499999761581421], 33: [5.19999885559082, 0.19999897480010986, 0.0], 34: [5.399998664855957, 1.999998927116394, 0.0], 35: [5.399998664855957, 1.1499990224838257, 0.0], 36: [5.549998760223389, 1.1499990224838257, -0.30000001192092896], 37: [5.999998569488525, 1.1499991416931152, 0.0], 38: [6.224998474121094, 2.474999189376831, 0.0], 39: [5.612498760223389, 2.0624990463256836, -0.30000001192092896], 40: [6.249998569488525, 2.2499992847442627, 0.0], 41: [6.037498474121094, 2.1874990463256836, 0.30000001192092896], 42: [-1.399999976158142, -5.840000152587891, 0.0], 43: [-1.2000000476837158, -5.71999979019165, 0.5600000023841858], 44: [-1.2000000476837158, -5.440000057220459, 0.0], 45: [-1.2000000476837158, -6.559999942779541, 0.0], 46: [-1.2000000476837158, -6.279999732971191, 0.5600000023841858], 47: [-1.399999976158142, -6.159999847412109, 0.0], 48: [5.6124982833862305, 2.0624990463256836, 0.30000001192092896], 49: [6.037498474121094, 2.1874990463256836, -0.30000001192092896], 50: [5.674998760223389, 2.224998950958252, 0.0], 51: [5.849998474121094, 1.1499991416931152, -0.30000001192092896], 52: [5.524998664855957, 0.19999900460243225, 0.6499999761581421], 53: [5.5499982833862305, 1.1499990224838257, 0.30000001192092896], 54: [6.505311012268066, -0.7274061441421509, -1.0499999523162842], 55: [6.174998760223389, 0.19999909400939941, -0.6499999761581421], 56: [6.275818824768066, -2.243091106414795, -1.1825000047683716], 57: [5.474052429199219, -0.5850558280944824, 1.0499999523162842], 58: [4.392653465270996, -3.1193437576293945, 1.2649999856948853], 59: [5.196798324584961, -1.7844908237457275, 1.1825000047683716], 60: [3.882838249206543, -5.387660503387451, -1.2649999856948853], 61: [5.387659549713135, -3.882838726043701, -1.2649999856948853], 62: [2.2430906295776367, -6.275819778442383, -1.1825000047683716], 63: [1.7844901084899902, -5.196799278259277, 1.1825000047683716], 64: [3.1193430423736572, -4.3926544189453125, 1.2649999856948853], 65: [0.585054874420166, -5.474053382873535, 1.0499999523162842], 66: [0.727405309677124, -6.505312442779541, -1.0499999523162842], 67: [-0.5, -5.550000190734863, -0.8999999761581421], 68: [-1.2000000476837158, -5.720000267028809, -0.5600000023841858], 69: [-0.5, -5.550000190734863, 0.8999999761581421]}, 'editMode': True}, 'Cube', {'tolerance': 10}]
['Resize', {'value': (1, 1, 0.8), 'orient_type': 'GLOBAL', 'selectedVertices': [0, 1, 4, 5, 8, 9, 12, 13, 16, 17, 20, 21, 24, 25, 28, 29], 'vertices': {0: [0.0, -5.0, 0.800000011920929], 1: [0.0, -5.0, -0.800000011920929], 2: [0.0, -7.0, 1.0], 3: [0.0, -7.0, -1.0], 4: [-1.0, -5.199999809265137, 0.64000004529953], 5: [-1.0, -5.199999809265137, -0.64000004529953], 6: [-1.0, -6.800000190734863, 0.800000011920929], 7: [-1.0, -6.800000190734863, -0.800000011920929], 8: [1.027759313583374, -4.916846752166748, 0.8800000548362732], 9: [1.027759313583374, -4.916846752166748, -0.8800000548362732], 10: [1.597161054611206, -7.04188346862793, 1.100000023841858], 11: [1.597161054611206, -7.04188346862793, -1.100000023841858], 12: [2.082620620727539, -4.397731304168701, 1.0119999647140503], 13: [2.082620620727539, -4.397731304168701, -1.0119999647140503], 14: [3.3476204872131348, -6.588775634765625, 1.2649999856948853], 15: [3.3476204872131348, -6.588775634765625, -1.2649999856948853], 16: [3.392570734024048, -3.392571449279785, 1.0119999647140503], 17: [3.392570734024048, -3.392571449279785, -1.0119999647140503], 18: [5.1815505027771, -5.181550979614258, 1.2649999856948853], 19: [5.1815505027771, -5.181550979614258, -1.2649999856948853], 20: [4.397730350494385, -2.0826213359832764, 1.0119999647140503], 21: [4.397730350494385, -2.0826213359832764, -1.0119999647140503], 22: [6.588774681091309, -3.347620725631714, 1.2649999856948853], 23: [6.588774681091309, -3.347620725631714, -1.2649999856948853], 24: [4.916845798492432, -1.0277602672576904, 0.8800000548362732], 25: [4.916845798492432, -1.0277602672576904, -0.8800000548362732], 26: [7.041882514953613, -1.5971617698669434, 1.100000023841858], 27: [7.041882514953613, -1.5971617698669434, -1.100000023841858], 28: [4.999999046325684, -1.1920928955078125e-06, 0.800000011920929], 29: [4.999999046325684, -1.1920928955078125e-06, -0.800000011920929], 30: [6.999998569488525, -8.344650268554688e-07, 1.0], 31: [6.999998569488525, -8.344650268554688e-07, -1.0], 32: [5.399998664855957, 0.3999990224838257, 0.30000001192092896], 33: [5.399998664855957, 0.3999990224838257, -0.30000001192092896], 34: [5.999998569488525, 0.39999908208847046, 0.30000001192092896], 35: [5.999998569488525, 0.39999908208847046, -0.30000001192092896], 36: [5.399998664855957, 1.8999990224838257, 0.30000001192092896], 37: [5.399998664855957, 1.8999990224838257, -0.30000001192092896], 38: [5.999998569488525, 1.8999991416931152, 0.30000001192092896], 39: [5.999998569488525, 1.8999991416931152, -0.30000001192092896], 40: [5.399998664855957, 2.099998950958252, 0.30000001192092896], 41: [5.399998664855957, 2.099998950958252, -0.30000001192092896], 42: [6.499998569488525, 2.599999189376831, 0.30000001192092896], 43: [6.499998569488525, 2.599999189376831, -0.30000001192092896], 44: [-1.399999976158142, -5.679999828338623, -0.320000022649765], 45: [-1.399999976158142, -6.320000171661377, -0.320000022649765], 46: [-1.399999976158142, -6.320000171661377, 0.320000022649765], 47: [-1.399999976158142, -5.679999828338623, 0.320000022649765], 48: [-1.0, -6.0, -0.800000011920929], 49: [0.0, -6.0, 1.0], 50: [-1.0, -6.0, 0.800000011920929], 51: [0.0, -6.0, -1.0], 52: [1.31246018409729, -5.979365348815918, 1.100000023841858], 53: [1.31246018409729, -5.979365348815918, -1.100000023841858], 54: [2.715120553970337, -5.493253707885742, 1.2649999856948853], 55: [2.715120553970337, -5.493253707885742, -1.2649999856948853], 56: [4.287060737609863, -4.2870612144470215, 1.2649999856948853], 57: [4.287060737609863, -4.2870612144470215, -1.2649999856948853], 58: [5.493252754211426, -2.715121030807495, 1.2649999856948853], 59: [5.493252754211426, -2.715121030807495, -1.2649999856948853], 60: [5.979364395141602, -1.312461018562317, 1.100000023841858], 61: [5.979364395141602, -1.312461018562317, -1.100000023841858], 62: [5.999999046325684, -9.5367431640625e-07, 1.0], 63: [5.999999046325684, -9.5367431640625e-07, -1.0], 64: [5.69999885559082, 0.39999905228614807, 0.30000001192092896], 65: [5.69999885559082, 0.39999905228614807, -0.30000001192092896], 66: [5.69999885559082, 1.8999991416931152, 0.30000001192092896], 67: [5.69999885559082, 1.8999991416931152, -0.30000001192092896], 68: [5.94999885559082, 2.349998950958252, 0.30000001192092896], 69: [5.94999885559082, 2.349998950958252, -0.30000001192092896], 70: [-1.399999976158142, -6.0, -0.320000022649765], 71: [-1.399999976158142, -6.0, 0.320000022649765]}, 'faces': {0: [-0.5, -6.449999809265137, 0.8999999761581421], 1: [-0.5, -6.899999618530273, 0.0], 2: [-1.2000000476837158, -6.28000020980835, -0.5600000023841858], 3: [-0.5, -6.449999809265137, -0.8999999761581421], 4: [0.513879656791687, -4.958423614501953, 0.0], 5: [-0.5, -5.099999904632568, 0.0], 6: [2.472390651702881, -6.815329551696777, 0.0], 7: [0.585054874420166, -5.474053382873535, -0.9450000524520874], 8: [0.727405309677124, -6.505311965942383, 1.0499999523162842], 9: [0.798580527305603, -7.020941734313965, 0.0], 10: [3.882838010787964, -5.387660503387451, 1.2649999856948853], 11: [2.2430906295776367, -6.275819301605225, 1.1825000047683716], 12: [1.5551899671554565, -4.657289028167725, 0.0], 13: [1.7844901084899902, -5.196799278259277, -1.0642499923706055], 14: [4.392653465270996, -3.1193437576293945, -1.1384999752044678], 15: [2.737595558166504, -3.895151376724243, 0.0], 16: [3.1193430423736572, -4.3926544189453125, -1.1384999752044678], 17: [4.264585494995117, -5.885163307189941, 0.0], 18: [6.275818347930908, -2.243091106414795, 1.1825000047683716], 19: [5.885162353515625, -4.264585971832275, 0.0], 20: [5.387659072875977, -3.882838726043701, 1.2649999856948853], 21: [3.895150661468506, -2.7375965118408203, 0.0], 22: [6.505311012268066, -0.7274061441421509, 1.0499999523162842], 23: [4.657288074493408, -1.5551908016204834, 0.0], 24: [5.196798324584961, -1.7844908237457275, -1.0642499923706055], 25: [6.815328598022461, -2.472391128540039, 0.0], 26: [5.524999141693115, 0.19999897480010986, -0.5999999642372131], 27: [4.958422660827637, -0.513880729675293, 0.0], 28: [5.4740519523620605, -0.5850558876991272, -0.9449999928474426], 29: [7.02094030380249, -0.7985813617706299, 0.0], 30: [5.849998474121094, 1.1499991416931152, 0.30000001192092896], 31: [6.499998569488525, 0.1999991238117218, 0.0], 32: [6.174998760223389, 0.19999909400939941, 0.6499999761581421], 33: [5.19999885559082, 0.1999989151954651, 0.0], 34: [5.399998664855957, 1.999998927116394, 0.0], 35: [5.399998664855957, 1.1499990224838257, 0.0], 36: [5.549998760223389, 1.1499990224838257, -0.30000001192092896], 37: [5.999998569488525, 1.1499991416931152, 0.0], 38: [6.224998474121094, 2.474999189376831, 0.0], 39: [5.612498760223389, 2.0624990463256836, -0.30000001192092896], 40: [6.249998569488525, 2.2499992847442627, 0.0], 41: [6.037498474121094, 2.1874990463256836, 0.30000001192092896], 42: [-1.399999976158142, -5.840000152587891, 0.0], 43: [-1.2000000476837158, -5.71999979019165, 0.5200000405311584], 44: [-1.2000000476837158, -5.440000057220459, 0.0], 45: [-1.2000000476837158, -6.559999942779541, 0.0], 46: [-1.2000000476837158, -6.279999732971191, 0.5600000023841858], 47: [-1.399999976158142, -6.159999847412109, 0.0], 48: [5.6124982833862305, 2.0624990463256836, 0.30000001192092896], 49: [6.037498474121094, 2.1874990463256836, -0.30000001192092896], 50: [5.674998760223389, 2.224998950958252, 0.0], 51: [5.849998474121094, 1.1499991416931152, -0.30000001192092896], 52: [5.524998664855957, 0.19999897480010986, 0.5999999642372131], 53: [5.5499982833862305, 1.1499990224838257, 0.30000001192092896], 54: [6.505311012268066, -0.7274061441421509, -1.0499999523162842], 55: [6.174998760223389, 0.19999909400939941, -0.6499999761581421], 56: [6.275818824768066, -2.243091106414795, -1.1825000047683716], 57: [5.474052429199219, -0.5850558876991272, 0.9449999928474426], 58: [4.392653465270996, -3.1193437576293945, 1.1384999752044678], 59: [5.196798324584961, -1.7844908237457275, 1.0642499923706055], 60: [3.882838249206543, -5.387660503387451, -1.2649999856948853], 61: [5.387659549713135, -3.882838726043701, -1.2649999856948853], 62: [2.2430906295776367, -6.275819778442383, -1.1825000047683716], 63: [1.7844901084899902, -5.196799278259277, 1.0642499923706055], 64: [3.1193430423736572, -4.3926544189453125, 1.1384999752044678], 65: [0.585054874420166, -5.474053382873535, 0.9450000524520874], 66: [0.727405309677124, -6.505312442779541, -1.0499999523162842], 67: [-0.5, -5.550000190734863, -0.8100000023841858], 68: [-1.2000000476837158, -5.720000267028809, -0.5200000405311584], 69: [-0.5, -5.550000190734863, 0.8100000023841858]}, 'editMode': True}, 'Cube', {'tolerance': 10}]
['Toggle Edit Mode', {'editMode': False}, 'Cube', {'tolerance': 10}]
['Shade Smooth', {'editMode': False}, 'Cube', {'tolerance': 10}]
['Toggle Edit Mode', {'vertices': {0: [0.0, -5.0, 0.800000011920929], 1: [0.0, -5.0, -0.800000011920929], 2: [0.0, -7.0, 1.0], 3: [0.0, -7.0, -1.0], 4: [-1.0, -5.199999809265137, 0.64000004529953], 5: [-1.0, -5.199999809265137, -0.64000004529953], 6: [-1.0, -6.800000190734863, 0.800000011920929], 7: [-1.0, -6.800000190734863, -0.800000011920929], 8: [1.027759313583374, -4.916846752166748, 0.8800000548362732], 9: [1.027759313583374, -4.916846752166748, -0.8800000548362732], 10: [1.597161054611206, -7.04188346862793, 1.100000023841858], 11: [1.597161054611206, -7.04188346862793, -1.100000023841858], 12: [2.082620620727539, -4.397731304168701, 1.0119999647140503], 13: [2.082620620727539, -4.397731304168701, -1.0119999647140503], 14: [3.3476204872131348, -6.588775634765625, 1.2649999856948853], 15: [3.3476204872131348, -6.588775634765625, -1.2649999856948853], 16: [3.392570734024048, -3.392571449279785, 1.0119999647140503], 17: [3.392570734024048, -3.392571449279785, -1.0119999647140503], 18: [5.1815505027771, -5.181550979614258, 1.2649999856948853], 19: [5.1815505027771, -5.181550979614258, -1.2649999856948853], 20: [4.397730350494385, -2.0826213359832764, 1.0119999647140503], 21: [4.397730350494385, -2.0826213359832764, -1.0119999647140503], 22: [6.588774681091309, -3.347620725631714, 1.2649999856948853], 23: [6.588774681091309, -3.347620725631714, -1.2649999856948853], 24: [4.916845798492432, -1.0277602672576904, 0.8800000548362732], 25: [4.916845798492432, -1.0277602672576904, -0.8800000548362732], 26: [7.041882514953613, -1.5971617698669434, 1.100000023841858], 27: [7.041882514953613, -1.5971617698669434, -1.100000023841858], 28: [4.999999046325684, -1.1920928955078125e-06, 0.800000011920929], 29: [4.999999046325684, -1.1920928955078125e-06, -0.800000011920929], 30: [6.999998569488525, -8.344650268554688e-07, 1.0], 31: [6.999998569488525, -8.344650268554688e-07, -1.0], 32: [5.399998664855957, 0.3999990224838257, 0.30000001192092896], 33: [5.399998664855957, 0.3999990224838257, -0.30000001192092896], 34: [5.999998569488525, 0.39999908208847046, 0.30000001192092896], 35: [5.999998569488525, 0.39999908208847046, -0.30000001192092896], 36: [5.399998664855957, 1.8999990224838257, 0.30000001192092896], 37: [5.399998664855957, 1.8999990224838257, -0.30000001192092896], 38: [5.999998569488525, 1.8999991416931152, 0.30000001192092896], 39: [5.999998569488525, 1.8999991416931152, -0.30000001192092896], 40: [5.399998664855957, 2.099998950958252, 0.30000001192092896], 41: [5.399998664855957, 2.099998950958252, -0.30000001192092896], 42: [6.499998569488525, 2.599999189376831, 0.30000001192092896], 43: [6.499998569488525, 2.599999189376831, -0.30000001192092896], 44: [-1.399999976158142, -5.679999828338623, -0.320000022649765], 45: [-1.399999976158142, -6.320000171661377, -0.320000022649765], 46: [-1.399999976158142, -6.320000171661377, 0.320000022649765], 47: [-1.399999976158142, -5.679999828338623, 0.320000022649765], 48: [-1.0, -6.0, -0.800000011920929], 49: [0.0, -6.0, 1.0], 50: [-1.0, -6.0, 0.800000011920929], 51: [0.0, -6.0, -1.0], 52: [1.31246018409729, -5.979365348815918, 1.100000023841858], 53: [1.31246018409729, -5.979365348815918, -1.100000023841858], 54: [2.715120553970337, -5.493253707885742, 1.2649999856948853], 55: [2.715120553970337, -5.493253707885742, -1.2649999856948853], 56: [4.287060737609863, -4.2870612144470215, 1.2649999856948853], 57: [4.287060737609863, -4.2870612144470215, -1.2649999856948853], 58: [5.493252754211426, -2.715121030807495, 1.2649999856948853], 59: [5.493252754211426, -2.715121030807495, -1.2649999856948853], 60: [5.979364395141602, -1.312461018562317, 1.100000023841858], 61: [5.979364395141602, -1.312461018562317, -1.100000023841858], 62: [5.999999046325684, -9.5367431640625e-07, 1.0], 63: [5.999999046325684, -9.5367431640625e-07, -1.0], 64: [5.69999885559082, 0.39999905228614807, 0.30000001192092896], 65: [5.69999885559082, 0.39999905228614807, -0.30000001192092896], 66: [5.69999885559082, 1.8999991416931152, 0.30000001192092896], 67: [5.69999885559082, 1.8999991416931152, -0.30000001192092896], 68: [5.94999885559082, 2.349998950958252, 0.30000001192092896], 69: [5.94999885559082, 2.349998950958252, -0.30000001192092896], 70: [-1.399999976158142, -6.0, -0.320000022649765], 71: [-1.399999976158142, -6.0, 0.320000022649765]}, 'faces': {0: [-0.5, -6.449999809265137, 0.8999999761581421], 1: [-0.5, -6.899999618530273, 0.0], 2: [-1.2000000476837158, -6.28000020980835, -0.5600000023841858], 3: [-0.5, -6.449999809265137, -0.8999999761581421], 4: [0.513879656791687, -4.958423614501953, 0.0], 5: [-0.5, -5.099999904632568, 0.0], 6: [2.472390651702881, -6.815329551696777, 0.0], 7: [0.585054874420166, -5.474053382873535, -0.9450000524520874], 8: [0.727405309677124, -6.505311965942383, 1.0499999523162842], 9: [0.798580527305603, -7.020941734313965, 0.0], 10: [3.882838010787964, -5.387660503387451, 1.2649999856948853], 11: [2.2430906295776367, -6.275819301605225, 1.1825000047683716], 12: [1.5551899671554565, -4.657289028167725, 0.0], 13: [1.7844901084899902, -5.196799278259277, -1.0642499923706055], 14: [4.392653465270996, -3.1193437576293945, -1.1384999752044678], 15: [2.737595558166504, -3.895151376724243, 0.0], 16: [3.1193430423736572, -4.3926544189453125, -1.1384999752044678], 17: [4.264585494995117, -5.885163307189941, 0.0], 18: [6.275818347930908, -2.243091106414795, 1.1825000047683716], 19: [5.885162353515625, -4.264585971832275, 0.0], 20: [5.387659072875977, -3.882838726043701, 1.2649999856948853], 21: [3.895150661468506, -2.7375965118408203, 0.0], 22: [6.505311012268066, -0.7274061441421509, 1.0499999523162842], 23: [4.657288074493408, -1.5551908016204834, 0.0], 24: [5.196798324584961, -1.7844908237457275, -1.0642499923706055], 25: [6.815328598022461, -2.472391128540039, 0.0], 26: [5.524999141693115, 0.19999897480010986, -0.5999999642372131], 27: [4.958422660827637, -0.513880729675293, 0.0], 28: [5.4740519523620605, -0.5850558876991272, -0.9449999928474426], 29: [7.02094030380249, -0.7985813617706299, 0.0], 30: [5.849998474121094, 1.1499991416931152, 0.30000001192092896], 31: [6.499998569488525, 0.1999991238117218, 0.0], 32: [6.174998760223389, 0.19999909400939941, 0.6499999761581421], 33: [5.19999885559082, 0.1999989151954651, 0.0], 34: [5.399998664855957, 1.999998927116394, 0.0], 35: [5.399998664855957, 1.1499990224838257, 0.0], 36: [5.549998760223389, 1.1499990224838257, -0.30000001192092896], 37: [5.999998569488525, 1.1499991416931152, 0.0], 38: [6.224998474121094, 2.474999189376831, 0.0], 39: [5.612498760223389, 2.0624990463256836, -0.30000001192092896], 40: [6.249998569488525, 2.2499992847442627, 0.0], 41: [6.037498474121094, 2.1874990463256836, 0.30000001192092896], 42: [-1.399999976158142, -5.840000152587891, 0.0], 43: [-1.2000000476837158, -5.71999979019165, 0.5200000405311584], 44: [-1.2000000476837158, -5.440000057220459, 0.0], 45: [-1.2000000476837158, -6.559999942779541, 0.0], 46: [-1.2000000476837158, -6.279999732971191, 0.5600000023841858], 47: [-1.399999976158142, -6.159999847412109, 0.0], 48: [5.6124982833862305, 2.0624990463256836, 0.30000001192092896], 49: [6.037498474121094, 2.1874990463256836, -0.30000001192092896], 50: [5.674998760223389, 2.224998950958252, 0.0], 51: [5.849998474121094, 1.1499991416931152, -0.30000001192092896], 52: [5.524998664855957, 0.19999897480010986, 0.5999999642372131], 53: [5.5499982833862305, 1.1499990224838257, 0.30000001192092896], 54: [6.505311012268066, -0.7274061441421509, -1.0499999523162842], 55: [6.174998760223389, 0.19999909400939941, -0.6499999761581421], 56: [6.275818824768066, -2.243091106414795, -1.1825000047683716], 57: [5.474052429199219, -0.5850558876991272, 0.9449999928474426], 58: [4.392653465270996, -3.1193437576293945, 1.1384999752044678], 59: [5.196798324584961, -1.7844908237457275, 1.0642499923706055], 60: [3.882838249206543, -5.387660503387451, -1.2649999856948853], 61: [5.387659549713135, -3.882838726043701, -1.2649999856948853], 62: [2.2430906295776367, -6.275819778442383, -1.1825000047683716], 63: [1.7844901084899902, -5.196799278259277, 1.0642499923706055], 64: [3.1193430423736572, -4.3926544189453125, 1.1384999752044678], 65: [0.585054874420166, -5.474053382873535, 0.9450000524520874], 66: [0.727405309677124, -6.505312442779541, -1.0499999523162842], 67: [-0.5, -5.550000190734863, -0.8100000023841858], 68: [-1.2000000476837158, -5.720000267028809, -0.5200000405311584], 69: [-0.5, -5.550000190734863, 0.8100000023841858]}, 'editMode': True}, 'Cube', {'tolerance': 10}]
['Select Mode', {'use_extend': False, 'use_expand': False, 'vertices': {0: [0.0, -5.0, 0.800000011920929], 1: [0.0, -5.0, -0.800000011920929], 2: [0.0, -7.0, 1.0], 3: [0.0, -7.0, -1.0], 4: [-1.0, -5.199999809265137, 0.64000004529953], 5: [-1.0, -5.199999809265137, -0.64000004529953], 6: [-1.0, -6.800000190734863, 0.800000011920929], 7: [-1.0, -6.800000190734863, -0.800000011920929], 8: [1.027759313583374, -4.916846752166748, 0.8800000548362732], 9: [1.027759313583374, -4.916846752166748, -0.8800000548362732], 10: [1.597161054611206, -7.04188346862793, 1.100000023841858], 11: [1.597161054611206, -7.04188346862793, -1.100000023841858], 12: [2.082620620727539, -4.397731304168701, 1.0119999647140503], 13: [2.082620620727539, -4.397731304168701, -1.0119999647140503], 14: [3.3476204872131348, -6.588775634765625, 1.2649999856948853], 15: [3.3476204872131348, -6.588775634765625, -1.2649999856948853], 16: [3.392570734024048, -3.392571449279785, 1.0119999647140503], 17: [3.392570734024048, -3.392571449279785, -1.0119999647140503], 18: [5.1815505027771, -5.181550979614258, 1.2649999856948853], 19: [5.1815505027771, -5.181550979614258, -1.2649999856948853], 20: [4.397730350494385, -2.0826213359832764, 1.0119999647140503], 21: [4.397730350494385, -2.0826213359832764, -1.0119999647140503], 22: [6.588774681091309, -3.347620725631714, 1.2649999856948853], 23: [6.588774681091309, -3.347620725631714, -1.2649999856948853], 24: [4.916845798492432, -1.0277602672576904, 0.8800000548362732], 25: [4.916845798492432, -1.0277602672576904, -0.8800000548362732], 26: [7.041882514953613, -1.5971617698669434, 1.100000023841858], 27: [7.041882514953613, -1.5971617698669434, -1.100000023841858], 28: [4.999999046325684, -1.1920928955078125e-06, 0.800000011920929], 29: [4.999999046325684, -1.1920928955078125e-06, -0.800000011920929], 30: [6.999998569488525, -8.344650268554688e-07, 1.0], 31: [6.999998569488525, -8.344650268554688e-07, -1.0], 32: [5.399998664855957, 0.3999990224838257, 0.30000001192092896], 33: [5.399998664855957, 0.3999990224838257, -0.30000001192092896], 34: [5.999998569488525, 0.39999908208847046, 0.30000001192092896], 35: [5.999998569488525, 0.39999908208847046, -0.30000001192092896], 36: [5.399998664855957, 1.8999990224838257, 0.30000001192092896], 37: [5.399998664855957, 1.8999990224838257, -0.30000001192092896], 38: [5.999998569488525, 1.8999991416931152, 0.30000001192092896], 39: [5.999998569488525, 1.8999991416931152, -0.30000001192092896], 40: [5.399998664855957, 2.099998950958252, 0.30000001192092896], 41: [5.399998664855957, 2.099998950958252, -0.30000001192092896], 42: [6.499998569488525, 2.599999189376831, 0.30000001192092896], 43: [6.499998569488525, 2.599999189376831, -0.30000001192092896], 44: [-1.399999976158142, -5.679999828338623, -0.320000022649765], 45: [-1.399999976158142, -6.320000171661377, -0.320000022649765], 46: [-1.399999976158142, -6.320000171661377, 0.320000022649765], 47: [-1.399999976158142, -5.679999828338623, 0.320000022649765], 48: [-1.0, -6.0, -0.800000011920929], 49: [0.0, -6.0, 1.0], 50: [-1.0, -6.0, 0.800000011920929], 51: [0.0, -6.0, -1.0], 52: [1.31246018409729, -5.979365348815918, 1.100000023841858], 53: [1.31246018409729, -5.979365348815918, -1.100000023841858], 54: [2.715120553970337, -5.493253707885742, 1.2649999856948853], 55: [2.715120553970337, -5.493253707885742, -1.2649999856948853], 56: [4.287060737609863, -4.2870612144470215, 1.2649999856948853], 57: [4.287060737609863, -4.2870612144470215, -1.2649999856948853], 58: [5.493252754211426, -2.715121030807495, 1.2649999856948853], 59: [5.493252754211426, -2.715121030807495, -1.2649999856948853], 60: [5.979364395141602, -1.312461018562317, 1.100000023841858], 61: [5.979364395141602, -1.312461018562317, -1.100000023841858], 62: [5.999999046325684, -9.5367431640625e-07, 1.0], 63: [5.999999046325684, -9.5367431640625e-07, -1.0], 64: [5.69999885559082, 0.39999905228614807, 0.30000001192092896], 65: [5.69999885559082, 0.39999905228614807, -0.30000001192092896], 66: [5.69999885559082, 1.8999991416931152, 0.30000001192092896], 67: [5.69999885559082, 1.8999991416931152, -0.30000001192092896], 68: [5.94999885559082, 2.349998950958252, 0.30000001192092896], 69: [5.94999885559082, 2.349998950958252, -0.30000001192092896], 70: [-1.399999976158142, -6.0, -0.320000022649765], 71: [-1.399999976158142, -6.0, 0.320000022649765]}, 'faces': {0: [-0.5, -6.449999809265137, 0.8999999761581421], 1: [-0.5, -6.899999618530273, 0.0], 2: [-1.2000000476837158, -6.28000020980835, -0.5600000023841858], 3: [-0.5, -6.449999809265137, -0.8999999761581421], 4: [0.513879656791687, -4.958423614501953, 0.0], 5: [-0.5, -5.099999904632568, 0.0], 6: [2.472390651702881, -6.815329551696777, 0.0], 7: [0.585054874420166, -5.474053382873535, -0.9450000524520874], 8: [0.727405309677124, -6.505311965942383, 1.0499999523162842], 9: [0.798580527305603, -7.020941734313965, 0.0], 10: [3.882838010787964, -5.387660503387451, 1.2649999856948853], 11: [2.2430906295776367, -6.275819301605225, 1.1825000047683716], 12: [1.5551899671554565, -4.657289028167725, 0.0], 13: [1.7844901084899902, -5.196799278259277, -1.0642499923706055], 14: [4.392653465270996, -3.1193437576293945, -1.1384999752044678], 15: [2.737595558166504, -3.895151376724243, 0.0], 16: [3.1193430423736572, -4.3926544189453125, -1.1384999752044678], 17: [4.264585494995117, -5.885163307189941, 0.0], 18: [6.275818347930908, -2.243091106414795, 1.1825000047683716], 19: [5.885162353515625, -4.264585971832275, 0.0], 20: [5.387659072875977, -3.882838726043701, 1.2649999856948853], 21: [3.895150661468506, -2.7375965118408203, 0.0], 22: [6.505311012268066, -0.7274061441421509, 1.0499999523162842], 23: [4.657288074493408, -1.5551908016204834, 0.0], 24: [5.196798324584961, -1.7844908237457275, -1.0642499923706055], 25: [6.815328598022461, -2.472391128540039, 0.0], 26: [5.524999141693115, 0.19999897480010986, -0.5999999642372131], 27: [4.958422660827637, -0.513880729675293, 0.0], 28: [5.4740519523620605, -0.5850558876991272, -0.9449999928474426], 29: [7.02094030380249, -0.7985813617706299, 0.0], 30: [5.849998474121094, 1.1499991416931152, 0.30000001192092896], 31: [6.499998569488525, 0.1999991238117218, 0.0], 32: [6.174998760223389, 0.19999909400939941, 0.6499999761581421], 33: [5.19999885559082, 0.1999989151954651, 0.0], 34: [5.399998664855957, 1.999998927116394, 0.0], 35: [5.399998664855957, 1.1499990224838257, 0.0], 36: [5.549998760223389, 1.1499990224838257, -0.30000001192092896], 37: [5.999998569488525, 1.1499991416931152, 0.0], 38: [6.224998474121094, 2.474999189376831, 0.0], 39: [5.612498760223389, 2.0624990463256836, -0.30000001192092896], 40: [6.249998569488525, 2.2499992847442627, 0.0], 41: [6.037498474121094, 2.1874990463256836, 0.30000001192092896], 42: [-1.399999976158142, -5.840000152587891, 0.0], 43: [-1.2000000476837158, -5.71999979019165, 0.5200000405311584], 44: [-1.2000000476837158, -5.440000057220459, 0.0], 45: [-1.2000000476837158, -6.559999942779541, 0.0], 46: [-1.2000000476837158, -6.279999732971191, 0.5600000023841858], 47: [-1.399999976158142, -6.159999847412109, 0.0], 48: [5.6124982833862305, 2.0624990463256836, 0.30000001192092896], 49: [6.037498474121094, 2.1874990463256836, -0.30000001192092896], 50: [5.674998760223389, 2.224998950958252, 0.0], 51: [5.849998474121094, 1.1499991416931152, -0.30000001192092896], 52: [5.524998664855957, 0.19999897480010986, 0.5999999642372131], 53: [5.5499982833862305, 1.1499990224838257, 0.30000001192092896], 54: [6.505311012268066, -0.7274061441421509, -1.0499999523162842], 55: [6.174998760223389, 0.19999909400939941, -0.6499999761581421], 56: [6.275818824768066, -2.243091106414795, -1.1825000047683716], 57: [5.474052429199219, -0.5850558876991272, 0.9449999928474426], 58: [4.392653465270996, -3.1193437576293945, 1.1384999752044678], 59: [5.196798324584961, -1.7844908237457275, 1.0642499923706055], 60: [3.882838249206543, -5.387660503387451, -1.2649999856948853], 61: [5.387659549713135, -3.882838726043701, -1.2649999856948853], 62: [2.2430906295776367, -6.275819778442383, -1.1825000047683716], 63: [1.7844901084899902, -5.196799278259277, 1.0642499923706055], 64: [3.1193430423736572, -4.3926544189453125, 1.1384999752044678], 65: [0.585054874420166, -5.474053382873535, 0.9450000524520874], 66: [0.727405309677124, -6.505312442779541, -1.0499999523162842], 67: [-0.5, -5.550000190734863, -0.8100000023841858], 68: [-1.2000000476837158, -5.720000267028809, -0.5200000405311584], 69: [-0.5, -5.550000190734863, 0.8100000023841858]}, 'editMode': True}, 'Cube', {'tolerance': 10}]
['Bevel', {'offset': 0.15, 'offset_pct': 0, 'newVertices': [72, 73, 74, 75, 76, 77, 78, 79, 80, 81, 82, 83, 84, 85, 86, 87, 88, 89, 90, 91, 92, 93, 94, 95], 'newFaces': [70, 71, 72, 73, 74, 75, 76, 77, 78, 79, 80, 81, 82, 83, 84, 85, 86, 87, 88, 89, 90, 91], 'vertices': {0: [0.0, -7.0, 1.0], 1: [0.0, -7.0, -1.0], 2: [-1.0, -6.800000190734863, 0.800000011920929], 3: [-1.0, -6.800000190734863, -0.800000011920929], 4: [1.597161054611206, -7.04188346862793, 1.100000023841858], 5: [1.597161054611206, -7.04188346862793, -1.100000023841858], 6: [3.3476204872131348, -6.588775634765625, 1.2649999856948853], 7: [3.3476204872131348, -6.588775634765625, -1.2649999856948853], 8: [5.1815505027771, -5.181550979614258, 1.2649999856948853], 9: [5.1815505027771, -5.181550979614258, -1.2649999856948853], 10: [6.588774681091309, -3.347620725631714, 1.2649999856948853], 11: [6.588774681091309, -3.347620725631714, -1.2649999856948853], 12: [7.041882514953613, -1.5971617698669434, 1.100000023841858], 13: [7.041882514953613, -1.5971617698669434, -1.100000023841858], 14: [6.999998569488525, -8.344650268554688e-07, 1.0], 15: [6.999998569488525, -8.344650268554688e-07, -1.0], 16: [5.999998569488525, 0.39999908208847046, 0.30000001192092896], 17: [5.999998569488525, 0.39999908208847046, -0.30000001192092896], 18: [5.999998569488525, 1.8999991416931152, 0.30000001192092896], 19: [5.999998569488525, 1.8999991416931152, -0.30000001192092896], 20: [6.499998569488525, 2.599999189376831, 0.30000001192092896], 21: [6.499998569488525, 2.599999189376831, -0.30000001192092896], 22: [-1.399999976158142, -6.320000171661377, -0.320000022649765], 23: [-1.399999976158142, -6.320000171661377, 0.320000022649765], 24: [-1.0, -6.0, -0.800000011920929], 25: [0.0, -6.0, 1.0], 26: [-1.0, -6.0, 0.800000011920929], 27: [0.0, -6.0, -1.0], 28: [1.31246018409729, -5.979365348815918, 1.100000023841858], 29: [1.31246018409729, -5.979365348815918, -1.100000023841858], 30: [2.715120553970337, -5.493253707885742, 1.2649999856948853], 31: [2.715120553970337, -5.493253707885742, -1.2649999856948853], 32: [4.287060737609863, -4.2870612144470215, 1.2649999856948853], 33: [4.287060737609863, -4.2870612144470215, -1.2649999856948853], 34: [5.493252754211426, -2.715121030807495, 1.2649999856948853], 35: [5.493252754211426, -2.715121030807495, -1.2649999856948853], 36: [5.979364395141602, -1.312461018562317, 1.100000023841858], 37: [5.979364395141602, -1.312461018562317, -1.100000023841858], 38: [5.999999046325684, -9.5367431640625e-07, 1.0], 39: [5.999999046325684, -9.5367431640625e-07, -1.0], 40: [5.69999885559082, 0.39999905228614807, 0.30000001192092896], 41: [5.69999885559082, 0.39999905228614807, -0.30000001192092896], 42: [5.69999885559082, 1.8999991416931152, 0.30000001192092896], 43: [5.69999885559082, 1.8999991416931152, -0.30000001192092896], 44: [5.94999885559082, 2.349998950958252, 0.30000001192092896], 45: [5.94999885559082, 2.349998950958252, -0.30000001192092896], 46: [-1.399999976158142, -6.0, -0.320000022649765], 47: [-1.399999976158142, -6.0, 0.320000022649765], 48: [0.0, -5.151005744934082, 0.8302011489868164], 49: [0.0, -5.0, 0.6456741094589233], 50: [0.0, -5.0, -0.6456741094589233], 51: [0.0, -5.151005744934082, -0.8302011489868164], 52: [-1.0, -5.199999809265137, 0.4849448800086975], 53: [-1.0, -5.352381706237793, 0.6704764366149902], 54: [-1.0, -5.352381706237793, -0.6704764366149902], 55: [-1.0, -5.199999809265137, -0.4849448800086975], 56: [1.067200779914856, -5.06404447555542, 0.9104781150817871], 57: [1.027759313583374, -4.916846752166748, 0.7261372804641724], 58: [1.027759313583374, -4.916846752166748, -0.7261372804641724], 59: [1.067200779914856, -5.06404447555542, -0.9104781150817871], 60: [2.1575751304626465, -4.527556419372559, 1.0419816970825195], 61: [2.082620620727539, -4.397731304168701, 0.8583492040634155], 62: [2.082620620727539, -4.397731304168701, -0.8583492040634155], 63: [2.1575751304626465, -4.527556419372559, -1.0419816970825195], 64: [3.498044490814209, -3.498044967651367, 1.041832447052002], 65: [3.392570734024048, -3.392571449279785, 0.8583055734634399], 66: [3.392570734024048, -3.392571449279785, -0.8583055734634399], 67: [3.498044490814209, -3.498044967651367, -1.041832447052002], 68: [4.5263214111328125, -2.156863212585449, 1.0416967868804932], 69: [4.397730350494385, -2.0826213359832764, 0.857966423034668], 70: [4.397730350494385, -2.0826213359832764, -0.8579663634300232], 71: [4.5263214111328125, -2.156863212585449, -1.0416967868804932], 72: [5.061163425445557, -1.0664300918579102, 0.9098817706108093], 73: [4.916845798492432, -1.0277602672576904, 0.725335955619812], 74: [4.916845798492432, -1.0277602672576904, -0.725335955619812], 75: [5.061163425445557, -1.0664300918579102, -0.9098817706108093], 76: [5.146306991577148, -1.157210363089689e-06, 0.8292615413665771], 77: [4.999999046325684, -1.1920928955078125e-06, 0.6443930864334106], 78: [4.999999046325684, -1.1920928955078125e-06, -0.6443931460380554], 79: [5.146306991577148, -1.157210363089689e-06, -0.8292615413665771], 80: [5.560535907745361, 0.39999905228614807, 0.30000001192092896], 81: [5.399998664855957, 0.3999990224838257, 0.14414213597774506], 82: [5.399998664855957, 0.3999990224838257, -0.14414215087890625], 83: [5.560535907745361, 0.39999905228614807, -0.30000001192092896], 84: [5.559419631958008, 1.8999991416931152, 0.30000001192092896], 85: [5.399998664855957, 1.8999990224838257, 0.1447625756263733], 86: [5.399998664855957, 1.8999990224838257, -0.1447625756263733], 87: [5.559419631958008, 1.8999991416931152, -0.30000001192092896], 88: [5.399998664855957, 2.099998950958252, 0.14496400952339172], 89: [5.559057235717773, 2.1722981929779053, 0.30000001192092896], 90: [5.559057235717773, 2.1722981929779053, -0.30000001192092896], 91: [5.399998664855957, 2.099998950958252, -0.14496400952339172], 92: [-1.399999976158142, -5.679999828338623, -0.16442665457725525], 93: [-1.399999976158142, -5.854557991027832, -0.320000022649765], 94: [-1.399999976158142, -5.854557991027832, 0.320000022649765], 95: [-1.4000000953674316, -5.679999828338623, 0.16442662477493286]}, 'faces': {0: [-0.5, -6.449999809265137, 0.8999999761581421], 1: [-0.5, -6.899999618530273, 0.0], 2: [-1.2000000476837158, -6.28000020980835, -0.5600000023841858], 3: [-0.5, -6.449999809265137, -0.8999999761581421], 4: [0.5949152708053589, -5.5486040115356445, 0.960169792175293], 5: [-0.5, -5.625846862792969, 0.8251693844795227], 6: [2.472390651702881, -6.815329551696777, 0.0], 7: [-1.2000000476837158, -5.440000057220459, -7.450580596923828e-09], 8: [0.727405309677124, -6.505311965942383, 1.0499999523162842], 9: [0.798580527305603, -7.020941734313965, 0.0], 10: [3.882838010787964, -5.387660503387451, 1.2649999856948853], 11: [2.2430906295776367, -6.275819301605225, 1.1825000047683716], 12: [1.8130892515182495, -5.266055107116699, 1.0793648958206177], 13: [2.737595558166504, -3.895151376724243, 0.0], 14: [4.657288074493408, -1.5551908016204834, 1.4901161193847656e-08], 15: [3.164450168609619, -4.451478958129883, 1.1534534692764282], 16: [3.895150661468506, -2.7375965118408203, 1.4901161193847656e-08], 17: [4.264585494995117, -5.885163307189941, 0.0], 18: [6.275818347930908, -2.243091106414795, 1.1825000047683716], 19: [5.885162353515625, -4.264585971832275, 0.0], 20: [5.387659072875977, -3.882838726043701, 1.2649999856948853], 21: [4.451169967651367, -3.1642725467681885, 1.1533823013305664], 22: [6.505311012268066, -0.7274061441421509, 1.0499999523162842], 23: [5.265025615692139, -1.8127188682556152, 1.0791445970535278], 24: [4.958422660827637, -0.513880729675293, -1.4901161193847656e-08], 25: [6.815328598022461, -2.472391128540039, 0.0], 26: [5.399998664855957, 1.1499990224838257, -3.725290298461914e-09], 27: [5.546708583831787, -0.5947232842445374, 0.9597858190536499], 28: [5.19999885559082, 0.1999989151954651, -1.862645149230957e-08], 29: [7.02094030380249, -0.7985813617706299, 0.0], 30: [5.849998474121094, 1.1499991416931152, 0.30000001192092896], 31: [6.499998569488525, 0.1999991238117218, 0.0], 32: [6.174998760223389, 0.19999909400939941, 0.6499999761581421], 33: [5.601710319519043, 0.19999900460243225, 0.6073153614997864], 34: [5.6921186447143555, 2.080573797225952, 0.30000001192092896], 35: [5.629988193511963, 1.1499991416931152, 0.30000001192092896], 36: [5.399998664855957, 1.999998927116394, 0.0], 37: [5.999998569488525, 1.1499991416931152, 0.0], 38: [6.224998474121094, 2.474999189376831, 0.0], 39: [5.636351585388184, 2.2074317932128906, 0.0], 40: [6.249998569488525, 2.2499992847442627, 0.0], 41: [6.037498474121094, 2.1874990463256836, 0.30000001192092896], 42: [-1.2000000476837158, -5.801734924316406, -0.5276191234588623], 43: [-1.2000000476837158, -5.801734924316406, 0.5276191234588623], 44: [-1.2000000476837158, -6.559999942779541, 0.0], 45: [-1.2000000476837158, -6.279999732971191, 0.5600000023841858], 46: [-1.399999976158142, -6.159999847412109, 0.0], 47: [5.6921186447143555, 2.0805740356445312, -0.30000001192092896], 48: [6.037498474121094, 2.1874990463256836, -0.30000001192092896], 49: [-1.399999976158142, -5.844852447509766, -4.967053879312289e-09], 50: [5.849998474121094, 1.1499991416931152, -0.30000001192092896], 51: [5.601710319519043, 0.19999900460243225, -0.6073153614997864], 52: [5.629988193511963, 1.1499991416931152, -0.30000001192092896], 53: [6.505311012268066, -0.7274061441421509, -1.0499999523162842], 54: [6.174998760223389, 0.19999909400939941, -0.6499999761581421], 55: [6.275818824768066, -2.243091106414795, -1.1825000047683716], 56: [5.546708106994629, -0.5947232842445374, -0.9597858190536499], 57: [4.451169967651367, -3.1642725467681885, -1.1533823013305664], 58: [5.265025615692139, -1.8127188682556152, -1.0791447162628174], 59: [3.882838249206543, -5.387660503387451, -1.2649999856948853], 60: [5.387659549713135, -3.882838726043701, -1.2649999856948853], 61: [2.2430906295776367, -6.275819778442383, -1.1825000047683716], 62: [1.81308913230896, -5.266055107116699, -1.0793648958206177], 63: [3.1644504070281982, -4.451478958129883, -1.1534534692764282], 64: [-0.5, -5.625846862792969, -0.8251693844795227], 65: [0.727405309677124, -6.505312442779541, -1.0499999523162842], 66: [0.5949152708053589, -5.5486040115356445, -0.960169792175293], 67: [1.5551899671554565, -4.657289028167725, 0.0], 68: [0.513879656791687, -4.958423614501953, 0.0], 69: [-0.5, -5.175847053527832, -0.6578241586685181], 70: [-0.5, -5.175847053527832, 0.6578241586685181], 71: [0.5237400531768799, -5.0329742431640625, 0.7781226634979248], 72: [0.5237400531768799, -5.0329742431640625, -0.7781226634979248], 73: [1.5837889909744263, -4.726544380187988, 0.8842365741729736], 74: [1.5837888717651367, -4.7265448570251465, -0.8842365741729736], 75: [2.782702684402466, -3.9539761543273926, 0.9501172304153442], 76: [2.782702684402466, -3.9539759159088135, -0.9501172304153442], 77: [3.9536666870117188, -2.7825253009796143, -0.9499502778053284], 78: [3.9536666870117188, -2.7825253009796143, 0.9499502778053284], 79: [4.725515365600586, -1.5834187269210815, 0.8837202191352844], 80: [4.725514888763428, -1.583418846130371, -0.8837202787399292], 81: [5.031078815460205, -0.5235481858253479, 0.7772181034088135], 82: [5.031078338623047, -0.5235481858253479, -0.7772181630134583], 83: [5.276710033416748, 0.19999893009662628, -0.47944921255111694], 84: [5.276710033416748, 0.19999893009662628, 0.47944921255111694], 85: [5.479988098144531, 1.1499991416931152, 0.22222618758678436], 86: [5.479988098144531, 1.1499991416931152, -0.22222618758678436], 87: [5.479618072509766, 2.018073797225952, 0.22243164479732513], 88: [5.479618072509766, 2.018073797225952, -0.22243165969848633], 89: [-1.2000000476837158, -5.521734237670898, -0.409961998462677], 90: [-1.2000000476837158, -5.521735191345215, 0.409961998462677], 91: [-0.5, -5.099999904632568, 0.0]}, 'editMode': True}, 'Cube', {'tolerance': 10}]
['Toggle Edit Mode', {'editMode': False}, 'Cube', {'tolerance': 10}]
['Rotate', {'value': -0.785398, 'orient_axis': 'Z', 'newrotation': [0.0, -0.0, -0.7853981852531433], 'editMode': False}, 'Cube', {'tolerance': 10}]
['Move', {'value': (0, 6, 0), 'orient_axis_ortho': 'X', 'newlocation': [0.0, 6.0, 0.0], 'editMode': False}, 'Cube', {'tolerance': 10}]
['Set Origin', {'type': 'ORIGIN_CURSOR', 'center': 'MEDIAN', 'newlocation': [0.0, -4.76837158203125e-07, 0.0], 'editMode': False}, 'Cube', {'tolerance': 10}]
